sniffOnset,finalOnset,manOnset,condition,Yonset,inhaleMax,inMaxTim,Yend,endTim,length,amp,exhaleMin,exMinTim,index,task,noseMouth,shadowFile,warp,rateBPM,localPeriodCV,localAmpCV,nSubPeaks,nearSeam,bm_inhaleOnsets,bm_exhaleOnsets,bm_inhaleOffsets,bm_exhaleOffsets,bm_inhalePeaks,bm_exhaleTroughs,bm_peakInspiratoryFlows,bm_troughExpiratoryFlows,bm_inhaleTimeToPeak,bm_exhaleTimeToTrough,bm_inhaleVolumes,bm_exhaleVolumes,bm_inhaleDurations,bm_exhaleDurations,bm_inhalePauseOnsets,bm_exhalePauseOnsets,bm_inhalePauseDurations,bm_exhalePauseDurations,bm_inhaleVolumesRaw,bm_exhaleVolumesRaw,bm_inhale_smoothness,bm_inpeak_to_extrough_smoothness,bm_exhale_smoothness,bm_inhale_curvature,bm_inpeak_to_extrough_curvature,bm_exhale_curvature,bm_inpeak_to_extrough_slope,bm_max_flowchange,goodBreath,maxRR,minRR,RR_max_min,onsetSec,rsa_ms,good,nearSeamWide,clean,final10,period,meanRR,hrBPM,rsaNorm,depthVol,depth
2975,2975,NaN,1,-52.6395113657308,106.160859548579,3513,23.1545372275314,5687,5.424,120.903346617679,-133.660057149699,4113,1,pre,NA,NA,NaN,11.0619469026549,0.124627933915751,0.232964815395668,2,0,2975,3888,3887,5143,3513,4113,1.17726317600673,-1.6426842983358,1.076,0.45,1149.20454273626,1943.48132973703,1.824,2.51,NaN,5144,NaN,1.086,106278.073072052,158573.196437024,-0.0264970392222424,-0.0360522002900839,-0.0036297478180989,3.59379063512924e-05,6.14764288570722e-05,2.24137548041194e-05,-0.00482743611655331,0.0096837776594812,1,0.975676348547719,0.851999999999999,0.123676348547719,5.95,123.676348547719,1,0,0,0,pre,0.911798727115794,65.8039962281942,0.135639966222516,106278.073072052,106278.073072052
5687,5687,NaN,1,23.1545372275314,238.872193664572,6166,49.0131752826312,8354,5.334,202.788337409491,-86.3501635698263,6704,2,pre,NA,NA,NaN,11.2485939257593,0.206108320619836,0.224413045238568,1,0,5687,6539,6538,7468,6166,6704,2.16133702341757,-1.10986792150282,0.958,0.33,2082.15563555428,1025.78296420959,1.702,1.858,NaN,7469,NaN,1.77,188243.580266883,83745.9852186566,-0.0360958369604167,-0.0433519797825059,-0.00333425673416624,3.56969574282322e-05,5.07921826498537e-05,1.66022506336684e-05,-0.00715071787814259,0.00750233208532425,1,0.976000000000001,0.92,0.0560000000000009,11.374,56.0000000000009,1,0,0,0,pre,0.949880703039496,63.1658268327883,0.0589547717106034,188243.580266883,188243.580266883
8354,8354,NaN,1,49.0131752826312,175.117128424662,8868,31.876974524002,10583,4.458,134.672053521345,-51.2135965769658,9191,3,pre,NA,NA,NaN,13.4589502018842,0.207682675128513,0.299943035683734,2,0,8354,9069,9068,9921,8868,9191,1.94201920875778,-0.809389402561853,1.028,0.244,1811.46523961886,642.9953373184,1.428,1.704,NaN,9922,NaN,1.322,147458.684138506,44654.863242318,-0.034142934736026,-0.0619478573038907,-0.00514669973570537,3.76276858565704e-05,8.13378286612183e-05,2.31609251783108e-05,-0.0104449926262442,0.00497142427586472,1,0.957999999999998,0.93,0.0279999999999987,16.708,27.9999999999987,1,0,0,0,pre,0.944505090934512,63.5253325534062,0.0296451551915882,147458.684138506,147458.684138506
10583,10583,NaN,1,31.876974524002,184.110820799417,11060,20.64324244722,12698,4.23,157.850712313806,-105.424776704298,11545,4,pre,NA,NA,NaN,14.1843971631206,0.189332789481763,0.273596302159245,1,0,10583,11298,11297,12145,11060,11545,2.52749681877878,-1.59056850903952,0.954,0.494,2028.78639830548,1564.0175596045,1.428,1.694,NaN,12146,NaN,1.104,146030.704084142,105074.914900408,-0.0428541362786944,-0.0598501770963297,-0.00666998284791231,3.26559204001531e-05,6.25287595825436e-05,2.85194924314859e-05,-0.0105496232000103,0.00791730813131419,1,0.946426778242677,0.904,0.0424267782426774,21.166,42.4267782426774,1,0,1,0,pre,0.915520567232436,65.5364850856125,0.0463416986588636,146030.704084142,146030.704084142
12698,12698,NaN,1,20.64324244722,137.068901076107,13136,-0.459464403040019,16197,6.998,126.977012054017,-100.346364394371,13650,5,pre,NA,NA,NaN,8.57387825092884,0.21737110189704,0.280380565755067,2,0,12698,13468,13467,14635,13136,13650,2.10762227778322,-1.70710315541969,0.876,0.364,2099.55563440898,2111.2758337917,1.538,2.334,NaN,14636,NaN,3.122,152875.26489097,127366.262971581,-0.0388963597285445,-0.0537781730170593,-0.00381367891151127,3.95099781723681e-05,6.44810966047933e-05,2.07407181807563e-05,-0.00884704739870988,0.00881247224633808,1,0.975999999999999,0.876000000000001,0.0999999999999979,25.396,99.9999999999979,1,0,0,0,pre,0.923949772673074,64.9385949048013,0.108230991508,152875.26489097,152875.26489097
16197,16197,NaN,1,-0.459464403040019,77.3529063459471,16534,-3.49567550112648,18324,4.254,79.3304762980303,-116.147503405504,17183,6,pre,NA,NA,NaN,14.1043723554302,0.218943407731553,0.195026806827117,2,0,16197,16996,16995,17891,16534,17183,1.35608484064043,-1.97018803975603,0.674,0.374,1344.23008644219,1917.53485448797,1.596,1.79,NaN,17892,NaN,0.864,91406.2590884902,132257.220673758,-0.0313122786897019,-0.0411391224786361,-0.00481678012283972,4.15098710218215e-05,7.95489254361139e-05,3.11761843967834e-05,-0.00515073396485776,0.00688931457163983,1,0.965672131147542,0.904000000000003,0.0616721311475386,32.394,61.6721311475386,1,0,0,0,pre,0.922840426804981,65.0166575468843,0.0668285971834342,91406.2590884902,91406.2590884902
18324,18324,NaN,1,-3.49567550112648,134.851353145409,18811,-2.52825981352392,21038,5.428,137.863320802734,-100.482825363857,19283,7,pre,NA,NA,NaN,11.0537951363301,0.213814734080312,0.234439514102929,1,0,18324,19091,19090,20466,18811,19283,1.89770142315188,-1.44116478892194,0.974,0.384,1646.2801746583,2132.60480629511,1.532,2.75,NaN,20467,NaN,1.142,102935.286822875,148964.193032912,-0.0289891737021316,-0.0504569422805735,-0.00342694970193839,2.98437996439712e-05,4.80354009710137e-05,1.97763374628074e-05,-0.00852813992044628,0.0064263688566526,1,0.946177589852007,0.875999999999998,0.0701775898520089,36.648,70.1775898520089,1,0,0,0,pre,0.909332870529187,65.9824382737676,0.077174808176866,102935.286822875,102935.286822875
21038,21038,NaN,1,-2.52825981352392,111.880525167166,21398,-0.715132269535181,22986,3.896,113.502221208695,-61.2415509181184,21762,8,pre,NA,NA,NaN,15.4004106776181,0.214913114240416,0.226152836685581,1,0,21038,21603,21602,22667,21398,21762,1.89382745635633,-1.02787782165661,0.72,0.318,1139.88263470016,1228.9515468893,1.128,2.128,NaN,22668,NaN,0.636,69776.2151291744,82989.9144240541,-0.0402541141002918,-0.0575188611184934,-0.00311867106174245,4.28363036469083e-05,6.93478285537595e-05,2.3105048138649e-05,-0.00981623098479304,0.00776893418785185,1,0.969999999999999,0.944000000000003,0.0259999999999962,42.076,25.9999999999962,1,0,0,0,pre,0.955332063592159,62.8053870341094,0.0272156677147768,69776.2151291744,69776.2151291744
22986,22986,NaN,1,-0.715132269535181,138.911906561543,23395,7.61566673950597,25338,4.704,135.461639326557,-97.6397722055317,23936,9,pre,NA,NA,NaN,12.7551020408163,0.183133976642478,0.245359541876947,1,0,22986,23750,23749,24961,23395,23936,2.01154113387908,-1.49085846609525,0.818,0.372,1753.30180681669,1975.98874758861,1.526,2.422,NaN,24962,NaN,0.752,109317.607769291,132593.065549175,-0.0369604496928515,-0.0469176619971599,-0.00406129307703756,4.15876030480126e-05,5.55309086422505e-05,1.9437001853165e-05,-0.00783887231144876,0.0087241846242605,1,0.961247933884295,0.915999999999997,0.0452479338842978,45.972,45.2479338842978,1,0,1,0,pre,0.926380550967805,64.7681991351362,0.0488437865378613,109317.607769291,109317.607769291
25338,25338,NaN,1,7.61566673950597,182.178631677575,25760,4.94807317317279,28071,5.466,175.896761721236,-129.54669163978,26359,10,pre,NA,NA,NaN,10.9769484083425,0.208487027232771,0.176736638395995,1,0,25338,26153,26152,27593,25760,26359,2.75703503423688,-1.99744131781368,0.844,0.412,2493.41756436504,2753.53134235475,1.628,2.88,NaN,27594,NaN,0.954,157473.335616955,173149.891467592,-0.0499751693177519,-0.0562678724751627,-0.00426488372053774,4.98569655977763e-05,5.13304847685823e-05,2.08963289933365e-05,-0.00905067253101977,0.0104337162778507,1,0.939999999999998,0.891999999999996,0.0480000000000018,50.676,48.0000000000018,1,0,0,0,pre,0.912861754319835,65.7273674968511,0.0525818939974829,157473.335616955,157473.335616955
28071,28071,NaN,1,4.94807317317279,129.599374954533,28586,0.266656039767669,30168,4.194,126.992010348063,-74.1168358892243,28951,11,pre,NA,NA,NaN,14.3061516452075,0.209158290553693,0.253471834106757,1,0,28071,28766,28765,29597,28586,28951,1.57641635865457,-1.23914980562552,1.03,0.37,1248.04836288523,1171.07639112139,1.388,1.662,NaN,29598,NaN,1.14,84212.0977939031,76939.1559116382,-0.0242001234031176,-0.0560962600144384,-0.00410269415587502,2.47634259710697e-05,7.17221296668809e-05,2.17123136957936e-05,-0.0095381293641373,0.00431725743555289,1,0.954000000000001,0.923999999999999,0.0300000000000011,56.142,30.0000000000011,1,0,0,0,pre,0.939318760993663,63.876079656419,0.0319380398282107,84212.0977939031,84212.0977939031
30168,30168,NaN,1,0.266656039767669,106.963959971255,30544,8.92798733543775,31776,3.216,102.366638283652,-91.7660921757697,30979,12,pre,NA,NA,NaN,18.6567164179104,0.231080720374331,0.269008624717281,1,0,30168,30776,30775,31515,30544,30979,1.588183873318,-1.35928514568906,0.752,0.406,1080.0715974222,1144.24504842043,1.214,1.478,NaN,31516,NaN,0.52,76514.3619451761,79563.5366026219,-0.0316256035762349,-0.0489401603779857,-0.00363781181761165,3.5471512749375e-05,5.23082868395329e-05,2.27888296423792e-05,-0.00853874244756678,0.00687548511643965,1,0.933999999999997,0.917999999999999,0.0159999999999982,60.336,15.9999999999982,1,0,0,0,pre,0.925394909788816,64.8371839582439,0.0172899157221965,76514.3619451761,76514.3619451761
31776,31776,NaN,1,8.92798733543775,149.853897976636,32352,1.39685434178018,34742,5.932,144.691477138027,-89.0622965281169,32788,13,pre,NA,NA,NaN,10.1146325016858,0.231874191774196,0.351637046618149,1,0,31776,32587,32586,33978,32352,32788,1.70777550331147,-1.16446042391115,1.152,0.402,1546.48368423787,1903.28507341608,1.62,2.782,NaN,33979,NaN,1.526,117274.464070172,143875.727635408,-0.0234715839050263,-0.0463590439066379,-0.00291989921479441,2.93153532240431e-05,4.67596326047258e-05,1.64752871573902e-05,-0.0077783717379693,0.00527928432019942,1,0.934806866952785,0.887999999999991,0.0468068669527943,63.552,46.8068669527943,1,0,0,0,pre,0.908370035424108,66.0523769610989,0.0515284136722329,117274.464070172,117274.464070172
34742,34742,NaN,1,1.39685434178018,84.7310797064705,35120,13.9888447010158,36781,4.078,77.0382301850725,-89.9688887970106,35666,14,pre,NA,NA,NaN,14.7130946542423,0.250559089033488,0.384218050785189,2,0,34742,35485,35484,36780,35120,35666,1.48510311790499,-1.1342495480935,0.756,0.362,1411.04999181923,1717.51955217147,1.484,2.59,NaN,NaN,NaN,NaN,107889.124479009,143347.987824252,-0.029287073564519,-0.0352278081111872,-0.00294453746690086,3.81050904234854e-05,4.82831504720538e-05,1.68011214501309e-05,-0.00581270996360194,0.00735214897433623,1,0.935999999999993,0.881999999999991,0.054000000000002,69.484,54.000000000002,1,0,0,0,pre,0.897459172556594,66.8554089531202,0.0601698680578105,107889.124479009,107889.124479009
36781,36781,NaN,1,13.9888447010158,108.488069550268,37437,5.66972209648733,38449,3.336,98.6587861515165,-157.028786655637,37880,15,pre,NA,NA,NaN,17.9856115107914,0.311939483507026,0.43479525954372,3,0,36781,37651,37650,38211,37437,37880,1.18714783602955,-1.91919023734527,1.312,0.458,1121.57223620915,1257.03971820531,1.738,1.12,NaN,38212,NaN,0.474,95649.8234286937,110556.671884526,-0.0159673195235383,-0.0512501597828879,-0.00681782624491238,2.25833839810632e-05,5.55330488006787e-05,4.62893605825081e-05,-0.00868222258151574,0.00789761755110729,1,0.894000000000005,0.879999999999995,0.01400000000001,73.562,14.00000000001,1,0,0,0,pre,0.886322946456082,67.6954153561149,0.0157955969164381,95649.8234286937,95649.8234286937
38449,38449,NaN,1,5.66972209648733,216.51978086211,38823,6.30740764252088,40875,4.852,210.531215992606,-173.59424291477,39271,16,pre,NA,NA,NaN,12.3660346248969,0.308643151023912,0.402191827469333,2,0,38449,39075,39074,39939,38823,39271,2.79007823546685,-1.97917868176444,0.748,0.392,1958.86284592951,1937.90177082753,1.25,1.728,NaN,39940,NaN,1.87,170224.744111822,175589.091506451,-0.0567247203186143,-0.0763186232833161,-0.00529036997791785,6.18716285240663e-05,8.74700756136563e-05,3.2699168907078e-05,-0.0133242730826027,0.0116094535403763,1,0.885999999999996,0.856000000000009,0.0299999999999869,76.898,29.9999999999869,1,0,0,0,pre,0.871266891170306,68.8652359088345,0.0344326179544023,170224.744111822,170224.744111822
40875,40875,NaN,1,6.30740764252088,214.384330522473,41210,4.78726384795768,42417,3.084,208.836994777233,-148.239791773415,41593,17,pre,NA,NA,NaN,19.4552529182879,0.312220110055919,0.379949266532068,1,0,40875,41393,41392,42060,41210,41593,2.42306737086246,-1.51719485418113,0.67,0.4,1210.44958026212,1223.94367361558,1.034,1.334,NaN,42061,NaN,0.712,132071.133378633,123280.486997412,-0.0562697743592522,-0.0757707711576657,-0.00581694924610438,6.78968760669841e-05,9.55998748337051e-05,4.06266208755525e-05,-0.0122672884994916,0.010867184845311,1,0.868374717832955,0.831999999999994,0.036374717832961,81.75,36.374717832961,1,0,0,0,pre,0.848568890913007,70.7072821576616,0.0428659572870083,132071.133378633,132071.133378633
42417,42417,NaN,1,4.78726384795768,255.281625130232,42917,-1.08698979841503,45685,6.536,253.431488105461,-139.389503265739,43324,18,pre,NA,NA,NaN,9.17992656058751,0.313248559368377,0.308696846274217,1,0,42417,43134,43133,44250,42917,43324,2.18853400237208,-1.52052429966181,1,0.38,1762.69871694713,2091.41297711611,1.432,2.232,NaN,44251,NaN,2.868,177968.29880017,211796.715330886,-0.0324075384275014,-0.0646153231340439,-0.00444468760887453,2.95251549081886e-05,7.06858768250544e-05,2.61421733579996e-05,-0.0111010788891897,0.00687021400410637,1,0.914000000000001,0.807999999999993,0.106000000000009,84.834,106.000000000009,1,0,0,0,pre,0.851977918711396,70.4243603997967,0.124416370039651,177968.29880017,177968.29880017
45685,45685,NaN,1,-1.08698979841503,246.776498502945,46017,-8.10069586387076,47332,3.294,251.370341334088,-144.39969158569,46375,19,pre,NA,NA,NaN,18.2149362477231,0.29382467799691,0.228421088267526,1,0,45685,46191,46190,46806,46017,46375,1.81219192947671,-1.35299750763754,0.664,0.368,909.433716233209,973.035824142073,1.01,1.23,NaN,46807,NaN,1.05,103036.805588184,105779.25516462,-0.0424594103990195,-0.0641553392177906,-0.00568805483276951,5.90808150069223e-05,8.20967278458006e-05,3.58888593032553e-05,-0.0108963357284069,0.00998184037614225,1,0.908000000000001,0.898582781456954,0.009417218543047,91.37,9.417218543047,1,0,0,0,pre,0.904069955949152,66.3665456474638,0.0104164710718212,103036.805588184,103036.805588184
47332,47332,NaN,1,-8.10069586387076,197.24082851886,47800,20.8072615967,48921,3.178,190.887545652445,-257.975163667881,48300,20,pre,NA,NA,NaN,18.8797986154815,0.311180667764846,0.228754399167627,2,0,47332,48071,48070,48760,47800,48300,2.0337958450181,-2.46829324813319,0.936,0.458,1743.6316504603,2002.56374315779,1.476,1.378,NaN,48761,NaN,0.32,186140.5466238,211805.946091114,-0.0340346931260059,-0.0674393816121975,-0.00802272463500594,4.89417394097855e-05,9.11514858482948e-05,4.99500770729546e-05,-0.0117032889896432,0.0109217529904551,1,0.898582781456954,0.867999999999995,0.0305827814569593,94.664,30.5827814569593,1,0,0,0,pre,0.880290747121626,68.159298727367,0.0347416822873111,186140.5466238,186140.5466238
48921,48921,NaN,1,20.8072615967,330.741368034246,49212,5.97193532989002,50915,3.988,317.351769570951,-189.083820752971,49515,21,pre,NA,NA,NaN,15.0451354062187,0.271378645069586,0.342492767116415,2,0,48921,49380,49379,49805,49212,49515,2.79023001262508,-1.73100368271641,0.582,0.27,1349.52251464681,929.71295121491,0.916,0.85,NaN,49806,NaN,2.218,143190.443748842,102082.643739451,-0.0761017903980617,-0.109471281647562,-0.0155402824341939,9.2270937828207e-05,0.00014640289868922,7.71738410609547e-05,-0.0180779487242726,0.0134831384860787,1,0.906000000000006,0.798555555555554,0.107444444444452,97.842,107.444444444452,1,0,0,0,pre,0.877028831169713,68.4128022564283,0.122509592188834,143190.443748842,143190.443748842
50915,50915,NaN,1,5.97193532989002,166.401524468053,51319,11.3122095741159,53080,4.33,157.75945201605,-163.443572673919,51848,22,pre,NA,NA,NaN,13.8568129330254,0.232050757318995,0.366375495124581,3,0,50915,51654,51653,52666,51319,51848,2.19239992321195,-1.78131448331913,0.808,0.388,2054.53455491916,1921.78314358174,1.476,2.024,NaN,52667,NaN,0.826,186638.3079332,182156.737400713,-0.0418035964394661,-0.0551794325558033,-0.0047976012020178,5.42116224089018e-05,7.16515512550538e-05,2.70885104826107e-05,-0.00921685515458316,0.009948266269727,1,0.920000000000002,0.748000000000005,0.171999999999997,101.83,171.999999999997,1,0,0,0,pre,0.814819784643698,73.63591450622,0.211089621584494,186638.3079332,186638.3079332
53080,53080,NaN,1,11.3122095741159,213.500809630202,53549,-3.63800990726757,55916,5.672,209.663709796777,-104.629243793016,54023,23,pre,NA,NA,NaN,10.5782792665726,0.198578299367042,0.403543577545661,1,0,53080,53814,53813,55100,53549,54023,1.90780729564584,-1.23433215556724,0.938,0.418,1553.97999876988,1750.33651846481,1.466,2.572,NaN,55101,NaN,1.63,140478.064423158,156118.008239999,-0.0312461699667413,-0.0465389600985601,-0.00222162256083481,2.79938437094975e-05,4.53409480970205e-05,1.37167005835064e-05,-0.00798342007663675,0.00657172540563056,1,0.945999999999998,0.902000000000001,0.0439999999999969,106.16,43.9999999999969,1,0,1,0,pre,0.923381920850826,64.9785301673598,0.0476509221227272,140478.064423158,140478.064423158
55916,55916,NaN,1,-3.63800990726757,95.9865893347456,56349,4.38008437281572,58427,5.02200000000001,95.6155521019716,-97.1917538126733,57043,24,pre,NA,NA,NaN,11.94743130227,0.131060521003764,0.412093474723044,2,0,55916,56656,56655,57720,56349,57043,1.46388512228913,-1.31001548754516,0.866,0.774,1216.89334067014,1666.32408906119,1.478,2.128,NaN,57721,NaN,1.412,98076.5046107763,124537.257484611,-0.025820199492446,-0.0284015954828059,-0.00296108313133717,2.81320878679403e-05,2.8097565100829e-05,1.4652952828893e-05,-0.00521097843883198,0.00579851982685353,1,0.938219873150105,0.861999999999995,0.0762198731501105,111.832,76.2198731501105,1,0,0,0,pre,0.89026441862914,67.3957071005826,0.0856148707678068,98076.5046107763,98076.5046107763
58427,58427,NaN,1,4.38008437281572,162.822044607525,58970,10.863242551673,61239,5.624,155.200381145281,-94.7021271028145,59840,25,pre,NA,NA,NaN,10.6685633001423,0.093489657863418,0.23692997358774,1,0,58427,59247,59246,60462,58970,59840,2.19204573311468,-1.59032722991772,1.086,1.186,1969.99647761902,2455.87600993813,1.638,2.43,NaN,60463,NaN,1.552,131542.379057249,157831.777321773,-0.0300688728598889,-0.0308775004735369,-0.00383069724356814,2.18527892145737e-05,3.22229876134979e-05,1.96305145242507e-05,-0.00472859666899624,0.00539186029730032,1,0.971763975155287,0.870000000000005,0.101763975155283,116.854,101.763975155283,1,0,1,0,pre,0.9219989248239,65.0759977962663,0.110373203715741,131542.379057249,131542.379057249
61239,61239,NaN,1,10.863242551673,128.539424539401,61724,-2.24418858486439,63933,5.38800000000001,124.229897555997,-84.6030307956156,62165,26,pre,NA,NA,NaN,11.1358574610245,0.0710304830483711,0.261028476360842,1,0,61239,61949,61948,62952,61724,62165,2.068343161434,-1.59823350698894,0.97,0.432,1701.1630822044,1770.27767418679,1.418,2.006,NaN,62953,NaN,1.96,102229.0909586,107934.526596744,-0.032400210346607,-0.0592685654054826,-0.00354477754233564,2.90726069300534e-05,6.42041783314369e-05,2.12838815915698e-05,-0.0103916749405267,0.0069308269267474,1,0.972000000000008,0.882547461368652,0.0894525386313568,122.478,89.4525386313568,1,0,1,0,pre,0.926940958355405,64.7290417573662,0.0965029518061918,102229.0909586,102229.0909586
63933,63933,NaN,1,-2.24418858486439,163.608475056864,64350,1.16875168469911,66667,5.468,164.146193506946,-84.299519234206,64762,27,pre,NA,NA,NaN,10.9729334308705,0.146948451353835,0.191897503815535,1,0,63933,64573,64572,65608,64350,64762,2.2030392333921,-1.43494640886821,0.834,0.378,1514.11396882412,1545.97920885764,1.278,2.07,NaN,65609,NaN,2.116,92554.7447182935,97443.7118515842,-0.0402995246719086,-0.0628397082806456,-0.00289751462720137,4.66576688623456e-05,7.4300674168029e-05,2.07474685289484e-05,-0.0111223879341453,0.00997870375180288,1,0.9210243902439,0.860000000000014,0.0610243902438865,127.866,61.0243902438865,1,0,1,0,pre,0.882053897902302,68.0230540817197,0.069184423297731,92554.7447182935,92554.7447182935
66667,66667,NaN,1,1.16875168469911,144.451768697286,67023,5.40987082527476,69096,4.858,141.162457442299,-98.4370278914241,67507,28,pre,NA,NA,NaN,12.3507616303005,0.15723933982756,0.159300367644822,1,0,66667,67311,67310,68442,67023,67507,2.33327139184189,-1.65082666527405,0.712,0.392,1723.61043739037,1977.28018218725,1.286,2.262,NaN,68443,NaN,1.306,106128.183417482,118021.570106698,-0.0494614496163076,-0.0584612082227222,-0.002994620541171,5.94491861048279e-05,5.82469250488832e-05,1.89011938182008e-05,-0.0100191568400831,0.0107755930715898,1,0.925999999999988,0.901999999999987,0.0240000000000009,133.334,24.0000000000009,1,0,1,0,pre,0.9122492588682,65.7714976654957,0.0263085990661993,106128.183417482,106128.183417482
69096,69096,NaN,1,5.40987082527476,123.493139279133,69711,11.6948058939165,71473,4.75399999999999,114.940800919538,-82.7402766635124,70178,29,pre,NA,NA,NaN,12.620950778292,0.15369497358394,0.159742169898775,1,0,69096,69937,69936,71041,69711,70178,1.63522516116743,-1.55480757994191,1.23,0.482,1547.09742176489,1943.73928028546,1.68,2.208,NaN,71042,NaN,0.862,91656.7713906104,114905.316257437,-0.0213244716806556,-0.048758955969662,-0.00388229112708392,3.46582607194087e-05,5.77999602369206e-05,1.85828549088474e-05,-0.00882954027137413,0.00502446475461382,1,0.919999999999987,0.863999999999976,0.0560000000000116,138.192,56.0000000000116,1,0,1,0,pre,0.891407914488331,67.3092520548688,0.0628219685845572,91656.7713906104,91656.7713906104
71473,71473,NaN,1,11.6948058939165,173.264030630996,71880,8.05416193258985,73207,3.46799999999999,163.389546717743,-155.658923420866,72228,30,pre,NA,NA,NaN,17.3010380622838,0.150064713502836,0.155083441301726,1,0,71473,72043,72042,72595,71880,72228,2.42294431347763,-2.41878754450446,0.814,0.37,1390.57826537107,1507.18298844034,1.138,1.104,NaN,72596,NaN,1.222,90510.6134049254,96723.848398795,-0.0468660012468501,-0.102419711658909,-0.00948703234387107,5.2001236317042e-05,0.000134679370844266,7.08666363079943e-05,-0.0171030537211509,0.00958417584037918,1,0.97999999999999,0.915999999999997,0.063999999999993,142.946,63.999999999993,1,0,1,0,pre,0.951465390829818,63.060622675588,0.0672646641872864,90510.6134049254,90510.6134049254
73207,73207,NaN,1,8.05416193258985,121.994255355446,73777,9.74518047987945,76098,5.78200000000001,113.094584149211,-85.8183972251637,74248,31,pre,NA,NA,NaN,10.3770321687997,0.14698803153348,0.133877626511932,2,0,73207,74051,74050,75541,73777,74248,2.03369579115134,-1.42886162737289,1.14,0.394,1886.70670158291,2314.91342248465,1.686,2.98,NaN,75542,NaN,1.112,109341.535056889,139761.960450358,-0.0277606094022448,-0.0517702975983502,-0.00340604853942917,3.28197624650928e-05,5.21388177450357e-05,1.58599056835899e-05,-0.00851216622670982,0.00603139531105135,1,0.963428571428563,0.895999999999987,0.0674285714285765,146.414,67.4285714285765,1,0,0,0,pre,0.915158099711384,65.5624421823097,0.0736796969286964,109341.535056889,109341.535056889
76098,76098,NaN,1,9.74518047987945,129.048521121116,76465,-1.30530396077239,78468,4.74000000000001,124.828582861563,-76.1848494810879,76931,32,pre,NA,NA,NaN,12.6582278481012,0.25252448829383,0.153906765359731,1,0,76098,76730,76729,77810,76465,76931,2.03390307655949,-1.28233323662472,0.734,0.402,1486.41531208018,1596.50828903214,1.262,2.16,NaN,77811,NaN,1.314,89921.5585702736,99539.3806453376,-0.043775778894145,-0.0502507111290379,-0.00343398218448298,4.83138465316923e-05,5.12777293442076e-05,1.89975562316355e-05,-0.0087680075547831,0.00907049998096165,1,0.914000000000016,0.885999999999996,0.02800000000002,152.196,28.00000000002,1,0,0,0,pre,0.898749900022582,66.7593954652929,0.0311543845504923,89921.5585702736,89921.5585702736
78468,78468,NaN,1,-1.30530396077239,132.772786019841,78807,2.87789595716718,80954,4.97199999999998,131.986490021644,-72.1256305325474,79300,33,pre,NA,NA,NaN,12.0675784392599,0.346847879308443,0.203855735472904,1,0,78468,79094,79093,80247,78807,79300,1.87833312204799,-1.17448506310461,0.678,0.412,1312.93822901612,1651.11458452424,1.25,2.306,NaN,80248,NaN,1.412,88225.5279360324,111952.225375456,-0.0418980841887238,-0.0434826745173933,-0.00293671189846458,4.8459928023055e-05,4.19716174040609e-05,1.68836549850977e-05,-0.00760771960720527,0.00836446375760058,1,0.914000000000016,0.887170731707309,0.0268292682927063,156.936,26.8292682927063,1,0,0,0,pre,0.904283379449616,66.3508822162788,0.0296690936739716,88225.5279360324,88225.5279360324
80954,80954,NaN,1,2.87789595716718,123.558478314254,81423,-2.17976941558319,83157,4.40600000000001,123.209415043462,-95.1037809657679,81856,34,pre,NA,NA,NaN,13.6177939173854,0.405481463550137,0.428072069903234,2,0,80954,81661,81660,82425,81423,81856,1.87486805871891,-1.28844806523995,0.938,0.39,1352.32307375848,1169.47888055705,1.412,1.528,NaN,82426,NaN,1.462,93825.0426497158,88610.9376133202,-0.0303439431226157,-0.0514879319797603,-0.00423955852168922,3.59355981369908e-05,5.86962964588448e-05,3.51195461810373e-05,-0.00853535688854594,0.00849136672063611,1,0.914000000000016,0.858000000000004,0.0560000000000116,161.908,56.0000000000116,1,0,0,0,pre,0.885723499847706,67.7412307681986,0.0632251487169985,93825.0426497158,93825.0426497158
83157,83157,NaN,1,-2.17976941558319,161.457737472158,83516,6.01278003403711,84364,2.41400000000002,159.541232162931,-114.00853299867,83928,35,pre,NA,NA,NaN,24.8550124275061,0.367691037422741,0.408713754753318,1,0,83157,83693,83692,84363,83516,83928,1.85744553196971,-1.55747113508018,0.718,0.47,944.933846051774,1168.51816004588,1.07,1.34,NaN,NaN,NaN,NaN,76255.0935027902,88552.8998691536,-0.0398854616287179,-0.0595396588924413,-0.00597965705608741,5.09915097805516e-05,6.74155131654632e-05,4.0601910706883e-05,-0.00989475002933091,0.00920529360023814,1,0.912713347921235,0.886089485458637,0.0266238624625984,166.314,26.6238624625984,1,0,0,0,pre,0.900232485996076,66.6494499291615,0.0295744298020306,76255.0935027902,76255.0935027902
84364,84364,NaN,1,6.01278003403711,176.712399460176,84619,-44.4496467102239,85391,2.054,195.93083279827,-84.8238493201046,85126,36,pre,NA,NA,NaN,29.2112950340798,0.394313004721547,0.411729782965313,1,0,84364,84822,84821,85390,84619,85126,2.1163848925202,-1.27550637352814,0.51,0.608,1130.80076005495,1128.74860320688,0.914,1.136,NaN,NaN,NaN,NaN,87333.8158135932,88728.6798272957,-0.0604498941751976,-0.0470304299984561,-0.00896049231773518,6.01282029370368e-05,5.21164478758151e-05,4.21279492307625e-05,-0.0076620701539464,0.0120574861388504,1,0.886089485458637,0.874227790432807,0.0118616950258295,168.728,11.8616950258295,1,0,0,0,pre,0.881352897400053,68.0771574893519,0.0134585080060676,87333.8158135932,87333.8158135932
85391,85391,NaN,1,-44.4496467102239,291.350809043295,85561,-0.884865366876091,86476,2.16999999999999,314.018065081845,-202.279276964232,85914,37,pre,NA,NA,NaN,27.6497695852536,0.402074140624541,0.418316121562115,2,0,85391,85748,85747,86178,85561,85914,2.47928406796013,-1.75099397204524,0.34,0.332,1053.28262213153,951.60783052111,0.712,0.86,NaN,86179,NaN,0.594,99656.3031098642,72449.5687541493,-0.134974349832144,-0.0885496882636578,-0.0118563747845399,0.000211765695060946,0.00012984350069739,0.000105757113395119,-0.0150282553930813,0.0242624112214014,1,0.874227790432807,0.838328571428591,0.0358992190042166,170.782,35.8992190042166,1,0,0,0,pre,0.85356061165613,70.2937778297716,0.0420581954157452,99656.3031098642,99656.3031098642
86476,86476,NaN,1,-0.884865366876091,135.651335334901,86880,6.91498294035551,88764,4.57599999999999,132.636276548161,-121.85432928639,87459,38,pre,NA,NA,NaN,13.1118881118881,0.424880814211519,0.398839140609464,4,0,86476,87242,87241,88212,86880,87459,2.39018654609475,-1.7725716401018,0.808,0.434,2028.76330569989,2081.01697359983,1.53,1.94,NaN,88213,NaN,1.102,153519.723789601,164360.409148448,-0.0468468204155883,-0.052400855811847,-0.00580039581865417,5.67208437394316e-05,6.78909963945489e-05,3.16410257972712e-05,-0.00861385548349046,0.0104438321336635,1,0.907999999999987,0.825999999999993,0.0819999999999936,172.952,81.9999999999936,1,0,0,0,pre,0.855941610111897,70.0982395191141,0.0958009273427819,153519.723789601,153519.723789601
88764,88764,NaN,2,6.91498294035551,169.440140385248,89145,12.7335810522661,91505,5.482,159.615858388938,-111.697993392575,90252,39,paced,NA,NA,NaN,10.9449106165633,0.0531170525454961,0.246734694436945,3,0,88764,89613,89612,90831,89145,90252,2.05631674365095,-1.48352630504672,0.762,1.278,1851.93193048332,2352.80155255296,1.696,2.436,NaN,90832,NaN,1.346,139615.717247255,182328.809749911,-0.0415123529968773,-0.0237328341802177,-0.00420780131469103,4.81096269092566e-05,3.09513333780009e-05,2.06257410249699e-05,-0.00365027711623039,0.00932695628279534,1,0.956000000000017,0.823999999999984,0.132000000000033,177.528,132.000000000033,1,0,0,0,pre,0.875605931339757,68.5239762003377,0.150752747640781,139615.717247255,139615.717247255
91505,91505,NaN,2,12.7335810522661,107.386139178974,91877,8.9611305487704,94297,5.584,96.5387833784557,-79.0196574496773,92787,40,paced,NA,NA,NaN,10.7449856733524,0.0665897757567085,0.258935692135617,3,0,91505,92265,92264,93571,91877,92787,1.63618784698975,-1.17017897024757,0.744,1.044,1530.05469675465,1813.47045517928,1.518,2.612,NaN,93572,NaN,1.45,115641.084085086,132729.862811217,-0.0345390573131556,-0.0221248736783103,-0.00262181318835436,3.40177085162579e-05,2.44090873633259e-05,1.50487837138768e-05,-0.00390334431968116,0.00607516744739534,1,0.946000000000026,0.897999999999996,0.0480000000000302,183.01,48.0000000000302,1,0,0,0,pre,0.918586552103261,65.317742636902,0.0522541941095545,115641.084085086,115641.084085086
94297,94297,NaN,2,8.9611305487704,180.873376687396,94634,10.3025708360921,96950,5.30600000000001,171.241525994964,-101.329854437543,95719,41,paced,NA,NA,NaN,11.3079532604598,0.0727507860216998,0.278877428480267,2,0,94297,94990,94989,96288,94634,95719,2.48717344098086,-1.50327039201172,0.674,1.458,1885.617772241,2311.85280276664,1.384,2.596,NaN,96289,NaN,1.322,121091.154661848,143325.058063425,-0.0568690079924251,-0.0264329227284192,-0.00387556440281601,6.66783833950821e-05,3.15900086429934e-05,2.205719070516e-05,-0.0035776983718952,0.0114620148727982,1,0.930498942917551,0.882000000000005,0.0484989429175456,188.594,48.4989429175456,1,0,0,0,pre,0.900825135128054,66.6056015316123,0.0538383544445076,121091.154661848,121091.154661848
96950,96950,NaN,2,10.3025708360921,134.928208375856,97313,10.7179497625578,99420,4.94,124.417948076531,-84.7775462046189,98284,42,paced,NA,NA,NaN,12.1457489878543,0.0680176388374202,0.257654469108259,1,0,96950,97677,97676,98923,97313,98284,2.25287642310741,-1.35823137814692,0.726,1.214,1883.03107391964,2175.65568549094,1.452,2.492,NaN,98924,NaN,0.992,106143.932690885,125338.305494965,-0.048941164342418,-0.0264543754954876,-0.00374572007900144,4.7701842415888e-05,3.00255738756826e-05,1.98288939110487e-05,-0.00421367472025169,0.00889561397983996,1,0.955496774193565,0.874000000000024,0.0814967741935413,193.9,81.4967741935413,1,0,1,0,pre,0.901643169283583,66.5451722411141,0.0903869479300731,106143.932690885,106143.932690885
99420,99420,NaN,2,10.7179497625578,107.49235039766,99777,2.36415128687257,102383,5.92599999999999,100.951299872945,-65.2899831590891,100240,43,paced,NA,NA,NaN,10.124873439082,0.104561764853915,0.251489316258835,2,0,99420,100084,100083,101612,99777,100240,1.91756203842923,-1.15839093273516,0.714,0.312,1529.75394390034,1825.51814105645,1.326,3.056,NaN,101613,NaN,1.54,87880.474103741,103820.468028525,-0.041998366266998,-0.0474424053012157,-0.00296008384330938,4.50906570561956e-05,4.9536372511054e-05,1.72989818659105e-05,-0.00790954475316323,0.00829313533724563,1,0.956000000000017,0.888888392857146,0.067111607142871,198.84,67.111607142871,1,0,0,0,pre,0.919608022674241,65.2451898206788,0.0729784924534574,87880.474103741,87880.474103741
102383,102383,NaN,2,2.36415128687257,91.4306628771301,102790,0.921928834679753,104842,4.91800000000001,89.7876228163539,-71.1246635735283,103243,44,paced,NA,NA,NaN,12.2000813338755,0.101690705930617,0.22989634189928,1,0,102383,103025,103024,103826,102790,103243,1.64255097101879,-1.39091771763258,0.814,0.436,1190.67770757299,1328.91227132625,1.282,1.602,NaN,103827,NaN,2.03,66446.0888423711,74517.5697203016,-0.030761976757022,-0.0482713639220765,-0.00383153849021177,3.1083200694893e-05,5.2398648985621e-05,2.31692601212663e-05,-0.00852064296573241,0.00635871451460412,1,0.948000000000008,0.877999999999986,0.0700000000000216,204.766,70.0000000000216,1,0,1,0,pre,0.914293430718739,65.6244461396088,0.0765618538295672,66446.0888423711,66446.0888423711
104842,104842,NaN,2,0.921928834679753,151.199637196537,105230,6.43134883015901,107639,5.59399999999999,147.522998364117,-95.6441586252832,105819,45,paced,NA,NA,NaN,10.7257776188774,0.101734245456422,0.192970914867295,1,0,104842,105630,105629,107134,105230,105819,2.56174249737806,-1.80709744934942,0.776,0.378,2275.39121038385,2626.28080261192,1.574,3.008,NaN,107135,NaN,1.008,119951.02832888,145956.415846404,-0.0501050481957268,-0.0529384055601788,-0.00378348885713344,5.8160106915744e-05,5.73305365166332e-05,1.94178686934069e-05,-0.00843424287958489,0.01161504238873,1,0.950000000000017,0.894000000000005,0.0560000000000116,209.684,56.0000000000116,1,0,1,0,pre,0.922096648036773,65.0691010836504,0.0607311610114196,119951.02832888,119951.02832888
107639,107639,NaN,2,6.43134883015901,111.481684797646,108048,4.30939837039322,109790,4.30200000000002,106.111311197369,-75.6725597374896,108504,46,paced,NA,NA,NaN,13.9470013947001,0.10083537913909,0.195488159176025,1,0,107639,108268,108267,109213,108048,108504,2.07136791543804,-1.39416582447955,0.818,0.472,1482.60555426826,1522.40627525454,1.256,1.89,NaN,109214,NaN,1.152,80988.6663863794,87854.3546750172,-0.0397062803950527,-0.0539993189768937,-0.00278004270337057,4.8415247507981e-05,5.75649000348734e-05,2.12367175856917e-05,-0.00927933052616059,0.0100723681793882,1,0.946505263157895,0.89260869565217,0.0538965675057252,215.278,53.8965675057252,1,0,1,0,pre,0.92796858913154,64.6573609308827,0.0580801636358894,80988.6663863794,80988.6663863794
109790,109790,NaN,2,4.30939837039322,128.196195685928,110178,8.55429990171238,112471,5.36199999999999,121.764346549875,-75.4569280152519,110663,47,paced,NA,NA,NaN,11.1898545318911,0.0895060021016595,0.176211248149205,1,0,109790,110494,110493,111943,110178,110663,2.05116810530997,-1.39778610177196,0.776,0.338,1766.65867353882,2225.20058513447,1.406,2.898,NaN,111944,NaN,1.054,104726.984145026,129619.223373499,-0.0402672273188223,-0.0511735821728204,-0.00310768615320647,4.61790806136056e-05,5.73883751614877e-05,1.74487866645587e-05,-0.0088557446516866,0.00813441250851765,1,0.936000000000007,0.855999999999995,0.0800000000000125,219.58,80.0000000000125,1,0,1,0,pre,0.885577591360508,67.7523918687039,0.0903365224916193,104726.984145026,104726.984145026
112471,112471,NaN,2,8.55429990171238,158.561119597382,112820,5.83232283577138,115129,5.316,151.36780822864,-74.2422721667147,113294,48,paced,NA,NA,NaN,11.2866817155756,0.0879296571031465,0.124642409247056,1,0,112471,113113,113112,114619,112820,113294,2.5517385712405,-1.40610387473937,0.698,0.362,1855.17437567405,2116.8475051358,1.282,3.012,NaN,114620,NaN,1.018,109702.147710622,121455.435965453,-0.0556507031432704,-0.0585846610090277,-0.00270303207872088,6.25552852263215e-05,6.06384074540475e-05,1.69799529136923e-05,-0.0101705864969894,0.0111857236822894,1,0.949999999999989,0.906000000000006,0.0439999999999827,224.942,43.9999999999827,1,0,1,0,pre,0.92535240008264,64.8401625095927,0.047549452507016,109702.147710622,109702.147710622
115129,115129,NaN,2,5.83232283577138,140.974810448421,115489,7.79679770484975,117922,5.58599999999998,134.160250178111,-95.2929783943797,116115,49,paced,NA,NA,NaN,10.7411385606875,0.0859168341705854,0.178098604508882,1,0,115129,115916,115915,117494,115489,116115,2.42626863822448,-1.59619244068713,0.72,0.398,2122.61164989492,2461.46442407862,1.572,3.156,NaN,117495,NaN,0.854,121962.730620898,144525.884948008,-0.0511848801040031,-0.0452350389678867,-0.00360425897261314,6.26407245836751e-05,4.42888908806359e-05,1.80546716133505e-05,-0.00694455108034261,0.0114935001282495,1,0.936736842105252,0.888000000000005,0.0487368421052466,230.258,48.7368421052466,1,0,1,0,pre,0.907943556519698,66.0834030586551,0.0536782730107841,121962.730620898,121962.730620898
117922,117922,NaN,2,7.79679770484975,131.306826830222,118288,9.76127353864078,120669,5.494,122.527791208477,-83.0123829260552,118865,50,paced,NA,NA,NaN,10.9210047324354,0.0438023616743733,0.176290531125944,2,0,117922,118660,118659,120244,118288,118865,2.19227740285736,-1.46218572415175,0.732,0.41,1870.64378114778,2347.29452626513,1.474,3.168,NaN,120245,NaN,0.848,104686.834221546,138846.372376674,-0.0466623151715684,-0.0443672552642966,-0.00329296524659464,4.9419889260047e-05,4.0907797829733e-05,1.84780597161514e-05,-0.00723978436049213,0.00907386773802199,1,1.00400000000002,0.879999999999995,0.124000000000024,235.844,124.000000000024,1,0,0,0,pre,0.926763652423336,64.7414255437292,0.133798946123733,104686.834221546,104686.834221546
120669,120669,NaN,2,9.76127353864078,127.68174180879,121037,4.03126300630723,123165,4.99200000000002,120.785473536316,-73.0957284585694,121538,51,paced,NA,NA,NaN,12.0192307692307,0.0442202311507437,0.176400473059493,1,0,120669,121342,121341,122628,121037,121538,2.42261589974072,-1.27625077296539,0.736,0.392,1836.85202354025,1855.83030562617,1.344,2.572,NaN,122629,NaN,1.072,104609.38887529,113448.375807634,-0.0511449316015633,-0.0520499646815847,-0.00334161384625943,5.79078527278064e-05,5.37980378691744e-05,1.84466238155327e-05,-0.00896280002804531,0.0107920607381922,1,0.972159362549802,0.878882352941187,0.0932770096086153,241.338,93.2770096086153,1,0,1,0,pre,0.91157613602596,65.8200644233312,0.102324979694246,104609.38887529,104609.38887529
123165,123165,NaN,2,4.03126300630723,86.9917058717555,123573,3.50927520362566,125911,5.49199999999999,83.2214367667891,-80.3451117420676,124037,52,paced,NA,NA,NaN,10.924981791697,0.0442173732764824,0.161404311408825,2,0,123165,123855,123854,125037,123573,124037,1.92266750462347,-1.37920405392777,0.816,0.364,1621.44552783512,1933.92242282706,1.378,2.364,NaN,125038,NaN,1.746,96268.0878756402,115331.203472348,-0.0351651207338847,-0.0507710406937681,-0.00351035175167911,3.84422242286533e-05,6.10169939943312e-05,1.98471219333304e-05,-0.00883382685504631,0.00796891735619465,1,0.915999999999997,0.846000000000004,0.0699999999999932,246.33,69.9999999999932,1,0,0,0,pre,0.872549981650578,68.7639691270174,0.0802246306481792,96268.0878756402,96268.0878756402
125911,125911,NaN,2,3.50927520362566,149.675374316923,126245,6.95880271942722,128424,5.02600000000001,144.441335355397,-80.5753764634547,127209,53,paced,NA,NA,NaN,11.9379228014325,0.0515852497039927,0.164075648669378,1,0,125911,126569,126568,127738,126245,127209,2.47562508477727,-1.34976786732232,0.668,1.28,1750.06009822964,2025.54943628795,1.314,2.338,NaN,127739,NaN,1.37,98815.2114004833,120325.501603502,-0.0564727039342443,-0.0280682771131217,-0.002947318164598,6.32319533736287e-05,2.81767480465666e-05,1.93915828534987e-05,-0.00413632905049063,0.0107680111506292,1,0.918000000000006,0.866000000000014,0.0519999999999925,251.822,51.9999999999925,1,0,1,0,pre,0.886841019881403,67.655869152313,0.0586350865986628,98815.2114004833,98815.2114004833
128424,128424,NaN,2,6.95880271942722,145.098058308322,128830,6.15473817145556,131134,5.41999999999996,138.541287862881,-101.656621185527,129329,54,paced,NA,NA,NaN,11.0701107011071,0.0480028565794754,0.167985486055713,1,0,128424,129135,129134,130579,128830,129329,2.62751841975379,-1.63168332116522,0.812,0.388,2148.62740868405,2598.25659181186,1.42,2.888,NaN,130580,NaN,1.108,123320.242945313,155116.295845258,-0.0496418781589805,-0.0600674960249342,-0.0036009487755366,5.93078210171794e-05,5.92658415610008e-05,2.0708205636237e-05,-0.0101571957310541,0.0122881098793546,1,0.916318082788669,0.848000000000013,0.0683180827886563,256.848,68.3180827886563,1,0,1,0,pre,0.877494580404371,68.3764906814018,0.0778558458528298,123320.242945313,123320.242945313
131134,131134,NaN,2,6.15473817145556,134.890503116773,131537,5.91377448289502,133821,5.37400000000002,128.856246789598,-66.4950355056706,132009,55,paced,NA,NA,NaN,11.1648678823967,0.0468711500396314,0.166970466335476,1,0,131134,131825,131824,133215,131537,132009,2.24173475774949,-1.2137176509476,0.806,0.368,1649.3978633223,1870.22814438072,1.38,2.78,NaN,133216,NaN,1.21,96919.7873731818,113602.495550006,-0.042408205421484,-0.0517815463088304,-0.00302775751550085,4.24819666532241e-05,5.39865934007401e-05,1.57537910178359e-05,-0.00906683838685939,0.00875696159672423,1,0.914995633187768,0.870000000000005,0.0449956331877635,262.268,44.9956331877635,1,0,1,0,pre,0.888134546146139,67.5573315556259,0.050663081830351,96919.7873731818,96919.7873731818
133821,133821,NaN,2,5.91377448289502,145.791952633347,134171,7.96740132124665,136246,4.85000000000002,138.851364731277,-76.3292459868896,134673,56,paced,NA,NA,NaN,12.3711340206185,0.0437729601071516,0.0758281553948692,1,0,133821,134483,134482,135867,134171,134673,2.47590181012249,-1.31351394614781,0.7,0.38,1775.77842290404,1996.63870736759,1.322,2.768,NaN,135868,NaN,0.756,103299.938968967,120579.725852324,-0.0534961205525037,-0.0525252103177659,-0.00292202426745176,6.16495586071497e-05,4.60249230565057e-05,1.67309915652581e-05,-0.00887894393071133,0.010925638908208,1,0.885540540540521,0.834000000000003,0.0515405405405174,267.642,51.5405405405174,1,0,1,0,pre,0.852076933020652,70.4161768436768,0.0604881302886627,103299.938968967,103299.938968967
136246,136246,NaN,2,7.96740132124665,123.541321197827,136583,7.97544831344179,138786,5.07999999999998,115.569896380483,-67.4291045530186,137629,57,paced,NA,NA,NaN,11.8110236220473,0.0469122239729057,0.0923694033445212,2,0,136246,136949,136948,138172,136583,137629,2.13721281098781,-1.27987301563821,0.674,1.36,1701.39521989201,1965.19642380274,1.404,2.446,NaN,138173,NaN,1.226,95598.1343599163,111220.214364707,-0.0493560676932059,-0.0236579911280938,-0.00339867974452082,5.45521106000293e-05,2.81037238066318e-05,2.03949791298962e-05,-0.00347675096339438,0.00938447452540314,1,0.899999999999977,0.836000000000013,0.0639999999999645,272.492,63.9999999999645,1,0,0,0,pre,0.867277531307457,69.1820067211329,0.0737941405025008,95598.1343599163,95598.1343599163
138786,138786,NaN,2,7.97544831344179,130.26518541375,139156,4.94393187750472,141307,5.04199999999997,123.805495318277,-74.7532770733999,140240,58,paced,NA,NA,NaN,11.900039666799,0.0488815446147249,0.0927586190883454,2,0,138786,139437,139436,140665,139156,140240,2.35168585943481,-1.27936301198963,0.74,1.606,1720.38144107908,2031.91473109639,1.3,2.456,NaN,140666,NaN,1.282,97338.6232261575,115423.541028875,-0.0485875090550986,-0.0246527233176173,-0.00391572209871689,5.34565172706133e-05,3.4907137634521e-05,2.55275825182458e-05,-0.00288723072542387,0.0101723362076913,0,0.892586666666679,0.829999999999984,0.0625866666666948,277.572,62.5866666666948,0,0,0,0,pre,0.860827581928534,69.700368877099,0.0727052292242777,97338.6232261575,97338.6232261575
141307,141307,NaN,2,4.94393187750472,141.764588172941,141682,7.6775308222234,144010,5.40600000000001,135.453856823077,-80.8102795147476,142819,59,paced,NA,NA,NaN,11.0987791342952,0.0521430986603281,0.103064918381692,2,0,141307,142004,142003,143181,141682,142819,2.37730848071556,-1.38632977446524,0.75,1.63,1916.12993525778,2256.63076279504,1.392,2.354,NaN,143182,NaN,1.656,106887.105400008,133596.014645754,-0.049412905104154,-0.0241169922118038,-0.00462415157150911,4.98358838400041e-05,3.07922708830568e-05,2.88267248871275e-05,-0.00317452441188535,0.0095387846156183,1,0.95999999999998,0.834000000000003,0.125999999999976,282.614,125.999999999976,1,0,0,0,pre,0.882152163693366,68.0154767730704,0.142832501223421,106887.105400008,106887.105400008
144010,144010,NaN,2,7.6775308222234,114.874023620748,144424,4.82057344296078,146760,5.5,108.624971488156,-69.8698136059296,144909,60,paced,NA,NA,NaN,10.9090909090909,0.0437655221564019,0.0954583992261001,2,0,144010,144738,144737,146068,144424,144909,1.79492895953394,-1.12262051967331,0.828,0.342,1506.79344214664,1713.95383351652,1.454,2.66,NaN,146069,NaN,1.382,100864.144347857,117951.217539009,-0.0331970916676022,-0.0429911722316844,-0.00302490217253666,3.21145850825138e-05,4.47622375909529e-05,1.69913565944036e-05,-0.00739669054902204,0.00685480264919469,1,0.948337499999997,0.889999999999986,0.0583375000000106,288.02,58.3375000000106,1,0,0,0,pre,0.90295641163827,66.4483902286485,0.0646072160827415,100864.144347857,100864.144347857
146760,146760,NaN,3,4.82057344296078,126.159340314035,147137,-64.135427739074,148080,2.64000000000004,155.816767462091,-72.6061462525217,147631,61,paced,NA,NA,NaN,22.7272727272724,0.115221544995534,0.457305533975579,1,0,146760,147462,147461,147818,147137,147631,1.66678209016771,-0.97213521401345,0.754,0.338,1370.48230661254,539.097644128565,1.402,0.712,NaN,147819,NaN,0.522,100029.624879589,44911.0026152798,-0.0335704193316302,-0.0378326228520636,-0.0182334156787433,3.60969883758404e-05,3.89971505017922e-05,3.29062162933797e-05,-0.00648106884820241,0.00699302343329977,1,0.896017660044149,0.849999999999966,0.0460176600441828,293.52,46.0176600441828,1,0,1,0,pre,0.864036338897239,69.4415238097248,0.0532589405937657,100029.624879589,100029.624879589
148080,148080,NaN,3,-64.135427739074,62.6812782930995,148833,77.7253400402807,149531,2.90199999999999,55.8863221424962,-11.6947624705153,149204,62,paced,NA,NA,NaN,20.6753962784288,0.142530194260658,0.399373154696498,1,0,148080,149051,149050,149530,148833,149204,0.686729570411894,-0.136488214948963,1.506,0.306,842.057455571079,178.062234682795,1.94,0.958,NaN,NaN,NaN,NaN,65881.5115273816,11030.052328825,-0.0150320194931801,-0.016664379688763,-0.0161736132681571,1.55769089646164e-05,2.73884897092246e-05,2.67860930246477e-05,-0.00284822005554168,0.00848379038415992,0,0.927999999999997,0.853999999999985,0.0740000000000123,296.16,74.0000000000123,0,0,0,0,pre,0.900958163682958,66.5957670606264,0.0821347793747862,65881.5115273816,65881.5115273816
149531,149531,NaN,3,77.7253400402807,165.268202624911,149713,12.3255142836642,151016,2.96999999999997,120.242775462939,-167.155940105968,150169,63,paced,NA,NA,NaN,20.2020202020204,0.250073336671317,0.397551154437356,1,0,149531,149928,149927,150653,149713,150169,1.87291664447304,-1.88550124471628,0.364,0.482,1076.70137230227,1597.08886608137,0.792,1.45,NaN,150654,NaN,0.724,105416.140835542,142040.442266078,-0.0963093124954753,-0.059098125424631,-0.00518120598764407,4.81168478198074e-05,6.08202519815025e-05,3.34576829445885e-05,-0.0103143715929877,0.00858821891938355,1,0.937999999999988,0.894000000000005,0.0439999999999827,299.062,43.9999999999827,1,0,0,0,pre,0.913858333330407,65.6556906160059,0.0481475064517188,105416.140835542,105416.140835542
151016,151016,NaN,3,12.3255142836642,218.334094779972,151340,24.8487944766222,152749,3.46600000000001,199.746940399829,-150.092596329518,152403,64,paced,NA,NA,NaN,17.3110213502596,0.227802437770064,0.430752429844843,2,0,151016,152105,152104,152748,151340,152403,2.12804695316727,-1.51009698872116,0.648,0.596,1830.87002714091,1048.39598561944,2.176,1.286,NaN,NaN,NaN,NaN,188881.300873584,93748.655310741,-0.0515451686742934,-0.0277604843224845,-0.00897389111974371,6.06114545294498e-05,5.72164608697404e-05,3.15593133157584e-05,-0.00186302511979006,0.01004783566003,1,0.965999999999951,0.915354037267111,0.0506459627328408,302.032,50.6459627328408,1,0,0,0,pre,0.940478730432507,63.7972960562406,0.0538512579753396,188881.300873584,188881.300873584
152749,152749,NaN,3,24.8487944766222,199.110590567666,152990,9.99905109016119,153934,2.37,181.686667784274,-103.564159109368,153403,65,paced,NA,NA,NaN,25.3164556962025,0.239260649053047,0.487876803951514,1,0,152749,153197,153196,153933,152990,153403,2.31269780078067,-1.11442235537601,0.482,0.412,1284.39873233899,1047.17841736027,0.894,1.472,NaN,NaN,NaN,NaN,121685.955803994,100144.837262791,-0.0749861537881079,-0.0594538349532924,-0.0047912410059854,5.29132597869403e-05,6.79569467249788e-05,3.08193615373671e-05,-0.0100165592124737,0.010173146998683,1,0.95999999999998,0.912000000000035,0.047999999999945,305.498,47.999999999945,1,0,0,0,pre,0.932152617755904,64.3671420935834,0.0514937136748077,121685.955803994,121685.955803994
153934,153934,NaN,3,9.99905109016119,225.417153331894,154149,-22.8328586306749,154694,1.51999999999998,231.834057102151,-115.327150049472,154478,66,paced,NA,NA,NaN,39.4736842105268,0.265581187437173,0.338871490183046,1,0,153934,154306,154305,154693,154149,154478,1.66849645809405,-1.22890104174987,0.43,0.344,755.553168428601,658.900101233865,0.742,0.774,NaN,NaN,NaN,NaN,74759.4506278319,65559.8875093902,-0.0573967594566783,-0.0643526208126498,-0.0103297918920433,6.98637442988961e-05,9.34152709603902e-05,6.2656863920186e-05,-0.0108185869431231,0.00993364044662659,1,0.912174672489089,0.893308035714296,0.0188666367747926,307.868,18.8666367747926,1,0,0,0,pre,0.904201251391622,66.3569088271624,0.020865528272335,74759.4506278319,74759.4506278319
154694,154694,NaN,3,-22.8328586306749,267.576078785352,154873,-22.1732370997516,156040,2.69200000000001,290.079126650565,-239.074282188859,155284,67,paced,NA,NA,NaN,22.2882615156017,0.324946155513639,0.327730462927216,1,0,154694,155063,155062,155533,154873,155284,2.2453871817684,-1.77110399641227,0.358,0.442,961.937841996577,1027.92247599459,0.736,0.94,NaN,155534,NaN,1.012,106221.534151355,93356.2777806045,-0.108746353174208,-0.071891221105844,-0.00964899918642649,0.000163017058246262,0.00010648689184629,8.77954778949492e-05,-0.0121883619629281,0.0194721795109551,1,0.893308035714296,0.792370000000005,0.100938035714291,309.388,100.938035714291,1,0,0,0,pre,0.848240593991855,70.7346481941374,0.118996940760961,106221.534151355,106221.534151355
156040,156040,NaN,3,-22.1732370997516,327.952966157266,156370,-27.5016421031063,157714,3.34800000000001,352.790405758695,-165.83520257324,156780,68,paced,NA,NA,NaN,17.9211469534049,0.333986850146384,0.362809934853409,1,0,156040,156610,156609,157259,156370,156780,3.2769376186871,-1.84524914226346,0.66,0.34,2005.75143605017,1572.93731618062,1.138,1.298,NaN,157260,NaN,0.908,190714.22720917,153710.709721124,-0.075145058260253,-0.0887398433188718,-0.00966760654208133,0.000103892207651482,9.38374574963686e-05,3.91446110567354e-05,-0.0151402298466388,0.0176865176557743,1,0.884503401360561,0.771999999999991,0.11250340136057,312.08,112.50340136057,1,0,0,0,pre,0.819036433063143,73.2568144442658,0.137360679963667,190714.22720917,190714.22720917
157714,157714,NaN,3,-27.5016421031063,188.488445011269,158208,8.97021933434469,159597,3.76600000000002,197.75415639565,-147.969925004579,158593,69,paced,NA,NA,NaN,15.9320233669675,0.401084331844974,0.34926070925272,1,0,157714,158393,158392,159110,158208,158593,1.78028852203484,-1.46469535356335,0.988,0.4,1165.36854603507,1195.33175292279,1.356,1.434,NaN,159111,NaN,0.972,116114.491314696,117485.497321714,-0.0299350457298877,-0.0611681412807572,-0.00460136672333684,3.04970486394879e-05,7.13450669111677e-05,2.92009796585767e-05,-0.0102784857653029,0.00696737689465843,1,0.948000000000036,0.884503401360561,0.0634965986394749,315.428,63.4965986394749,1,0,0,0,pre,0.916949705415469,65.4343413228035,0.0692476351368744,116114.491314696,116114.491314696
159597,159597,NaN,3,8.97021933434469,136.033275311535,159973,4.05249109001585,161905,4.61599999999999,129.521920099354,-94.4904182847912,160542,70,paced,NA,NA,NaN,12.998266897747,0.334593581204617,0.351517429851242,2,0,159597,160297,160296,161175,159973,160542,1.22815532459869,-1.1670465153001,0.752,0.49,1016.3539549817,1116.40695986379,1.398,1.756,NaN,161176,NaN,1.458,97090.5422256882,102667.367552675,-0.025817571950529,-0.0306039964141323,-0.00281670152135407,2.92815104233541e-05,3.71628082408862e-05,2.14265490350025e-05,-0.00531283323991185,0.00562797991960318,1,0.942000000000007,0.913999999999987,0.02800000000002,319.194,28.00000000002,1,0,0,0,pre,0.92411678192948,64.9268590001417,0.0302992008667544,97090.5422256882,97090.5422256882
161905,161905,NaN,3,4.05249109001585,154.508433529124,162277,6.91834782560094,163926,4.04199999999997,149.023014071316,-99.7723119364966,162727,71,paced,NA,NA,NaN,14.8441365660565,0.320579657995703,0.438262819744409,1,0,161905,162527,162526,163542,162277,162727,1.67122365345107,-1.26204327102884,0.744,0.4,1150.36779860784,1357.77194486126,1.242,2.03,NaN,163543,NaN,0.766,99949.5686724015,115414.764335949,-0.034272287623279,-0.0465153326942499,-0.00324055948062312,3.80019643161434e-05,5.21563491518531e-05,1.91736858330741e-05,-0.00786612723183947,0.00718365096139983,1,1.00799999999998,0.921999999999969,0.0860000000000127,323.81,86.0000000000127,1,0,0,0,pre,0.955386589481694,62.8018026007154,0.0900159170610387,99949.5686724015,99949.5686724015
163926,163926,NaN,3,6.91834782560094,218.174130905556,164114,8.22076792961505,164653,1.45400000000001,210.604573027948,-123.19170194369,164361,72,paced,NA,NA,NaN,41.2654745529571,0.318587735822586,0.309532281454879,3,0,163926,164202,164201,164518,164114,164361,2.0783661738043,-3.50282727828418,0.376,0.318,622.325262030716,1239.29757765421,0.55,0.632,NaN,164519,NaN,0.268,67185.9593861784,137146.096291677,-0.0926007404169335,-0.182203884987808,-0.0426507637863806,0.0001967857186235,0.000413782114105121,0.000415364418782293,-0.0266814112362282,0.0402405898701081,1,0.970944444444431,0.938008438818588,0.032936005625843,327.852,32.936005625843,1,0,0,0,pre,0.95449327668676,62.8605789747123,0.0345062730459145,67185.9593861784,67185.9593861784
164653,164653,NaN,3,8.22076792961505,220.015546039142,165008,-8.10423035583016,165894,2.48200000000003,219.95727725225,-81.4578884058679,165557,73,paced,NA,NA,NaN,24.1740531829167,0.331200438649927,0.367208346212791,1,0,164653,165228,165227,165893,165008,165557,2.86719560910628,-0.987207660007157,0.71,0.658,1742.58949019121,926.203620001313,1.148,1.33,NaN,NaN,NaN,NaN,172030.050539712,70792.6338673398,-0.0729263506748491,-0.0503676978430233,-0.00507515830197231,0.000129940001517339,6.19299313732058e-05,3.14641527156953e-05,-0.00770508056504315,0.0236412574956522,0,0.982871794871831,0.915999999999997,0.0668717948718345,329.306,66.8717948718345,0,0,0,0,pre,0.938295405864087,63.9457463236168,0.0712694471846545,172030.050539712,172030.050539712
165894,165894,NaN,3,-8.10423035583016,91.4474045638414,166452,8.59257602418362,167935,4.08199999999999,91.2032317296647,-102.761275119706,166848,74,paced,NA,NA,NaN,14.6986771190593,0.356241118678534,0.437924599068995,2,0,165894,166623,166622,167514,166452,166848,1.52369383418893,-1.60406431245059,1.116,0.45,1368.37007743299,1605.89879928536,1.456,1.782,NaN,167515,NaN,0.84,99392.2632695533,115733.003196719,-0.0241161004248089,-0.0585410441369783,-0.00514057032621618,4.18270107684495e-05,7.97033141968701e-05,2.73014089009657e-05,-0.00989377649393156,0.00601255631738989,1,0.984000000000037,0.933999999999969,0.0500000000000682,331.788,50.0000000000682,1,0,0,0,pre,0.957745856136811,62.6470995573059,0.0522059162978262,99392.2632695533,99392.2632695533
167935,167935,NaN,3,8.59257602418362,129.729778527627,168376,5.10758367401317,169940,4.00999999999999,122.879698678529,-88.5075722388255,168710,75,paced,NA,NA,NaN,14.9625935162095,0.372673563565974,0.447752393803728,1,0,167935,168552,168551,169613,168376,168710,1.96406650705474,-1.35630926128793,0.882,0.316,1283.13854415041,1301.34692566011,1.232,2.122,NaN,169614,NaN,0.652,92927.6262231462,95405.7759084473,-0.0346937331821459,-0.072014276113505,-0.0040373069464871,3.64651907216761e-05,8.34680928515595e-05,2.8309988122684e-05,-0.0118831404630824,0.0075720737471876,1,0.965159836065563,0.92999999999995,0.0351598360656131,335.87,35.1598360656131,1,0,0,0,pre,0.937929919850613,63.9706642576839,0.0374866344718091,92927.6262231462,92927.6262231462
169940,169940,NaN,3,5.10758367401317,93.9989303092952,170285,7.90175826059734,171433,2.98599999999999,87.49425934199,-101.052862362093,170739,76,paced,NA,NA,NaN,20.0937709310115,0.246642455513159,0.415905178118244,2,0,169940,170522,170521,171162,170285,170739,1.35611214477851,-1.36193939280722,0.69,0.434,908.18763723509,994.789138214607,1.162,1.28,NaN,171163,NaN,0.54,65210.0644012892,70941.8177194863,-0.0304126323107924,-0.0432471509702507,-0.00474059189106534,3.22045857506279e-05,4.51325938321864e-05,2.75852173806301e-05,-0.00746157902752798,0.00557255317034289,1,0.948000000000036,0.939999999999998,0.0080000000000382,339.88,8.0000000000382,1,0,0,0,pre,0.943679565690103,63.5809041346812,0.00847745388466463,65210.0644012892,65210.0644012892
171433,171433,NaN,3,7.90175826059734,77.8827079811343,172029,2.97169262698209,174011,5.15600000000001,72.4459825373445,-103.36751894509,172371,77,paced,NA,NA,NaN,11.6369278510473,0.181566520788123,0.212836257739219,3,0,171433,172194,172193,173155,172029,172371,1.49933325634776,-1.61916527869321,1.192,0.354,1431.7878924386,1694.78983452363,1.52,1.922,NaN,173156,NaN,1.71,100174.230771185,110884.057708337,-0.0197879216192764,-0.0674724081847697,-0.00472125075066118,2.7571693923061e-05,8.57008426595417e-05,2.61026072112078e-05,-0.0111542502916658,0.00575422786625623,1,0.97199999999998,0.944641188959643,0.0273588110403373,342.866,27.3588110403373,1,0,0,0,pre,0.954385178630667,62.8676988530845,0.0286664248910395,100174.230771185,100174.230771185
174011,174011,NaN,3,2.97169262698209,126.399347734464,174402,-0.873783394482612,176446,4.87,125.350393118214,-70.2436496133336,174893,78,paced,NA,NA,NaN,12.3203285420944,0.203427224749253,0.200757214605186,1,0,174011,174636,174635,175690,174402,174893,2.08214856738723,-1.29135282087695,0.782,0.514,1353.07149978377,1512.58435451184,1.248,2.108,NaN,175691,NaN,1.51,81067.9386379502,90689.7603946806,-0.0403959039655805,-0.0487279116701718,-0.00318739051819951,4.42109078915534e-05,5.42523260374421e-05,2.02036923385107e-05,-0.00866607322226529,0.008791827074073,1,0.952410041841022,0.903999999999996,0.0484100418410252,348.022,48.4100418410252,0,1,0,0,pre,0.916066265614164,65.4974451654694,0.0528455676823437,81067.9386379502,81067.9386379502
176446,176446,NaN,3,-0.873783394482612,108.371087946317,176842,8.51340356151753,178822,4.75200000000001,104.551277862799,-133.707496450077,177455,79,paced,NA,NA,NaN,12.6262626262626,0.232330832035418,0.201519080293956,2,1,176446,177259,177258,178142,176842,177455,1.95356259457913,-2.33036568087625,0.792,0.392,1780.48535404917,2080.6733647392,1.624,1.766,NaN,178143,NaN,1.358,106463.60105256,123230.240320474,-0.0376167529485218,-0.0559183743210948,-0.00672388335874379,3.96959199176526e-05,0.000108936542337658,4.25934740172548e-05,-0.00751283517463355,0.00792807649631355,1,0.910895196506564,0.867999999999995,0.0428951965065691,352.892,42.8951965065691,0,1,0,0,pre,0.88492981697798,67.8019870602834,0.0484729926414453,106463.60105256,106463.60105256
178822,178822,NaN,3,8.51340356151753,143.345949187982,179178,14.8575400548873,180639,3.63400000000001,131.66047737978,-88.9663485340466,179643,80,paced,NA,NA,NaN,16.5107319757842,0.156120090455944,0.270187120470786,2,1,178822,179431,179430,180273,179178,179643,2.38159066767695,-1.69747019435623,0.712,0.424,1618.00558524327,1706.09490149166,1.216,1.684,NaN,180274,NaN,0.73,89982.3821329768,97404.721268507,-0.0526864470553742,-0.0626282169665487,-0.0055904206248492,5.76039398396502e-05,6.12250161923163e-05,3.20578592641716e-05,-0.010879702363755,0.0103943750786268,1,1.08800000000002,0.886000000000024,0.201999999999998,357.644,201.999999999998,0,1,0,0,pre,0.944651416922256,63.5154925141429,0.213835491464279,89982.3821329768,89982.3821329768
180639,180639,NaN,3,14.8575400548873,115.672286047395,181071,4.61174034140022,183383,5.488,105.937645849251,-81.9851293492967,181514,81,paced,NA,NA,NaN,10.932944606414,0.193888298518692,0.233970376317464,2,1,180639,181337,181336,182509,181071,181514,2.16455953702098,-1.46655382561678,0.864,0.354,1769.62816857828,2006.9350514301,1.394,2.344,NaN,182510,NaN,1.746,95077.3890014956,106758.782728071,-0.0392624509272918,-0.059308973146106,-0.00417740523409193,4.5553478018243e-05,7.09848782048648e-05,2.34130675308641e-05,-0.0101341232061218,0.00930817619898083,1,1.00748897058825,0.93199999999996,0.0754889705882884,361.278,75.4889705882884,0,1,0,0,paced,0.971601511720808,61.7537120683702,0.0776954025674472,95077.3890014956,95077.3890014956
183383,183383,NaN,3,4.61174034140022,96.1220653296949,183870,-0.273390729778415,186494,6.22199999999998,93.952890523884,-78.2572559420759,184310,82,paced,NA,NA,NaN,9.64320154291228,0.219057505132221,0.232315257951808,1,0,183383,184110,184109,185200,183870,184310,1.82678597436194,-1.2766334677683,0.974,0.4,1368.00754628325,1559.37302114758,1.452,2.18,NaN,185201,NaN,2.586,80584.945114251,92181.0624265768,-0.0280805708912153,-0.0506318769586783,-0.00336499109823737,2.99964063515813e-05,5.34076287418713e-05,2.01669639322204e-05,-0.00885142970129489,0.00741206355457091,1,0.987265060240993,0.957577639751561,0.029687420489432,366.766,29.687420489432,0,1,0,0,paced,0.968151127998508,61.9737954796789,0.0306640354288548,80584.945114251,80584.945114251
186494,186494,NaN,3,-0.273390729778415,57.9125567711865,187067,0.689224652207515,189048,5.108,57.7046398099719,-73.6190342343881,187408,83,paced,NA,NA,NaN,11.7462803445575,0.219497080105413,0.231889169205562,4,0,186494,187239,187238,188287,187067,187408,1.49803185229693,-1.51228585229021,1.146,0.338,1348.88455205538,1597.84898726713,1.488,2.096,NaN,188288,NaN,1.52,80082.2244877334,90132.7667395107,-0.0216395367001537,-0.0655169348239932,-0.00425378348045753,4.34474361590193e-05,8.82875285246382e-05,2.52993842237828e-05,-0.0108465776957081,0.00621628678905595,1,0.979999999999961,0.946000000000026,0.033999999999935,372.988,33.999999999935,1,0,0,0,paced,0.960885376973129,62.4424113820996,0.0353840331164554,80082.2244877334,80082.2244877334
189048,189048,NaN,3,0.689224652207515,123.544590519533,189611,11.8433288031331,190881,3.666,117.278313791863,-98.1144862245497,189967,84,paced,NA,NA,NaN,16.366612111293,0.195067412997035,0.216482398713382,1,0,189048,189788,189787,190880,189611,189967,2.23765876220367,-1.97979143404319,1.126,0.358,1826.54749681429,2018.4724197633,1.478,2.184,NaN,NaN,NaN,NaN,100176.254921091,112028.44727216,-0.0306000147477163,-0.0863804324081737,-0.00646906239223261,4.16462885341026e-05,0.000108296058940507,3.28717626071803e-05,-0.0146170257951863,0.0070121951480473,1,0.978799999999964,0.927999999999997,0.0507999999999664,378.096,50.7999999999664,1,0,1,0,paced,0.939118393068925,63.8897080951927,0.0540932861872274,100176.254921091,100176.254921091
190881,190881,NaN,3,11.8433288031331,129.812534054194,191162,0.608629403834721,192745,3.72800000000001,123.58655495071,-137.031849359508,191596,85,paced,NA,NA,NaN,16.0944206008583,0.192940652211017,0.260401472517065,1,0,190881,191367,191366,191987,191162,191596,2.40748103054196,-2.29040405920894,0.562,0.458,1470.06749510606,1635.08973986088,0.97,1.24,NaN,191988,NaN,1.514,89123.5622961735,96199.8466106226,-0.0666618897699744,-0.0775307941063529,-0.00809372505462663,5.12688351984328e-05,8.41401669770695e-05,5.48189056732704e-05,-0.0132959047537621,0.00961005795364001,1,0.970000000000027,0.942620689655135,0.0273793103448924,381.762,27.3793103448924,1,0,1,0,paced,0.957013000965552,62.6950730444254,0.0286091310329836,89123.5622961735,89123.5622961735
192745,192745,NaN,3,0.608629403834721,107.249030741478,193086,1.96967171603585,195075,4.65999999999997,105.959880181543,-95.7317126498148,193623,86,paced,NA,NA,NaN,12.8755364806868,0.121949981030524,0.257829294688401,2,0,192745,193446,193445,194443,193086,193623,1.96492815336417,-1.73222397482151,0.682,0.354,1668.47038515421,1900.87569965006,1.4,1.994,NaN,194444,NaN,1.262,97637.3192420148,113043.191734815,-0.0438706438171118,-0.0518124333393275,-0.00471140525797175,5.56730946340695e-05,7.7820306671652e-05,2.57395849604521e-05,-0.00787799633819125,0.0096510511736202,1,0.950225000000026,0.92999999999995,0.0202250000000755,385.49,20.2250000000755,1,0,0,0,paced,0.940126972423934,63.8211664593578,0.0215130515274222,97637.3192420148,97637.3192420148
195075,195075,NaN,3,1.96967171603585,95.5035010514179,195489,2.27643695610386,197291,4.43200000000002,93.3804467153481,-74.7386366875529,195917,87,paced,NA,NA,NaN,13.5379061371841,0.107372166503796,0.139099245677591,1,0,195075,195698,195697,196420,195489,195917,1.58368511017933,-1.28217433787433,0.828,0.438,1090.30172069915,1085.09854516559,1.244,1.444,NaN,196421,NaN,1.74,66690.6172486351,66413.3844901775,-0.0293498022802911,-0.0486284858850641,-0.00476623679016091,2.80132351564454e-05,5.4536986781413e-05,2.54569008746637e-05,-0.00847893491458937,0.00590088915350617,1,0.938810126582257,0.893999999999949,0.0448101265823084,390.15,44.8101265823084,1,0,1,0,paced,0.907771471389258,66.0959304087578,0.0493627834698647,66690.6172486351,66690.6172486351
197291,197291,NaN,3,2.27643695610386,147.43183737527,197650,5.07214676730836,199409,4.23599999999999,143.757545513563,-97.3932875452059,198082,88,paced,NA,NA,NaN,14.1643059490085,0.101008543341074,0.161208689582844,1,0,197291,197897,197896,198855,197650,198082,2.3843766089584,-1.66495211496846,0.718,0.37,1635.0668504135,1829.52074379352,1.21,1.916,NaN,198856,NaN,1.106,100815.943426254,114278.704885503,-0.0500209239460234,-0.0668887325229371,-0.00465832398807138,5.91128594204841e-05,7.26217639735704e-05,2.8106506363097e-05,-0.0116643028874675,0.0108817978486095,1,0.925999999999988,0.903999999999996,0.0219999999999914,394.582,21.9999999999914,1,0,1,0,paced,0.913427741326942,65.6866408642654,0.0240851016502212,100815.943426254,100815.943426254
199409,199409,NaN,3,5.07214676730836,135.332004880312,199752,2.54810335077294,201403,3.988,131.521879821271,-64.0766151669293,200189,89,paced,NA,NA,NaN,15.0451354062187,0.0954795099944401,0.19833733172813,1,0,199409,199978,199977,200858,199752,200189,1.94192874428513,-1.08351376079374,0.686,0.422,1193.99372161486,1120.73233525427,1.136,1.76,NaN,200859,NaN,1.088,69363.9166022825,67605.9356287824,-0.0441845790849498,-0.0490555581616322,-0.0031369509667328,5.44695773463989e-05,5.44726100305865e-05,1.70357353404678e-05,-0.0084533746395824,0.00956460603419584,1,0.966000000000008,0.920000000000016,0.0459999999999923,398.818,45.9999999999923,1,0,1,0,paced,0.94242299871214,63.6656788745526,0.0488103538038154,69363.9166022825,69363.9166022825
201403,201403,NaN,3,2.54810335077294,120.453421926944,201746,8.14717996573768,203146,3.48599999999999,115.105780268689,-118.450998410941,202235,90,paced,NA,NA,NaN,17.211703958692,0.0755753690034484,0.189351120720152,1,0,201403,201967,201966,202624,201746,202235,2.16865539133842,-2.13144120223721,0.686,0.536,1331.21154733089,1618.92414405289,1.126,1.314,NaN,202625,NaN,1.042,76804.9190473859,95940.4855874456,-0.047925013379049,-0.0623213422182125,-0.00665698661800662,5.1893567027036e-05,5.96280541066004e-05,4.56135621188756e-05,-0.0107151571737826,0.00897645676589831,1,0.943913043478282,0.890619469026544,0.0532935744517377,402.806,53.2935744517377,1,0,1,0,paced,0.922059616222967,65.0717143928047,0.0577984042615858,76804.9190473859,76804.9190473859
203146,203146,NaN,3,8.14717996573768,155.880608694894,203512,7.52693572793697,205084,3.87600000000003,148.043550848057,-93.9690672247398,203927,91,paced,NA,NA,NaN,15.4798761609906,0.0805096027054278,0.227979687122441,1,0,203146,203734,203733,204627,203512,203927,2.46720997058637,-1.66165144376182,0.732,0.386,1593.10376095025,1635.64198323158,1.174,1.786,NaN,204628,NaN,0.912,95193.1969426759,100306.673699085,-0.0520269375304676,-0.0706121586873588,-0.00429329482697894,6.24629904108351e-05,7.46070769866167e-05,2.71132101676684e-05,-0.0121838439226942,0.0115827975760827,1,0.906000000000006,0.855999999999995,0.0500000000000114,406.292,50.0000000000114,1,0,1,0,paced,0.885727934201592,67.7408916250167,0.0564507430208601,95193.1969426759,95193.1969426759
205084,205084,NaN,3,7.52693572793697,96.1956749251107,205469,5.13061503874863,207044,3.92000000000002,89.8668995417679,-89.1727570358905,205934,92,paced,NA,NA,NaN,15.3061224489795,0.0821212476245374,0.215954621183035,1,0,205084,205702,205701,206449,205469,205934,1.6803864090723,-1.52296061665296,0.77,0.464,1179.94702415807,1357.45204815713,1.234,1.494,NaN,206450,NaN,1.188,72498.3571477954,82478.3357703833,-0.033202251548125,-0.0497743763975721,-0.0046308903977089,3.72218289276804e-05,5.16136559499043e-05,2.87901696780062e-05,-0.00877421577729673,0.00735946362186901,1,0.931660869565178,0.903999999999996,0.0276608695651821,410.168,27.6608695651821,1,0,1,0,paced,0.911633896820393,65.8158940878226,0.030342081027985,72498.3571477954,72498.3571477954
207044,207044,NaN,3,5.13061503874863,128.652692975754,207391,7.55619976423524,209123,4.15799999999996,122.309285574262,-78.498147261095,207865,93,paced,NA,NA,NaN,14.4300144300146,0.114090166673019,0.234894735349282,1,0,207044,207680,207679,208827,207391,207865,2.0297500747295,-1.27531253814299,0.694,0.37,1462.18562685693,1667.57839340908,1.27,2.294,NaN,208828,NaN,0.59,90141.8777367078,103194.292815886,-0.0445918973726918,-0.0493395966707227,-0.00366803228826673,5.43036129203848e-05,4.66829758099879e-05,1.99253116946318e-05,-0.00831941985818137,0.00954561953349931,1,0.951999999999998,0.906000000000006,0.0459999999999923,414.088,45.9999999999923,1,0,1,0,paced,0.936123652315233,64.0940968125389,0.0491388075562715,90141.8777367078,90141.8777367078
209123,209123,NaN,3,7.55619976423524,83.4003967515495,209461,7.60869132026457,211382,4.51800000000003,75.8179512092996,-104.886876291906,210035,94,paced,NA,NA,NaN,13.2802124833996,0.103823014047585,0.240130261807356,3,0,209123,209861,209860,210951,209461,210035,1.53759913926071,-1.69555903232221,0.676,0.348,1417.76094832475,1778.09835308958,1.474,2.18,NaN,210952,NaN,0.86,90516.8197041411,112673.851651592,-0.0362767271481217,-0.0433287314313843,-0.00506027397955106,4.19694815129257e-05,7.23671205668433e-05,2.69313934701794e-05,-0.00592726714155929,0.00699753167036543,1,0.939331932773118,0.898000000000025,0.041331932773093,418.246,41.331932773093,1,0,0,0,paced,0.92043990335566,65.186222132762,0.0449045425153871,90516.8197041411,90516.8197041411
211382,211382,NaN,3,7.60869132026457,117.315542187319,211751,6.97149468073252,213530,4.29599999999999,110.02544918682,-94.0144293283018,212293,95,paced,NA,NA,NaN,13.9664804469274,0.105903406284833,0.192878950040044,1,0,211382,212097,212096,213156,211751,212293,2.0857428196242,-1.64323887526345,0.738,0.392,1687.6016756871,1927.57025081981,1.428,2.118,NaN,213157,NaN,0.746,98322.6865665337,116513.960350498,-0.0439100400220154,-0.0489358552281408,-0.0048648180807089,5.02641430115438e-05,5.0391591545757e-05,2.36013284667254e-05,-0.00790477319961881,0.00936757157116119,1,0.947932346723025,0.911999999999978,0.0359323467230473,422.764,35.9323467230473,1,0,1,0,paced,0.927234066245216,64.7085802649236,0.0387521857005895,98322.6865665337,98322.6865665337
213530,213530,NaN,3,6.97149468073252,89.4696302869323,213900,2.68102559566095,216004,4.94799999999998,84.6433701487356,-88.9553868627138,214439,96,paced,NA,NA,NaN,12.1261115602264,0.0955358742633465,0.183482218867714,3,0,213530,214226,214225,215327,213900,214439,2.05402648302764,-1.57750221292786,0.74,0.426,1799.24576189748,1981.67282381605,1.39,2.202,NaN,215328,NaN,1.352,107382.662242911,122961.481446887,-0.0425837700869024,-0.0486177433872223,-0.00455273494559694,5.086037107687e-05,5.66627390702869e-05,2.33522872397719e-05,-0.00845537099529975,0.00960945181142026,1,0.961999999999989,0.903999999999996,0.0579999999999927,427.06,57.9999999999927,1,0,0,0,paced,0.935623532819982,64.128357074516,0.0619907451720244,107382.662242911,107382.662242911
216004,216004,NaN,3,2.68102559566095,130.120278067332,216385,5.82329385438194,218503,4.99799999999999,125.86811834231,-79.1206973427602,216843,97,paced,NA,NA,NaN,12.0048019207683,0.10654375942553,0.178123429817508,1,0,216004,216642,216641,217650,216385,216843,2.04540168996123,-1.39734694896748,0.762,0.402,1462.11977530869,1659.37779282316,1.274,2.016,NaN,217651,NaN,1.704,88521.9237733699,100344.986296727,-0.0409150097907891,-0.0533481911898149,-0.00370037261792192,4.71212993946017e-05,5.5798629956245e-05,2.22844614149689e-05,-0.00929751633333541,0.00921422465066457,1,0.975999999999999,0.927999999999997,0.0480000000000018,432.008,48.0000000000018,1,0,1,0,paced,0.951839919699624,63.0358096547731,0.0504286477238204,88521.9237733699,88521.9237733699
218503,218503,NaN,3,5.82329385438194,123.382889370092,218854,5.83388587096076,220419,3.83200000000005,117.55429950742,-98.0571412746165,219330,98,paced,NA,NA,NaN,15.6576200417534,0.107114491661054,0.13074449865995,1,0,218503,219098,219097,219895,218854,219330,1.96294739035015,-1.7007615466837,0.702,0.464,1298.48923884703,1468.20807265077,1.188,1.594,NaN,219896,NaN,1.046,81590.9308166285,89474.44875773,-0.0431013884614663,-0.0548263311021669,-0.00495743763262027,4.55408730211759e-05,5.48951806186145e-05,2.78421377087776e-05,-0.00957856183592146,0.00815218121665384,1,0.932000000000016,0.899999999999977,0.0320000000000391,437.006,32.0000000000391,1,0,1,0,paced,0.918544116190709,65.3207602579022,0.0348377388042571,81590.9308166285,81590.9308166285
220419,220419,NaN,3,5.83388587096076,126.416925448958,220781,5.60080422384445,222552,4.26599999999996,120.699580401555,-79.0397535422748,221308,99,paced,NA,NA,NaN,14.0646976090015,0.110257186720637,0.129864047913467,1,0,220419,221067,221066,222099,220781,221308,2.1135482267654,-1.49552272680324,0.724,0.482,1563.78473582566,1853.41317869348,1.294,2.064,NaN,222100,NaN,0.904,95679.5959746255,114193.663987619,-0.0447850912095171,-0.0486656531754022,-0.00421246399185438,5.0250218140665e-05,4.70157454014578e-05,2.2495642104315e-05,-0.0086387086109715,0.00925680627860559,1,0.988,0.923999999999978,0.0640000000000214,440.838,64.0000000000214,1,0,1,0,paced,0.952281691951898,63.0065667617925,0.0672070045459345,95679.5959746255,95679.5959746255
222552,222552,NaN,3,5.60080422384445,118.168916656833,222971,4.94082543461614,224483,3.86200000000002,112.898101827603,-89.9683786406668,223414,100,paced,NA,NA,NaN,15.5359917141377,0.105616606167214,0.173097556257698,1,0,222552,223198,223197,224099,222971,223414,1.77227916237723,-1.44819621967952,0.838,0.432,1287.21963493866,1402.81791156177,1.29,1.802,NaN,224100,NaN,0.766,82071.8030344333,92334.1126593234,-0.0327319681585536,-0.0520759683343924,-0.00416515280508438,3.38378871802094e-05,5.44279888046123e-05,2.40467787528045e-05,-0.0090980816186226,0.0072390640074711,1,0.975388663967602,0.91799999999995,0.0573886639676525,445.104,57.3886639676525,1,0,1,0,paced,0.953148582805734,62.9492621427198,0.060209567535337,82071.8030344333,82071.8030344333
224483,224483,NaN,3,4.94082543461614,134.727349466522,224831,3.51203899811956,226610,4.25400000000002,130.500917250154,-92.7991156270601,225401,101,paced,NA,NA,NaN,14.1043723554301,0.0559350716788696,0.175877263842753,1,0,224483,225176,225175,226171,224831,225401,1.6786565773404,-1.4500626773515,0.696,0.45,1399.57558061795,1572.05474500309,1.384,1.99,NaN,226172,NaN,0.876,90238.136379983,103593.753980129,-0.0380798904879315,-0.0396274348438459,-0.0036842726921089,4.72464219020069e-05,4.34786272991627e-05,2.01364654111615e-05,-0.00685088075959023,0.00845428804303294,1,0.961999999999989,0.894000000000005,0.0679999999999836,448.966,67.9999999999836,1,0,1,0,paced,0.928576255949904,64.6150487001435,0.0732303885268117,90238.136379983,90238.136379983
226610,226610,NaN,3,3.51203899811956,117.002848014108,226942,7.17379516667205,228655,4.08999999999997,111.659930931712,-79.1093876935872,227462,102,paced,NA,NA,NaN,14.6699266503668,0.0595092234674993,0.187721706534924,2,0,226610,227287,227286,228396,226942,227462,1.79644751363546,-1.36499758260893,0.664,0.35,1503.37483526055,1724.02311213488,1.352,2.218,NaN,228397,NaN,0.516,98878.8962544839,114821.441217894,-0.0415849007111328,-0.0443879678866585,-0.00403366233963845,4.5663637424312e-05,5.46182073502243e-05,2.21335289925813e-05,-0.00729705093754703,0.00782524461401146,1,0.939999999999998,0.915999999999997,0.0240000000000009,453.22,24.0000000000009,1,0,0,0,paced,0.925313267663519,64.8429046646054,0.0259371618658431,98878.8962544839,98878.8962544839
228655,228655,NaN,3,7.17379516667205,183.331413016289,229019,8.20749753013093,230497,3.68400000000003,175.640766667888,-105.702661541824,229474,103,paced,NA,NA,NaN,16.28664495114,0.065870004258754,0.191441041571819,1,0,228655,229268,229267,230198,229019,229474,2.67356776784752,-1.83422357361327,0.728,0.412,1830.1102589607,1906.9744141219,1.224,1.86,NaN,230199,NaN,0.596,118368.639840712,123421.380784197,-0.0571388966981252,-0.0701774975018588,-0.00504791767265346,6.17736469674999e-05,7.12809678356366e-05,2.90386206637727e-05,-0.0122645815968503,0.011491486276743,1,0.929046808510633,0.887999999999977,0.0410468085106559,457.31,41.0468085106559,1,0,1,0,paced,0.912948030671763,65.7211560616994,0.0449607284660584,118368.639840712,118368.639840712
230497,230497,NaN,3,8.20749753013093,151.458746080597,230822,5.86817032250003,232449,3.904,144.420912154282,-106.61303943298,231333,104,paced,NA,NA,NaN,15.3688524590164,0.0670041517177857,0.181710825836046,1,0,230497,231104,231103,231935,230822,231333,2.04348844591946,-1.65579693471946,0.65,0.458,1392.88862659163,1543.14654060041,1.212,1.662,NaN,231936,NaN,1.026,90458.630800777,101392.016677412,-0.0496159583153657,-0.0511014081888003,-0.00491247115427412,5.57007254507232e-05,4.31229980645751e-05,2.5482844208902e-05,-0.00865780376646525,0.00918550679888219,1,0.91685714285717,0.891999999999996,0.0248571428571743,460.994,24.8571428571743,1,0,1,0,paced,0.901525699516931,66.5538431485093,0.0275723064472745,90458.630800777,90458.630800777
232449,232449,NaN,3,5.86817032250003,112.621294844926,232827,4.94211824073841,234605,4.31199999999995,107.216150563307,-98.3031744660964,233306,105,paced,NA,NA,NaN,13.9146567717998,0.0891193366676291,0.213501233468148,1,0,232449,233075,233074,233876,232827,233306,1.716438708266,-1.54401861277791,0.756,0.462,1234.77573237213,1405.19267692903,1.25,1.602,NaN,233877,NaN,1.456,79741.851991673,93853.1809979967,-0.0353324804057218,-0.0486782354677747,-0.00481349757330511,3.88730332553036e-05,5.01754022326701e-05,2.65833577673105e-05,-0.00853738581636358,0.00748503344932105,1,0.947999999999979,0.884000000000015,0.0639999999999645,464.898,63.9999999999645,1,0,1,0,paced,0.911078957241143,65.855982649064,0.070246381492296,79741.851991673,79741.851991673
234605,234605,NaN,3,4.94211824073841,119.743353540905,235017,2.89914086906006,236813,4.416,115.822723986006,-110.43237347706,235502,106,paced,NA,NA,NaN,13.5869565217391,0.0891163340557369,0.202468861908978,1,0,234605,235305,235304,235931,235017,235502,1.94812975600769,-1.71461565913773,0.824,0.394,1508.67987261042,1363.42368286494,1.398,1.252,NaN,235932,NaN,1.762,98688.5198035016,90000.0034965976,-0.03605337059794,-0.0543366324922922,-0.00786796030234195,3.97660833356798e-05,5.84512223584907e-05,3.31175710064435e-05,-0.00935900963364337,0.00844642001170892,1,0.930396624472558,0.883999999999958,0.0463966244726,469.21,46.3966244726,1,0,1,0,paced,0.902558217800653,66.4777061652682,0.0514056861458299,98688.5198035016,98688.5198035016
236813,236813,NaN,3,2.89914086906006,147.787473487899,237204,4.59677544778684,239026,4.42600000000004,144.039515329475,-92.9464566441244,237651,107,paced,NA,NA,NaN,13.5562584726614,0.084524068453404,0.202916599344043,1,0,236813,237456,237455,238493,237204,237651,2.40401242842495,-1.67809513053005,0.782,0.39,1757.43074878244,1998.96187827611,1.284,2.074,NaN,238494,NaN,1.064,104070.689930927,123036.146366802,-0.0468528120602748,-0.0647660423910849,-0.00471379078873272,5.19357309174363e-05,7.0728182956219e-05,2.77921937358748e-05,-0.0113256059130756,0.0103077572258692,1,0.990000000000009,0.879999999999995,0.110000000000014,473.626,110.000000000014,1,0,1,0,paced,0.935121124951995,64.1628109974311,0.117631820161972,104070.689930927,104070.689930927
239026,239026,NaN,3,4.59677544778684,109.706347858364,239383,17.2422056549707,240786,3.51999999999998,98.7868573069853,-84.9020948843012,239860,108,paced,NA,NA,NaN,17.0454545454546,0.0926143308900318,0.208594951735496,1,0,239026,239642,239641,240382,239383,239860,1.72893034536623,-1.40795509542714,0.714,0.436,1173.67165132027,1229.63222863199,1.23,1.48,NaN,240383,NaN,0.806,67825.0994697992,73334.2401084642,-0.0375697670877548,-0.0464424009242684,-0.00355122997736975,4.54526602565361e-05,4.29493087907412e-05,2.16437408299348e-05,-0.00790030689504214,0.00830273111470381,1,0.982258585858613,0.937531827515389,0.0447267583432236,478.052,44.7267583432236,1,0,1,0,paced,0.962931178473188,62.3097489637165,0.0464485514054512,67825.0994697992,67825.0994697992
240786,240786,NaN,3,17.2422056549707,137.91092543557,241032,3.71637858864269,242818,4.06400000000002,127.431633313763,-98.987981536883,241535,109,paced,NA,NA,NaN,14.763779527559,0.107846088577582,0.208817007645724,1,0,240786,241329,241328,242296,241032,241535,1.9932925569611,-1.58194583352825,0.492,0.412,1444.55157072708,1641.28628867467,1.084,1.934,NaN,242297,NaN,1.042,90150.3378550179,104925.758099047,-0.065674352502334,-0.0511890467424477,-0.00503778484867127,6.15680261698206e-05,5.24090961152348e-05,3.01508929242101e-05,-0.00877561187118667,0.0101592045356547,1,0.950000000000045,0.913999999999987,0.0360000000000582,481.572,36.0000000000582,1,0,1,0,paced,0.939488432900967,63.864543616286,0.0383187261698335,90150.3378550179,90150.3378550179
242818,242818,NaN,3,3.71637858864269,84.5333375068636,243187,4.9057958236315,244718,3.79999999999995,80.2222503007265,-64.0258072979492,243750,110,paced,NA,NA,NaN,15.7894736842107,0.107392829848994,0.324123957131188,1,0,242818,243444,243443,244326,243187,243750,1.42731229535572,-1.13012945642302,0.738,0.612,994.207338036844,1125.27529315922,1.25,1.764,NaN,244327,NaN,0.782,56951.9301538672,64900.7729806173,-0.029936539854042,-0.0317122378680792,-0.00216910673463174,3.67460130489093e-05,2.80319584375256e-05,1.63141505364206e-05,-0.00551053111979405,0.0068908368919558,1,0.936593220338964,0.922000000000025,0.014593220338939,485.636,14.593220338939,1,0,1,0,paced,0.927029510710341,64.7228586650113,0.0157419156244086,56951.9301538672,56951.9301538672
244718,244718,NaN,3,4.9057958236315,93.5249422376786,245366,10.0154673825994,247012,4.58800000000002,86.0643106345632,-111.586848533234,245694,111,paced,NA,NA,NaN,13.0775937227549,0.106260988223136,0.285363301130741,2,0,244718,245524,245523,246736,245366,245694,1.87514233948796,-1.97233647225306,1.296,0.34,1988.65897982502,2279.58148257856,1.61,2.424,NaN,246737,NaN,0.55,117495.207718435,132504.735907436,-0.0235391445246784,-0.0870601836513667,-0.0051357738248901,4.09628239944197e-05,0.000109243362880722,2.90608904702892e-05,-0.0141670527577644,0.00801290432994006,1,0.932633832976416,0.876000000000033,0.0566338329763832,489.436,56.6338329763832,1,0,0,0,paced,0.90592202077298,66.2308660394466,0.0625151300859872,117495.207718435,117495.207718435
247012,247012,NaN,3,10.0154673825994,115.91649172098,247381,8.55447675362065,249415,4.80599999999998,106.63151965287,-103.18253734915,247962,112,paced,NA,NA,NaN,12.4843945068665,0.0780776395869149,0.305028929840002,2,0,247012,247776,247775,248998,247381,247962,1.92823893580294,-1.82740183174663,0.738,0.372,1986.14836099321,2106.03244570261,1.526,2.444,NaN,248999,NaN,0.832,117779.989043505,125310.456746885,-0.0414624261457547,-0.0477840607543782,-0.00453043584181906,4.25853249130553e-05,6.32626261555826e-05,2.45890800905952e-05,-0.007661042751067,0.00794431317129973,1,0.966000000000008,0.896000000000015,0.0699999999999932,494.024,69.9999999999932,1,0,0,0,paced,0.924692900907071,64.8864070883895,0.0757008082697804,117779.989043505,117779.989043505
249415,249415,NaN,3,8.55447675362065,50.7877046602027,249973,-0.818783754725088,251602,4.37400000000002,46.919858160755,-66.4413065088538,250342,113,paced,NA,NA,NaN,13.7174211248285,0.0771614437231808,0.295385107401209,4,0,249415,250141,250140,250963,249973,250342,0.994915621567741,-1.18216490835681,1.116,0.402,879.702082250059,1094.31732255297,1.45,1.644,NaN,250964,NaN,1.276,53126.4855006066,65953.7756607217,-0.0144620755026754,-0.0432332686815279,-0.00416643040025693,1.56223730677145e-05,5.09446916258663e-05,2.2438626342854e-05,-0.00716478481834774,0.00370554680033186,1,0.965999999999951,0.924000000000035,0.0419999999999163,498.83,41.9999999999163,1,0,0,0,paced,0.944220164914886,63.5445018327993,0.0444811512828709,53126.4855006066,53126.4855006066
251602,251602,NaN,3,-0.818783754725088,122.101088396139,251974,5.72069107541239,253688,4.17199999999997,119.650134735796,-105.456565046029,252512,114,paced,NA,NA,NaN,14.3815915627997,0.0504830014253088,0.278172995841805,1,0,251602,252273,252272,253208,251974,252512,2.00024781662795,-1.72861792352644,0.744,0.478,1529.58514544045,1776.42903598316,1.34,1.87,NaN,253209,NaN,0.958,92069.2734182602,105276.401824295,-0.0404300407283266,-0.0497047350193364,-0.00386989491484067,4.94292879280296e-05,4.6372127176097e-05,2.07818288291957e-05,-0.00861467261575081,0.00937563699779664,1,0.949999999999989,0.896000000000015,0.0539999999999736,503.204,53.9999999999736,1,0,1,0,paced,0.917492151464972,65.3956547793866,0.0588560893014192,92069.2734182602,92069.2734182602
253688,253688,NaN,3,5.72069107541239,136.236942657441,254053,4.59998487609577,255907,4.43800000000005,131.076604681687,-84.6708419940189,254527,115,paced,NA,NA,NaN,13.5196034249661,0.0499861708275696,0.26213692284795,1,0,253688,254335,254334,255450,254053,254527,2.24839029039802,-1.52535558949139,0.73,0.384,1652.39604597188,1714.53147603508,1.292,2.23,NaN,255451,NaN,0.912,97778.6560819993,101708.787187882,-0.0477838200875727,-0.0564366473099781,-0.00325834148318536,5.08435562045739e-05,5.64063883055629e-05,2.10520722394623e-05,-0.00974732334233423,0.00941785817866125,1,0.965999999999951,0.924000000000035,0.0419999999999163,507.376,41.9999999999163,1,0,1,0,paced,0.934951129231976,64.174477279136,0.0449221340953057,97778.6560819993,97778.6560819993
255907,255907,NaN,3,4.59998487609577,121.694621475613,256332,6.12047411204404,258249,4.68400000000003,116.334391981543,-100.357272482466,256818,116,paced,NA,NA,NaN,12.8095644748078,0.0556606821964207,0.259453941515496,1,0,255907,256614,256613,257403,256332,256818,2.20357005009637,-1.68606087459995,0.85,0.408,1806.76010582871,1647.43533605129,1.412,1.578,NaN,257404,NaN,1.69,105971.13693407,97433.1314642733,-0.0392976205049219,-0.0571127082528962,-0.0059900616844182,3.88074079006428e-05,6.02630013819e-05,2.78069193099238e-05,-0.0100380912603521,0.00845810037296735,1,0.954770186335367,0.903999999999996,0.0507701863353711,511.814,50.7701863353711,1,0,1,0,paced,0.925798985191998,64.8088850384264,0.0548393194931425,105971.13693407,105971.13693407
258249,258249,NaN,3,6.12047411204404,126.569325925276,258623,3.93343420212742,260390,4.28199999999993,121.542371768191,-73.4796587938289,259090,117,paced,NA,NA,NaN,14.0121438580105,0.0697794743000902,0.0457374189429633,1,0,258249,258884,258883,259994,258623,259090,1.99920658361514,-1.25738498057132,0.748,0.412,1383.59877631208,1514.11149558043,1.268,2.22,NaN,259995,NaN,0.79,83175.979037222,92524.2163150735,-0.0412096472196838,-0.0492571993134727,-0.00253180147662325,4.78607889442935e-05,5.0074798287776e-05,1.77218070191263e-05,-0.00856609072888276,0.00916821089665709,1,0.97199999999998,0.909999999999968,0.0620000000000118,516.498,62.0000000000118,1,0,1,0,paced,0.943216657811964,63.6121081016376,0.0657325117050381,83175.979037222,83175.979037222
260390,260390,NaN,3,3.93343420212742,133.802875884434,260739,10.8481918459051,262584,4.38800000000003,126.412062860417,-92.2612652506578,261245,118,paced,NA,NA,NaN,13.6736554238832,0.0713250287829227,0.0545428679042051,2,0,260390,261058,261057,262018,260739,261245,2.02424404191127,-1.67761009724553,0.698,0.374,1649.17359312512,1728.52597917182,1.334,1.92,NaN,262019,NaN,1.13,103097.015091604,113550.691514531,-0.0452239317707069,-0.0529922107719457,-0.00382960069159555,6.15322401009266e-05,6.3817655822944e-05,2.37367495679088e-05,-0.0089681869790178,0.0110221284297443,1,0.961975308642002,0.932000000000016,0.0299753086419857,520.78,29.9753086419857,1,0,0,0,paced,0.939598149540716,63.8570861695806,0.0319022644485176,103097.015091604,103097.015091604
262584,262584,NaN,3,10.8481918459051,129.218155931706,262932,7.05810983609196,264538,3.90800000000002,120.265005090707,-81.2412565471425,263410,119,paced,NA,NA,NaN,15.3531218014329,0.0788592456054349,0.0725811322745505,1,0,262584,263193,263192,264261,262932,263410,1.95901629786254,-1.31166035403878,0.696,0.434,1350.18019109374,1472.40081576142,1.216,2.136,NaN,264262,NaN,0.552,90437.735360543,94647.6172561505,-0.0437792142239309,-0.0484285188891618,-0.00308902072387923,4.55957379437542e-05,4.71964902862629e-05,1.91833881318509e-05,-0.00849085060869114,0.00787086613362131,1,0.953999999999951,0.922000000000025,0.0319999999999254,525.168,31.9999999999254,1,0,1,0,paced,0.940421954057647,63.8011477094058,0.0340272787782705,90437.735360543,90437.735360543
264538,264538,NaN,3,7.05810983609196,119.382108502286,264892,1.0143284379189,266463,3.85000000000002,115.34588936528,-76.2365573556962,265423,120,paced,NA,NA,NaN,15.5844155844155,0.0741248258977018,0.158292807107431,1,0,264538,265152,265151,266073,264892,265423,1.90730548740399,-1.36621176823146,0.708,0.542,1314.11038732047,1458.3346322896,1.226,1.842,NaN,266074,NaN,0.778,81388.2716165916,88853.6127543808,-0.0415637201779824,-0.0434045577346859,-0.00272722785270274,4.6968134839843e-05,4.16024979242469e-05,2.08338053440839e-05,-0.00766505178205307,0.00845904562556488,1,0.95799999999997,0.910000000000082,0.0479999999998881,529.076,47.9999999998881,1,0,1,0,paced,0.934983851672178,64.1722313093351,0.0513377850473484,81388.2716165916,81388.2716165916
266463,266463,NaN,3,1.0143284379189,115.818078643682,266815,6.01399594244262,268504,4.08199999999999,112.303916453502,-96.4492964138352,267342,121,paced,NA,NA,NaN,14.6986771190593,0.0863412586154893,0.171841803386873,2,0,266463,267152,267151,268265,266815,267342,1.99821495824787,-1.66321864967556,0.704,0.38,1629.59570023997,1959.03957426353,1.376,2.226,NaN,268266,NaN,0.476,101642.956672477,122180.870064077,-0.0432624563065004,-0.0502927771087402,-0.00416025762942368,5.63352268238835e-05,6.03482262956923e-05,2.39487344961667e-05,-0.00815984153512291,0.0100810455437204,1,0.946000000000026,0.913999999999987,0.0320000000000391,532.926,32.0000000000391,1,0,0,0,paced,0.933048026058288,64.3053715610688,0.0342961981659453,101642.956672477,101642.956672477
268504,268504,NaN,3,6.01399594244262,144.756150584692,268830,6.31263270745256,270833,4.65800000000002,138.592836259744,-106.870580777992,269371,122,paced,NA,NA,NaN,12.881064834693,0.227815609986059,0.206369408113523,2,0,268504,269183,269182,270281,268830,269371,2.21263044979445,-1.38641352966462,0.652,0.376,1873.98464506363,1441.19007288135,1.356,2.196,NaN,270282,NaN,1.102,122324.802765325,129508.443175202,-0.0531913097429366,-0.0474051886106926,-0.00282780221367829,6.02472683392189e-05,5.70399194556317e-05,1.94755575366032e-05,-0.00820504813873042,0.00949192029874846,1,0.949999999999932,0.889999999999986,0.0599999999999454,537.008,59.9999999999454,1,0,0,0,paced,0.918316583256146,65.3369448989512,0.0653369448988918,122324.802765325,122324.802765325
270833,270833,NaN,3,6.31263270745256,87.8970699048428,271390,10.9694110845491,272765,3.86399999999992,79.2560480088419,-87.1173410196605,271768,123,paced,NA,NA,NaN,15.5279503105593,0.227497649153308,0.609022099980925,3,0,270833,271565,271564,272458,271390,271768,0.740132284731146,-0.727567980869913,1.114,0.406,665.760703085448,776.383930309888,1.462,1.786,NaN,272459,NaN,0.612,84267.6380904927,96762.7173328144,-0.0104792982358193,-0.0285663817605315,-0.00299355015387455,1.19937248648779e-05,3.5935919006766e-05,1.62221442730141e-05,-0.00483842795831972,0.00298234131219235,1,0.949999999999932,0.912000000000035,0.0379999999998972,541.666,37.9999999998972,1,0,0,0,paced,0.924643316239305,64.8898866689818,0.0410969282235773,84267.6380904927,84267.6380904927
272765,272765,NaN,3,10.9694110845491,107.64544916845,273171,8.34779087687842,275094,4.65800000000002,97.9868481877366,-75.4789335093463,273658,124,paced,NA,NA,NaN,12.881064834693,0.276853954302278,0.593055223025579,1,0,272765,273483,273482,274698,273171,273658,0.900791020718935,-0.639975622695625,0.812,0.35,783.999447361282,788.726296923895,1.434,2.43,NaN,274699,NaN,0.79,96042.2759363916,98027.5022744799,-0.0178865819545837,-0.0226393446428807,-0.00174427745226892,1.57623155680766e-05,2.4722674686218e-05,9.58921741897526e-06,-0.00385824647267144,0.00321798119605665,1,0.970000000000027,0.919999999999959,0.0500000000000682,545.53,50.0000000000682,1,0,0,0,paced,0.937259113135866,64.0164487697036,0.0533470406414925,96042.2759363916,96042.2759363916
275094,275094,NaN,3,8.34779087687842,122.282342724885,275455,-66.4558308092819,276112,2.03600000000006,151.336362691087,-164.224611736386,275966,125,paced,NA,NA,NaN,29.4695481335944,0.281635814533389,0.580399467232849,1,0,275094,275701,275700,276111,275455,275966,1.0149256634807,-1.25299784929861,0.722,0.53,679.909797340641,708.420243640612,1.212,0.82,NaN,NaN,NaN,NaN,83525.706612231,91038.1354231279,-0.021908522817683,-0.031324571917893,-0.0147874756477546,2.45621221170846e-05,2.6778684396201e-05,3.21711504448206e-05,-0.00527907838145536,0.00613215804912803,1,0.950272164948471,0.861446428571419,0.0888257363770516,550.188,88.8257363770516,1,0,0,0,paced,0.90888337011596,66.0150707701307,0.0977306212190006,83525.706612231,83525.706612231
276112,276112,NaN,3,-66.4558308092819,417.499286083588,276585,207.240492957289,278098,3.97199999999998,347.106955009585,-344.518406566459,277279,126,paced,NA,NA,NaN,15.105740181269,0.292425401965951,0.619081644206201,2,0,276112,276822,276821,278097,276585,277279,3.28468858830264,-3.57764247131538,0.946,0.914,2395.49913338113,4843.22122025801,1.418,2.55,NaN,NaN,NaN,NaN,291814.68029603,578014.218621965,-0.0604184862499663,-0.0703028527446294,-0.015808487757918,4.15179698797973e-05,7.13398722885741e-05,4.6121812136475e-05,-0.011687340583914,0.0149116009354726,1,0.861446428571419,0.769999999999982,0.0914464285714373,552.224,91.4464285714373,1,0,0,0,paced,0.799139613916623,75.0807480384272,0.114431104376435,291814.68029603,291814.68029603
278098,278098,NaN,3,207.240492957289,397.973004318465,278263,8.82135718040015,281017,5.83799999999997,289.942079249621,-125.595792577768,279592,127,paced,NA,NA,NaN,10.2774922918808,0.292427848728838,0.554328897404206,2,0,278098,278654,278653,280193,278263,279592,2.85340040767671,-1.04171171807218,0.33,1.876,2148.48999523161,1566.17981542817,1.11,3.078,NaN,280194,NaN,1.646,262668.990802455,195050.514513842,-0.183180676591612,-0.0214287902226191,-0.00394759091123852,5.50379301600311e-05,2.69072074324431e-05,1.78647446172266e-05,-0.00235125775706013,0.00825168272644694,1,1.00599999999997,0.795999999999935,0.210000000000036,556.196,210.000000000036,1,0,0,0,paced,0.877776400488956,68.3545376323374,0.239240881713222,262668.990802455,262668.990802455
281017,281017,NaN,3,8.82135718040015,129.543435674267,281408,0.390595703491322,282914,3.79399999999998,124.937459232321,-77.4228257552385,281805,128,paced,NA,NA,NaN,15.8144438587244,0.318481592270775,0.578146064917496,1,0,281017,281590,281589,282301,281408,281805,1.02696134279847,-0.680603475785588,0.782,0.43,658.427054193079,572.524567190298,1.144,1.422,NaN,282302,NaN,1.224,80324.1822581701,71581.6653343957,-0.0208449106433575,-0.0309958782788786,-0.00225977793879393,2.31042499462639e-05,3.62708107255395e-05,1.54117491872566e-05,-0.00519404946963557,0.00429113594404329,1,0.995757455268385,0.952125000000028,0.0436324552683566,562.034,43.6324552683566,1,0,0,0,paced,0.975598041210596,61.5007384860546,0.0447238036827279,80324.1822581701,80324.1822581701
282914,282914,NaN,3,0.390595703491322,104.901205712153,283377,9.95596630765553,284648,3.46800000000007,99.7279247065796,-95.7531949763409,283867,129,paced,NA,NA,NaN,17.3010380622834,0.235356148352408,0.555674130841118,1,0,282914,283615,283614,284647,283377,283867,0.852704695049249,-0.788402654258678,0.926,0.504,643.461186255654,856.08597013476,1.4,2.064,NaN,NaN,NaN,NaN,80009.5307258174,104160.200121382,-0.0136086576056807,-0.0241167513886717,-0.00212608146159481,1.3610043385357e-05,2.96881282456607e-05,1.21966992346479e-05,-0.00428746683870751,0.00301742543056066,1,0.952125000000028,0.899999999999977,0.052125000000051,565.828,52.125000000051,1,0,0,0,paced,0.914355734748768,65.619974502031,0.0570073528486953,80009.5307258174,80009.5307258174
284648,284648,NaN,3,9.95596630765553,156.473215340006,284945,26.0545019706243,287020,4.74399999999991,138.467981200866,-103.51690965197,286437,130,paced,NA,NA,NaN,12.6475548060711,0.315776755269173,0.501594805435072,2,0,284648,286225,285134,286765,284945,286437,1.6981418188714,-1.00937397670248,0.594,0.424,866.436698150317,656.145035747069,0.972,1.08,285135,286766,2.18,0.508,90428.4888775244,66692.5374818538,-0.0448545937300509,-0.0138527781145598,-0.00910140811660314,6.42116772524669e-05,2.59324278684449e-05,2.29194343997645e-05,-0.000691631904826411,0.00922073736349305,1,0.922000000000025,0.844000000000051,0.0779999999999745,569.296,77.9999999999745,1,0,0,0,paced,0.87610663334015,68.4848141957908,0.089030258454499,90428.4888775244,90428.4888775244
287020,287020,NaN,3,26.0545019706243,90.2204325718234,287536,-4.54737371654099,288514,2.98800000000006,79.4668684447817,-94.0114467387969,287884,131,paced,NA,NA,NaN,20.0803212851402,0.233590462999054,0.466965297970883,4,0,287020,287712,287711,288367,287536,287884,0.948546398227995,-0.931115241152216,1.032,0.344,915.099082126858,721.734296831915,1.382,1.31,NaN,288368,NaN,0.292,95626.282006775,86342.4558050872,-0.0186764804608914,-0.0402407703981142,-0.00556601759074879,3.46543547595751e-05,5.73358888995169e-05,3.15822598646018e-05,-0.00675106907550562,0.00517139463813021,1,0.966000000000008,0.917785557986855,0.0482144420131534,574.04,48.2144420131534,1,0,0,0,paced,0.9470699963194,63.3532898657735,0.0509090586762639,95626.282006775,95626.282006775
288514,288514,NaN,3,-4.54737371654099,280.145377225454,288746,4.99019466625189,290294,3.55999999999995,279.923966750598,-113.688887828707,289762,132,paced,NA,NA,NaN,16.8539325842699,0.233986673575764,0.476014988945415,2,0,288514,288929,288928,289978,288746,289762,1.9991860079662,-0.838645632321314,0.464,1.666,878.579740740909,1174.36349222386,0.828,2.098,NaN,289979,NaN,0.63,108314.493041566,123675.888818627,-0.0712985336564019,-0.0226007305677374,-0.00495798685219217,0.000143222150016247,4.96618842894622e-05,3.21975897803908e-05,-0.00167378029726225,0.0171591502942823,1,0.947134575569369,0.889999999999986,0.0571345755693826,577.028,57.1345755693826,1,0,0,0,paced,0.907162935065239,66.1402683914605,0.0629816027098525,108314.493041566,108314.493041566
290294,290294,NaN,3,4.99019466625189,169.211593734657,290524,5.47680750416942,291368,2.14800000000002,163.978092649446,-210.933272113618,290988,133,paced,NA,NA,NaN,27.9329608938544,0.255692434932278,0.460357579922929,2,0,290294,290718,290717,291192,290524,290988,1.20155139507932,-1.37928493354269,0.46,0.54,599.770121486696,744.641521878663,0.846,0.948,NaN,291193,NaN,0.35,68910.6065125489,80813.8064188327,-0.0393063762734251,-0.0401762864225954,-0.00825943667367459,4.33406024685598e-05,5.03126338491856e-05,5.83091874513591e-05,-0.00604883821958352,0.00937268060167862,1,0.897110132158605,0.843225806451547,0.0538843257070576,580.588,53.8843257070576,1,0,0,0,paced,0.872545779959702,68.7643002557082,0.0617552991999414,68910.6065125489,68910.6065125489
291368,291368,NaN,3,5.47680750416942,247.127207781549,291679,268.510440682439,293439,4.14200000000005,110.133583688245,-608.641651177488,292974,134,paced,NA,NA,NaN,14.4857556735875,0.229304343952893,0.487138447696943,4,0,291368,292003,292002,293178,291679,292974,2.50726902683309,-2.7955127395421,0.622,1.942,2083.16688978703,2849.3218913939,1.268,2.35,NaN,293179,NaN,0.52,224383.828587521,320090.197435121,-0.061162139271912,-0.0345242972063887,-0.0153151388090268,6.86338291379309e-05,7.75049711669383e-05,0.000107935269672621,-0.00252678915710669,0.0272227777245908,0,0.877999999999929,0.810000000000059,0.0679999999998699,582.736,67.9999999998699,0,0,0,0,paced,0.840872441994542,71.3544611566536,0.0808683893107194,224383.828587521,224383.828587521
293439,293439,NaN,3,268.510440682439,323.925208139396,293574,-108.993151101451,295211,3.54399999999998,244.166563348903,-180.725416892398,294135,135,paced,NA,NA,NaN,16.9300225733635,0.253041207635911,0.385044808013362,2,0,293439,293935,293934,294822,293574,294135,3.01303564800252,-1.71321452837602,0.27,0.4,2082.1913964725,1651.68642340411,0.99,1.774,NaN,294823,NaN,0.776,227722.848347743,181725.741272769,-0.26181973879058,-0.0594811502578883,-0.00426902389149289,6.60850321008049e-05,5.99813041337577e-05,2.85508365316565e-05,-0.00964051022732026,0.00796274654189943,1,0.889999999999986,0.850000000000023,0.0399999999999636,586.878,39.9999999999636,1,0,0,0,paced,0.872190965739451,68.7922741198443,0.0458615160798545,227722.848347743,227722.848347743
295211,295211,NaN,4,-108.993151101451,154.643119837727,295865,8.8419957361186,298506,6.58999999999992,204.718697520394,-135.000089852659,296524,136,paced,NA,NA,NaN,9.10470409711696,0.152935893191376,0.319880508613246,1,0,295211,296305,296304,297757,295865,296524,1.77233690755579,-1.29798308267207,1.308,0.438,1921.92871310181,2010.22347765591,2.186,2.904,NaN,297758,NaN,1.496,203514.44200533,211349.065075357,-0.0281442111042991,-0.0330864677933201,-0.00335079167348778,3.43640194568197e-05,3.98013431775815e-05,1.64565090716771e-05,-0.00527921804250851,0.00662303766138944,1,1.02199999999993,0.865999999999985,0.155999999999949,590.422,155.999999999949,1,0,1,0,paced,0.941848257532029,63.7045293869534,0.165631776406025,203514.44200533,203514.44200533
298506,298506,NaN,4,8.8419957361186,127.420277636228,298912,10.0787771414485,300885,4.75800000000004,117.959891197444,-121.871893694546,299636,137,paced,NA,NA,NaN,12.6103404791928,0.139970177077837,0.275367811313838,2,0,298506,299290,299289,300309,298912,299636,1.23184800243167,-1.26261062375224,0.812,0.692,1122.12674310816,1526.61776526643,1.566,2.038,NaN,300310,NaN,1.15,115514.907654229,151117.90380293,-0.0240003504516324,-0.0244935252167904,-0.00403422235837998,3.03483311298841e-05,2.45509206269544e-05,1.88246999965577e-05,-0.00415629072350548,0.00577245838836504,1,0.983751037344436,0.927999999999997,0.0557510373444383,597.012,55.7510373444383,1,0,0,0,paced,0.94877179058897,63.2396542510541,0.0587612720966648,115514.907654229,115514.907654229
300885,300885,NaN,4,10.0787771414485,137.723440750253,301293,8.19225228006155,303409,5.048,128.587926039498,-83.6277721669781,301881,138,paced,NA,NA,NaN,11.8858954041204,0.146491321994888,0.278990736544292,1,0,300885,301663,301662,303066,301293,301881,1.86723984149758,-1.30419563131899,0.816,0.436,1643.72240388301,1986.02362638316,1.554,2.806,NaN,303067,NaN,0.684,121044.861413095,140697.391192126,-0.0349661299176493,-0.0380289467420869,-0.00275306622078915,3.28816334391369e-05,4.04051329086106e-05,1.3667269615733e-05,-0.00643993838894483,0.00695185029581746,1,0.995999999999981,0.960000000000036,0.0359999999999445,601.77,35.9999999999445,1,0,1,0,paced,0.983465126629333,61.0087723248919,0.0366052633948788,121044.861413095,121044.861413095
303409,303409,NaN,4,8.19225228006155,111.484394676999,303740,2.76260399479214,305968,5.11800000000005,106.006966539572,-71.5781626555713,304622,139,paced,NA,NA,NaN,11.7233294255567,0.135165492511538,0.270703620483822,2,0,303409,304079,304078,305151,303740,304622,1.76340602873277,-1.18843326129337,0.662,1.086,1394.97017537034,1569.68958470828,1.338,2.144,NaN,305152,NaN,1.632,91573.3036737246,101628.257156483,-0.0416752685886607,-0.0241766709961543,-0.00315579321298695,4.16060224790591e-05,2.63824577486597e-05,1.84196519380547e-05,-0.00389536286829947,0.00695369783383271,1,0.989249999999969,0.955688524590153,0.0335614754098166,606.818,33.5614754098166,1,0,0,0,paced,0.975098117135,61.532269364123,0.0344185624195704,91573.3036737246,91573.3036737246
305968,305968,NaN,4,2.76260399479214,148.802698790193,306398,4.72766628869955,308988,6.03999999999996,145.057563648447,-78.8510819613127,306919,140,paced,NA,NA,NaN,9.93377483443715,0.108956000918366,0.128020393783792,1,0,305968,306714,306713,308165,306398,306919,2.39314596045635,-1.3891863707476,0.86,0.41,1881.1689922182,2428.97815555431,1.49,2.902,NaN,308166,NaN,1.644,114470.361253994,144280.151361518,-0.0418955913217567,-0.0506305977051592,-0.00312507757382389,4.42687693550971e-05,4.81004108690921e-05,1.68222250291277e-05,-0.0087001193642625,0.00976091767577003,0,1.00600000000009,0.882000000000062,0.124000000000024,611.936,124.000000000024,0,0,0,0,paced,0.936209221004191,64.0882386691761,0.132449026582989,114470.361253994,114470.361253994
308988,308988,NaN,4,4.72766628869955,113.196517885685,309338,12.0143600359935,311285,4.59400000000005,104.825504723339,-99.6841124670056,310288,141,paced,NA,NA,NaN,13.0605137135393,0.106184680171526,0.147459462617065,3,0,308988,309687,309686,310829,309338,310288,2.33884039060057,-1.51545541933419,0.7,1.202,1894.70325217624,2203.97454598288,1.396,2.284,NaN,310830,NaN,0.91,112623.23059421,132860.862647206,-0.0501390507036243,-0.0294169860103578,-0.00392962803156763,6.43152308195895e-05,3.83543230248235e-05,2.34818006878526e-05,-0.00465205657660672,0.0114613141626869,1,0.997570576540753,0.92999999999995,0.0675705765408029,617.976,67.5705765408029,1,0,0,0,paced,0.944843791820962,63.5025604437367,0.0715150770166745,112623.23059421,112623.23059421
311285,311285,NaN,4,12.0143600359935,118.273535012437,311640,4.1657747714918,314161,5.75199999999995,110.183467608694,-65.747529569815,312210,142,paced,NA,NA,NaN,10.4311543810849,0.108196495700547,0.261219207052438,1,0,311285,312032,312031,313637,311640,312210,2.03400260337272,-1.08354060171886,0.71,0.356,1774.81863543374,1815.53163664014,1.492,3.21,NaN,313638,NaN,1.046,106000.77068445,118834.328774526,-0.0450851220810058,-0.0385334537628509,-0.0020834719568711,4.88005968617899e-05,3.88019905501666e-05,1.2214264568297e-05,-0.0062029284700428,0.00885513292765694,1,0.936000000000035,0.894000000000005,0.04200000000003,622.57,42.00000000003,1,0,1,0,paced,0.912933238072995,65.722220966176,0.0460055546763561,106000.77068445,106000.77068445
314161,314161,NaN,4,4.1657747714918,142.325773456654,314520,10.7401598804483,316485,4.64800000000002,134.872806130684,-99.245875279438,315251,143,paced,NA,NA,NaN,12.9087779690189,0.109813745034484,0.265808400445056,1,0,314161,314886,314885,315854,314520,315251,2.20849222900249,-1.53325409631364,0.718,0.73,1733.99655612488,1908.62710385531,1.448,1.936,NaN,315855,NaN,1.26,108818.169340247,123594.981755213,-0.046179597333642,-0.0355108198753679,-0.00348599774452934,5.3859224585777e-05,2.79146181547068e-05,1.63888661302088e-05,-0.00616471230750685,0.00987164201292212,1,0.916641025640968,0.865999999999985,0.0506410256409826,628.322,50.6410256409826,1,0,1,0,paced,0.885833671836728,67.7328057259251,0.0571676458583711,108818.169340247,108818.169340247
316485,316485,NaN,4,10.7401598804483,110.816160966984,316871,11.0157183990173,318927,4.88400000000001,99.9382218272511,-81.4383335960092,317828,144,paced,NA,NA,NaN,12.2850122850122,0.0934325525151213,0.264387342574455,2,0,316485,317231,317230,318407,316871,317828,1.619142986531,-1.12500829774845,0.772,1.194,1418.22940586597,1591.29185740793,1.49,2.352,NaN,318408,NaN,1.038,93503.2849632732,105972.307430547,-0.0328682556217216,-0.020822042884104,-0.00279101958507513,3.53097662617933e-05,2.51166368292738e-05,1.79865671533458e-05,-0.00329322550821375,0.00693262855810217,1,0.944000000000074,0.891213483146071,0.0527865168540029,632.97,52.7865168540029,1,0,0,0,paced,0.915168770028999,65.5616777636531,0.0576795434707964,93503.2849632732,93503.2849632732
318927,318927,NaN,4,11.0157183990173,203.617044992897,319306,10.4263110272126,321713,5.572,192.896030279782,-118.101046242388,319956,145,paced,NA,NA,NaN,10.7681263460158,0.100536720960301,0.250316558479686,1,0,318927,319744,319743,321239,319306,319956,3.01770221755146,-1.78128561302456,0.758,0.424,2544.01008701558,3043.19366941853,1.632,2.99,NaN,321240,NaN,0.946,160206.097834784,198673.583321796,-0.0606195073392805,-0.0520814756336025,-0.00452522795270669,6.54531540737269e-05,5.40035008269713e-05,2.09621421697307e-05,-0.00784704080129747,0.0126002623819812,0,0.948512820512826,0.847999999999956,0.100512820512869,637.854,100.512820512869,0,0,0,0,paced,0.89804375304644,66.8118895058972,0.111924190967199,160206.097834784,160206.097834784
321713,321713,NaN,4,10.4263110272126,110.524008866761,322123,6.23313210196099,324531,5.63599999999997,102.194287302174,-106.327766897526,323066,146,paced,NA,NA,NaN,10.6458481192336,0.0894863416252235,0.2306718891049,3,0,321713,322539,322538,323692,322123,323066,1.71714914027453,-1.65523953608286,0.82,1.054,1794.85293454932,2163.64883204555,1.65,2.306,NaN,323693,NaN,1.676,117202.228635124,144214.051487242,-0.0336387597111954,-0.0261214719080258,-0.00404320943190613,3.58438607603726e-05,3.41794023146068e-05,2.17443406146449e-05,-0.00432514237053353,0.00748427316605738,1,0.970000000000027,0.919999999999959,0.0500000000000682,643.426,50.0000000000682,1,0,0,0,paced,0.949531345128142,63.1890672254772,0.0526575560213028,117202.228635124,117202.228635124
324531,324531,NaN,4,6.23313210196099,148.596170921429,324900,9.46916963947337,327182,5.30200000000002,140.745020050712,-71.8636527907499,325412,147,paced,NA,NA,NaN,11.3164843455299,0.0834420222286117,0.325350735160964,1,0,324531,325215,325214,326680,324900,325412,2.04409131518817,-1.04286922135804,0.738,0.394,1536.92423422834,1756.42302536093,1.366,2.93,NaN,326681,NaN,1.002,107767.503024159,130315.691845258,-0.0425218483925497,-0.0420174956026416,-0.00252807554413389,4.51227254168735e-05,3.70906524107774e-05,1.35571750989052e-05,-0.00723519844825705,0.00850940399990896,1,0.936363636363607,0.865999999999985,0.0703636363636218,649.062,70.3636363636218,1,0,1,0,paced,0.897657947385931,66.8406046810213,0.0783858000349996,107767.503024159,107767.503024159
327182,327182,NaN,4,9.46916963947337,162.570025593212,327493,3.9462209559144,329401,4.43799999999999,155.862330295518,-91.5497289141687,328285,148,paced,NA,NA,NaN,13.5196034249662,0.0929410096356414,0.312106866638548,1,0,327182,327789,327788,328778,327493,328285,2.05430802812029,-1.3036805067876,0.622,0.992,1387.6657825361,1560.48365805411,1.212,1.978,NaN,328779,NaN,1.244,96895.2099073982,109275.044269013,-0.0506141224561277,-0.0300979225893108,-0.00332105682345802,6.00480823320573e-05,3.1275493452884e-05,2.14163661401732e-05,-0.00471982832865532,0.00944016075719434,1,0.990000000000009,0.895999999999958,0.0940000000000509,654.364,94.0000000000509,1,0,1,0,paced,0.952583457399045,62.9866071407804,0.0986790178539428,96895.2099073982,96895.2099073982
329401,329401,NaN,4,3.9462209559144,153.896006937257,329785,2.92021894107203,331994,5.18600000000004,150.462786988764,-104.683903418026,330757,149,paced,NA,NA,NaN,11.5696104897801,0.0901957168227904,0.309735576456426,1,0,329401,330108,330107,331252,329785,330757,2.28980144228786,-1.48368784782816,0.768,1.298,1678.17079578943,2066.68556496781,1.412,2.288,NaN,331253,NaN,1.482,110434.265338529,136219.685057769,-0.0459368140363288,-0.027667476876544,-0.00344698445885943,6.06039005077852e-05,3.00358437636562e-05,2.20304472184249e-05,-0.00389694329116781,0.0118551377778404,1,0.97506666666667,0.919469214437427,0.0555974522292427,658.802,55.5974522292427,1,0,1,0,paced,0.93883211342949,63.9091900902538,0.059219802384208,110434.265338529,110434.265338529
331994,331994,NaN,4,2.92021894107203,250.985976980091,332305,12.5571057018866,334423,4.85799999999995,243.247314658612,-148.294817649298,333198,150,paced,NA,NA,NaN,12.3507616303007,0.0839456409901019,0.276075066608565,1,0,331994,332638,332637,333720,332305,333198,3.41933100333902,-1.9843737525511,0.622,1.12,2241.12439600277,2538.45246697847,1.286,2.164,NaN,333721,NaN,1.404,147277.816266773,169904.1678663,-0.0831398239190548,-0.0420006168890763,-0.0035734961626664,0.000109550279890273,3.97021692591136e-05,2.51180315046593e-05,-0.00620131617867267,0.0172960523294714,1,0.919469214437427,0.855999999999995,0.0634692144374329,663.988,63.4692144374329,1,0,1,0,paced,0.880649349994247,68.1315440707382,0.072070926342985,147277.816266773,147277.816266773
334423,334423,NaN,4,12.5571057018866,115.644085763447,334817,-0.16113511105021,337350,5.85400000000004,109.446100468029,-76.8118753624706,335297,151,paced,NA,NA,NaN,10.2494021182097,0.0849359226309758,0.291306456413305,1,0,334423,335105,335104,336276,334817,335297,1.68865479150887,-1.12481401079202,0.788,0.384,1300.91348356349,1438.65186625198,1.362,2.342,NaN,336277,NaN,2.146,92482.183520877,101038.769734642,-0.0336394562917849,-0.0415500625240371,-0.00294234001167871,3.84582356699283e-05,3.91713513980505e-05,1.48381928805202e-05,-0.00706206555790077,0.00767283892328918,1,0.903999999999996,0.884000000000015,0.0199999999999818,668.846,19.9999999999818,1,0,1,0,paced,0.89170409583368,67.2868951486696,0.0224289650495361,92482.183520877,92482.183520877
337350,337350,NaN,4,-0.16113511105021,142.710281030576,337740,1.51274360446029,339950,5.19999999999993,142.034476783871,-91.6795442090505,338268,152,paced,NA,NA,NaN,11.5384615384617,0.104293251800753,0.332251252349122,1,0,337350,338041,338040,339178,337740,338268,2.15059654689623,-1.48810051909117,0.78,0.454,1709.94028435207,2027.56207629687,1.38,2.274,NaN,339179,NaN,1.542,113762.843249128,134957.248043125,-0.0416768876045275,-0.0486083155636932,-0.00378214830632098,4.97859478442227e-05,4.75930239000891e-05,1.95963779686575e-05,-0.00844729591955068,0.00989920814478862,1,0.892508928571469,0.830000000000041,0.0625089285714285,674.7,62.5089285714285,1,0,1,0,paced,0.861863442016523,69.6165971022237,0.0725276482608137,113762.843249128,113762.843249128
339950,339950,NaN,4,1.51274360446029,135.076621224415,340341,4.4682254512442,342504,5.10800000000006,132.086136696562,-92.9413023875688,340853,153,paced,NA,NA,NaN,11.7462803445574,0.104747168942147,0.339435058392723,1,0,339950,340645,340644,341819,340341,340853,2.33228147269808,-1.68167641911714,0.782,0.416,1940.64838260365,2147.29210301309,1.388,2.348,NaN,341820,NaN,1.368,122148.315642847,132822.634557626,-0.0443775972901679,-0.0561170536477041,-0.00375056212416843,4.83696246370351e-05,5.77470109444055e-05,1.98021017596449e-05,-0.00995289848924659,0.00971514825161335,1,0.961999999999989,0.865999999999985,0.0960000000000036,679.9,96.0000000000036,1,0,1,0,paced,0.908238525435275,66.0619411307673,0.105699105809232,122148.315642847,122148.315642847
342504,342504,NaN,4,4.4682254512442,123.844239900623,342888,-0.0371318018046349,344958,4.90800000000002,121.628693075904,-99.449557330744,343384,154,paced,NA,NA,NaN,12.2249388753056,0.10372021819375,0.113048201561851,1,0,342504,343169,343168,344190,342888,343384,2.08097860585738,-1.53358719011541,0.768,0.43,1600.71540335721,1690.17828609499,1.328,2.042,NaN,344191,NaN,1.534,100281.660178746,107860.796059813,-0.0409292284080936,-0.0517414121652251,-0.00267902024369462,4.57826129414169e-05,5.17472280526005e-05,1.92049419737292e-05,-0.009010681233576,0.00887706611236849,1,0.955089397089419,0.895026315789428,0.0600630812999911,685.008,60.063081299991,1,0,1,0,paced,0.925557261817966,64.8258108657144,0.0648939658060875,100281.660178746,100281.660178746
344958,344958,NaN,4,-0.0371318018046349,101.81549640164,345323,0.634609335842711,347007,4.09799999999996,101.516757634621,-70.7365084967665,345823,155,paced,NA,NA,NaN,14.6412884333823,0.0820706581706487,0.160770782031272,1,0,344958,345550,345549,346450,345323,345823,1.42598598575895,-1.03350454106436,0.73,0.546,902.120073749892,1041.46634353674,1.182,1.8,NaN,346451,NaN,1.112,58356.3272113777,66553.8677707954,-0.0298316518386233,-0.0345222266361057,-0.00184972250920763,3.41128501738751e-05,3.45274900456785e-05,1.54484221953005e-05,-0.00600443627805114,0.00634418979860107,1,0.914000000000101,0.879999999999995,0.0340000000001055,689.916,34.0000000001055,1,0,1,0,paced,0.894424622805949,67.0822319400942,0.0380132647661714,58356.3272113777,58356.3272113777
347007,347007,NaN,4,0.634609335842711,133.077269212333,347423,4.22540276352933,349446,4.87800000000004,130.647263162647,-104.19559788234,347939,156,paced,NA,NA,NaN,12.3001230012299,0.0941583716055327,0.162329932350591,1,0,347007,347730,347729,348912,347423,347939,2.1766937746345,-1.75162678103606,0.832,0.418,1919.86272595215,2231.93383919689,1.444,2.364,NaN,348913,NaN,1.066,122178.154590977,141148.468280239,-0.039584629542966,-0.0542907422096301,-0.0038291336994523,4.46326730094513e-05,5.35290491672798e-05,1.8151015468515e-05,-0.00937420285703735,0.00846353397887323,1,0.935277419354777,0.870000000000005,0.0652774193547726,694.014,65.2774193547726,1,0,1,0,paced,0.899064261340293,66.7360527828724,0.0726059550598301,122178.154590977,122178.154590977
349446,349446,NaN,4,4.22540276352933,134.174507746445,349812,8.42571823668579,352009,5.12599999999998,127.848947246337,-93.2605421744731,350404,157,paced,NA,NA,NaN,11.7050331642607,0.0976198827409463,0.221261141672299,1,0,349446,350191,350190,351502,349812,350404,2.33816177629205,-1.52240130148587,0.732,0.426,1971.17354831907,2224.87745145362,1.488,2.622,NaN,351503,NaN,1.012,122496.104736528,144531.067509795,-0.0489288528210524,-0.0457221870581331,-0.00348531549595351,6.24889375361722e-05,4.20491391935439e-05,1.57545855933758e-05,-0.00746714488719487,0.0116274751050909,1,0.935999999999922,0.875999999999976,0.0599999999999454,698.892,59.9999999999454,1,0,1,0,paced,0.900159076216646,66.6548853255794,0.0666548853255187,122496.104736528,122496.104736528
352009,352009,NaN,4,8.42571823668579,91.9738985671643,352371,1.77563820147043,354670,5.322,86.8732203480861,-82.5886917288619,352926,158,paced,NA,NA,NaN,11.2739571589628,0.116900297303066,0.22475987878774,2,0,352009,352736,352735,353621,352371,352926,1.67170213027277,-1.29806264808766,0.724,0.38,1574.4055562546,1459.34468591086,1.452,1.77,NaN,353622,NaN,2.096,104201.826084648,98910.100595574,-0.0354782760703012,-0.038550753291916,-0.00453923176479795,3.76408135881614e-05,4.25325316682315e-05,2.21585561521224e-05,-0.00654396968502335,0.00697819361287488,1,0.926000000000045,0.881999999999948,0.0440000000000964,704.018,44.0000000000964,1,0,0,0,paced,0.898649066240387,66.7668862674255,0.048962383262886,104201.826084648,104201.826084648
354670,354670,NaN,4,1.77563820147043,147.468850395105,355008,6.83783501108875,356818,4.29599999999994,143.162113788825,-95.2519072215133,355540,159,paced,NA,NA,NaN,13.9664804469276,0.115632807036445,0.313160890330091,1,0,354670,355287,355286,356285,355008,355540,2.31830767286785,-1.58153995367407,0.676,0.506,1619.51845680763,1863.16315766527,1.232,1.996,NaN,356286,NaN,1.064,105148.087207056,118701.56888028,-0.0520217389680984,-0.0517884298470014,-0.00376928385982982,5.77972704510159e-05,4.90575952001767e-05,2.15063773055335e-05,-0.00928899355882226,0.00994049452233225,1,0.920064794816432,0.881999999999948,0.0380647948164835,709.34,38.0647948164835,1,0,1,0,paced,0.900183034814442,66.653111289048,0.0422856167516309,105148.087207056,105148.087207056
356818,356818,NaN,4,6.83783501108875,179.10122217518,357314,5.00755910970159,359446,5.25600000000009,173.178525114785,-94.4099036767954,357770,160,paced,NA,NA,NaN,11.4155251141551,0.126566014328587,0.324596466085903,2,0,356818,357577,357576,358893,357314,357770,2.40798138131028,-1.58964970279741,0.992,0.386,2037.32026359622,2308.50334417526,1.516,2.632,NaN,358894,NaN,1.104,128842.270486412,150797.932505072,-0.036310275982497,-0.0616358735065651,-0.00364861687261749,3.87564705610582e-05,6.03488932543524e-05,2.08746317873319e-05,-0.0104566418870071,0.00768196625079098,1,0.951999999999998,0.870000000000005,0.0819999999999936,713.636,81.9999999999936,1,0,0,0,paced,0.910713829668551,65.8823859321832,0.0900392607739767,128842.270486412,128842.270486412
359446,359446,NaN,4,5.00755910970159,154.656160061627,359849,1.11847549077419,362306,5.71999999999991,151.593142761389,-91.5662652781342,360327,161,paced,NA,NA,NaN,10.4895104895106,0.132401035683083,0.338586884663787,1,0,359446,360141,360140,361469,359849,360327,2.35359558464322,-1.44236359835146,0.806,0.372,1851.34233590105,1944.29695191346,1.388,2.656,NaN,361470,NaN,1.672,119250.375399122,127936.456422492,-0.0445884859030514,-0.0561871394899273,-0.00296264996855117,4.42248852424939e-05,5.85813605885695e-05,1.73258682127737e-05,-0.00982186923309862,0.00916228161815025,1,0.966000000000008,0.894000000000005,0.0720000000000027,718.892,72.0000000000027,1,0,1,0,paced,0.926183087445622,64.7820078052577,0.0777384093663122,119250.375399122,119250.375399122
362306,362306,NaN,4,1.11847549077419,60.6802979656906,362744,1.32777915256685,364367,4.12200000000007,59.4571706440201,-70.3580944428453,363262,162,paced,NA,NA,NaN,14.5560407569139,0.132791398668403,0.325318290021616,1,0,362306,362961,362960,363686,362744,363262,0.985004840776471,-1.10236077117842,0.876,0.602,734.969961766932,936.889925063052,1.308,1.45,NaN,363687,NaN,1.36,51343.0030032583,65280.3965820057,-0.0167814682238392,-0.0287701959880641,-0.00321932342411746,1.74219690012523e-05,2.91158161559703e-05,2.12791805291407e-05,-0.00496191610295837,0.00454353584710754,1,0.937267368421075,0.895999999999958,0.0412673684211173,724.612,41.2673684211173,1,0,1,0,paced,0.913333954186986,65.6933860007533,0.0451832193820626,51343.0030032583,51343.0030032583
364367,364367,NaN,4,1.32777915256685,167.670897965791,364702,2.04185855597708,367243,5.75199999999995,165.986079111519,-118.591029332966,365674,163,paced,NA,NA,NaN,10.4311543810849,0.113768991334277,0.326393140192162,1,0,364367,365099,365098,366265,364702,365674,2.50627571765196,-1.75985678982289,0.67,1.15,2137.17581495121,2545.86416171922,1.462,2.332,NaN,366266,NaN,1.954,144112.886531229,169157.090162987,-0.0562858993349958,-0.0315326098821197,-0.0042263440550263,6.5210114552595e-05,3.51921367423737e-05,2.35416776064443e-05,-0.0053015046736798,0.0112733116070327,1,1.00599999999997,0.894000000000005,0.111999999999966,728.734,111.999999999966,1,0,1,0,paced,0.947463100412073,63.3270044753243,0.118210408353903,144112.886531229,144112.886531229
367243,367243,NaN,4,2.04185855597708,111.73962840034,367767,6.20039066970346,369564,4.64200000000005,107.6185037875,-101.227262596756,368441,164,paced,NA,NA,NaN,12.9254631624298,0.138331932762598,0.326616205905093,1,0,367243,367990,367989,368986,367767,368441,1.82063635194457,-1.51074108318654,1.048,0.902,1514.51579687442,1794.52561091048,1.492,1.992,NaN,368987,NaN,1.154,101671.129797859,117689.312570368,-0.0259925941904509,-0.0360481194832211,-0.00419514463726444,2.31832761574325e-05,4.66778226254826e-05,2.54554754910002e-05,-0.00558521489558724,0.00606913991491087,1,0.985578528827008,0.923999999999978,0.0615785288270302,734.486,61.5785288270302,1,0,1,0,paced,0.939759439612014,63.8461264350496,0.0655258422862486,101671.129797859,101671.129797859
369564,369564,NaN,4,6.20039066970346,206.04637362042,369915,6.08313111346799,372241,5.35399999999993,199.904612728835,-114.083736363415,370774,165,paced,NA,NA,NaN,11.2065745237207,0.13799826244763,0.360425924824477,2,0,369564,370241,370240,371384,369915,370774,2.72086500764753,-1.46938368407793,0.702,1.066,2023.54119948268,2120.10356997003,1.352,2.286,NaN,371385,NaN,1.712,143326.610134923,161045.309316991,-0.0595526699483122,-0.0348168785617921,-0.00398099436565147,6.78735827945671e-05,3.7330831772209e-05,2.30995160424615e-05,-0.0054759118882466,0.012176377694074,1,0.997999999999934,0.906000000000063,0.0919999999998709,739.128,91.9999999998709,1,0,0,0,paced,0.941307397015149,63.7411330137825,0.0977364039543294,143326.610134923,143326.610134923
372241,372241,NaN,4,6.08313111346799,146.605423613732,372573,6.87163013668547,374868,5.25400000000002,140.128042988655,-73.6431062083874,373138,166,paced,NA,NA,NaN,11.4198705748001,0.124745761898276,0.23728181151395,1,0,372241,372937,372936,374168,372573,373138,1.70190144812147,-0.957414161606235,0.664,0.402,1309.98175128151,1481.41053936354,1.39,2.462,NaN,374169,NaN,1.398,106768.494734197,126605.834242034,-0.0393151707400877,-0.0328673222993243,-0.00268909570007059,4.41281855803419e-05,2.91839087457832e-05,1.31534016389657e-05,-0.00541983093760932,0.00739400325626305,1,0.981442885771535,0.916000000000054,0.0654428857714816,744.482,65.4428857714816,1,0,1,0,paced,0.941698136606527,63.7146848524242,0.0694945473793858,106768.494734197,106768.494734197
374868,374868,NaN,4,6.87163013668547,134.247488462852,375209,-0.372056852758223,376950,4.16399999999999,130.997701820888,-86.6890164824116,376163,167,paced,NA,NA,NaN,14.4092219020173,0.114780789673021,0.271601866018336,2,0,374868,375521,375520,376505,375209,376163,1.41241730443248,-0.868686699038421,0.682,1.284,1014.25356369205,1109.17335002132,1.304,1.968,NaN,376506,NaN,0.888,99945.3578330735,106822.958487623,-0.0313640561288294,-0.0180244228422263,-0.00295352320996097,3.68533490483995e-05,2.6723603640226e-05,2.34174568800855e-05,-0.0023387104138603,0.00642122474125817,1,0.958483333333368,0.87624215246636,0.0822411808670082,749.736,82.2411808670082,1,0,0,0,paced,0.915903954022141,65.5090522718167,0.0897923636052128,99945.3578330735,99945.3578330735
376950,376950,NaN,5,-0.372056852758223,261.077664437399,377341,-4.5933310578298,378699,3.49800000000005,263.560358392693,-184.229237100998,378576,168,paced,NA,NA,NaN,17.1526586620924,0.261526982005092,0.230396260581968,3,0,376950,378438,378437,378698,377341,378576,2.39746909788508,-2.36939266526955,0.782,0.276,3041.80409510839,833.230684476468,2.974,0.52,NaN,NaN,NaN,NaN,314788.549955687,115167.442081274,-0.0460157743833714,-0.0360741207700034,-0.0596205641932706,5.29008167445859e-05,0.000106914192684748,0.000265316814125429,-0.00115827706342484,0.0164844089745906,1,0.921252747252771,0.863999999999919,0.0572527472528517,753.9,57.2527472528517,1,0,0,0,paced,0.878846449727189,68.2713118072277,0.0651453359919973,314788.549955687,314788.549955687
378699,378699,NaN,5,-4.5933310578298,183.214441906117,378884,0.392523840520905,380305,3.21199999999999,185.314845514772,-54.2046681781487,379234,169,paced,NA,NA,NaN,18.6799501867996,0.237094255728109,0.211655073914232,2,0,378699,379129,379128,379479,378884,379234,2.36788843923763,-0.429262126053757,0.37,0.21,1222.55906622448,204.092378593619,0.858,0.7,NaN,379480,NaN,1.65,146820.79444061,24665.5829148482,-0.158369865758071,-0.0580610827179014,-0.00631246758066036,0.000288036162775371,8.27611970250141e-05,3.65437796809059e-05,-0.00976840417458393,0.0351802954326648,0,0.961999999999989,0.854000000000042,0.107999999999947,757.398,107.999999999947,0,0,0,0,paced,0.923146512752958,64.9951000963771,0.116991180173422,146820.79444061,146820.79444061
380305,380305,NaN,5,0.392523840520905,326.482126863051,380546,11.4324985874919,381401,2.19200000000001,320.569615649045,-282.202344652532,380960,170,paced,NA,NA,NaN,27.3722627737225,0.294275231164145,0.224312192338815,1,0,380305,380730,380729,381213,380546,380960,2.57475543552777,-2.23489403757232,0.482,0.46,1264.39300893617,1396.02047827046,0.848,0.966,NaN,381214,NaN,0.374,151600.473044041,158881.576665459,-0.0813986843226577,-0.0836329416689577,-0.0125995283422438,7.99194691869282e-05,9.48802202718197e-05,7.16073903734824e-05,-0.0138730233788942,0.0127108215489677,1,0.903625000000027,0.854037470726036,0.0495875292739903,760.61,49.5875292739903,1,0,0,0,paced,0.873682971611079,68.6747961784805,0.0567568910980954,151600.473044041,151600.473044041
381401,381401,NaN,5,11.4324985874919,236.970052630586,381681,8.76792588156421,383539,4.27599999999995,226.869840396058,-151.880880500476,382138,171,paced,NA,NA,NaN,14.0318054256316,0.292169243923738,0.27041156509591,1,0,381401,381969,381968,383114,381681,382138,2.13258919833697,-1.36281654502931,0.56,0.338,1577.58710747616,1660.96396255697,1.134,2.29,NaN,383115,NaN,0.848,182011.510399625,194967.328597317,-0.0589545873302207,-0.0547018050999294,-0.00301685958135475,4.89182532682314e-05,5.64018675633632e-05,1.96457996479093e-05,-0.00933552502612472,0.0094335418658742,1,0.95799999999997,0.903625000000027,0.0543749999999432,762.802,54.3749999999432,1,0,0,0,paced,0.93086894771742,64.4559045042009,0.0584131634568711,182011.510399625,182011.510399625
383539,383539,NaN,5,8.76792588156421,230.166314089588,383907,13.045776160958,385556,4.03399999999999,219.259463068327,-111.201534983209,384352,172,paced,NA,NA,NaN,14.873574615766,0.317155742992215,0.358757933801028,1,0,383539,384161,384160,385555,383907,384352,2.00454552003741,-1.02241462156765,0.736,0.382,1360.10597934292,1548.2739545038,1.242,2.788,NaN,NaN,NaN,NaN,151457.859074451,179183.691551943,-0.0413834655647736,-0.0478617423991123,-0.00226629849134396,4.44286662379495e-05,5.50521343407896e-05,1.5217364282892e-05,-0.00841189980297258,0.00837845359140421,1,0.923370449678775,0.850000000000023,0.0733704496787524,767.078,73.3704496787524,1,0,0,0,paced,0.867607139194904,69.1557241629858,0.0845664429949672,151457.859074451,151457.859074451
385556,385556,NaN,5,13.045776160958,216.497923581691,386249,55.0592934544852,388308,5.50400000000002,182.445388773969,-181.255736341249,386704,173,paced,NA,NA,NaN,10.9011627906976,0.314421086725334,0.366377957086727,5,0,385556,386518,386517,388307,386249,386704,2.05157970282523,-1.97434058174388,1.386,0.372,2603.47041086689,3511.3154154058,1.922,3.578,NaN,NaN,NaN,NaN,276569.787977784,383480.060236335,-0.0258180957406778,-0.0641295949409584,-0.00657351176760731,5.50561401743494e-05,8.18825346054429e-05,3.76387493357706e-05,-0.0105843959276276,0.00906337370260046,1,1.01199999999994,0.810000000000059,0.201999999999884,771.112,201.999999999884,1,0,0,0,paced,0.888598820779669,67.5220342374022,0.227324181932457,276569.787977784,276569.787977784
388308,388308,NaN,5,55.0592934544852,170.821931721832,388636,7.73490470901281,389763,2.90999999999997,139.424832640083,-94.4769666018923,389074,174,paced,NA,NA,NaN,20.6185567010312,0.263487416611968,0.290972053222848,1,0,388308,388848,388847,389482,388636,389074,1.77554124480714,-0.979105806233684,0.656,0.452,1198.10261167739,736.040117404695,1.078,1.268,NaN,389483,NaN,0.56,124898.584698257,78762.457214925,-0.0486678395126974,-0.0449101768145363,-0.00461427465406462,3.69411714392996e-05,4.95028904105611e-05,2.80144623534099e-05,-0.00760495657190152,0.00611836234550323,1,1.01100395256912,0.990000000000009,0.0210039525691117,776.616,21.0039525691117,1,0,0,0,paced,0.997796926609017,60.1324762583787,0.0210503279865704,124898.584698257,124898.584698257
389763,389763,NaN,5,7.73490470901281,108.012839846328,389993,8.48029656275991,391130,2.73400000000004,99.9052392104412,-48.3932842176186,390375,175,paced,NA,NA,NaN,21.9458668617407,0.26557056321088,0.309534271946037,2,0,389763,390170,390169,390596,389993,390375,0.698511611305217,-0.455075789983664,0.46,0.41,329.410565605294,280.073135879077,0.812,0.852,NaN,390597,NaN,1.066,34865.9401270347,27804.083820887,-0.0255152785297021,-0.0223131076358449,-0.00409943989842608,4.15858181461834e-05,3.46211635755044e-05,2.06828278076976e-05,-0.00380100091952956,0.00491565097454449,1,1.04599999999994,0.968332657200792,0.0776673427991434,779.526,77.6673427991434,1,0,0,0,paced,1.00894144033971,59.4682680293101,0.0769790393117295,34865.9401270347,34865.9401270347
391130,391130,NaN,5,8.48029656275991,175.433527993944,391430,3.52349741489594,392791,3.322,169.431631005116,-121.39566940369,391811,176,paced,NA,NA,NaN,18.0614087898856,0.266621740413182,0.330366870112341,2,0,391130,391619,391618,392457,391430,391811,2.10138008559389,-1.32313230081337,0.6,0.384,1264.93186095312,1356.87525599921,0.976,1.676,NaN,392458,NaN,0.666,127511.933415801,132064.755471219,-0.0555596413316574,-0.064534694646425,-0.00396989178297026,4.77680432098113e-05,7.59984572607063e-05,2.74006357674119e-05,-0.0108870933334346,0.0093101983556263,1,0.968332657200792,0.930531049250507,0.0378016079502852,782.26,37.8016079502852,1,0,0,0,paced,0.945350065078696,63.4685522500126,0.0399868888221195,127511.933415801,127511.933415801
392791,392791,NaN,5,3.52349741489594,123.836637412573,393205,1.94116666608405,394361,3.13999999999999,121.104305372083,-104.675984489892,393536,177,paced,NA,NA,NaN,19.1082802547772,0.181098623499715,0.350824119616583,1,0,392791,393369,393368,393932,393205,393536,1.21734411327192,-1.08821538531611,0.828,0.334,722.817208187365,726.261499744989,1.154,1.126,NaN,393933,NaN,0.856,73567.3184094158,73629.7039118673,-0.0227663029904206,-0.0514171555489491,-0.00514021555020275,2.76485740584078e-05,6.50945924216586e-05,3.06094358566421e-05,-0.00837277198718539,0.00480095360887778,1,0.937999999999988,0.908000000000015,0.0299999999999727,785.582,29.9999999999727,1,0,1,0,paced,0.920902378172397,65.1534857788886,0.0325767428894147,73567.3184094158,73567.3184094158
394361,394361,NaN,5,1.94116666608405,252.300056914941,394727,15.5224205375576,396556,4.38999999999999,243.56826331312,-137.05818525841,395280,178,paced,NA,NA,NaN,13.6674259681094,0.170081566198174,0.346426585359156,1,0,394361,395102,395101,396329,394727,395280,2.37582141366029,-1.80107497442188,0.732,0.356,2154.63896272531,2481.3281409497,1.48,2.454,NaN,396330,NaN,0.452,182489.638030221,210286.646588442,-0.0499975106075556,-0.05517770718177,-0.0041479613849214,6.57538292523491e-05,6.99759256546899e-05,2.17086117190127e-05,-0.00892721740372719,0.0122341927314402,1,0.937999999999988,0.879999999999995,0.0579999999999927,788.722,57.9999999999927,1,0,1,0,paced,0.905450367002817,66.2653660394544,0.0640565205047979,182489.638030221,182489.638030221
396556,396556,NaN,5,15.5224205375576,125.730197633485,396899,15.5423149495,398649,4.18600000000004,110.197829889956,-87.0889281702615,398044,179,paced,NA,NA,NaN,14.333492594362,0.127478987454422,0.300520796713103,4,0,396556,397284,397283,398464,396899,398044,1.66633843843183,-1.10314608007215,0.686,1.52,1479.76010368123,1711.41232522221,1.454,2.36,NaN,398465,NaN,0.368,119628.504321477,149517.7221255,-0.0388682055267891,-0.0175694549315132,-0.00375294661649657,3.60903556453865e-05,2.22743979577946e-05,2.20630250531716e-05,-0.00254109726205894,0.00633139866386478,1,0.93712579957357,0.902000000000044,0.035125799573526,793.112,35.125799573526,1,0,0,0,paced,0.912481124761774,65.7547848079208,0.0384948232027227,119628.504321477,119628.504321477
398649,398649,NaN,5,15.5423149495,129.735983255834,399234,14.1254271155294,400475,3.65200000000004,114.902112223319,-121.862070908537,399667,180,paced,NA,NA,NaN,16.4293537787512,0.29848322930466,0.38823285797104,2,0,398649,399418,399417,400239,399234,399667,1.31111283633447,-1.50940179384455,1.17,0.498,1333.64176092567,1445.25337544353,1.536,1.642,NaN,400240,NaN,0.47,119081.677566368,125686.538772131,-0.0187400365977653,-0.0473569673842695,-0.00539382099221402,2.73201944351544e-05,5.50842111147608e-05,2.6457482794977e-05,-0.00827459897913597,0.00515722646320993,1,0.92999999999995,0.884000000000015,0.0459999999999354,797.298,45.9999999999354,1,0,0,0,paced,0.908420514579058,66.0487065594315,0.0506373416954931,119081.677566368,119081.677566368
400475,400475,NaN,5,14.1254271155294,170.833271080847,400956,11.4692764698342,402565,4.17999999999995,158.035919288165,-128.010273534776,401454,181,paced,NA,NA,NaN,14.3540669856461,0.288267856373472,0.373803797882692,2,0,400475,401228,401227,402282,400956,401454,1.7498557776402,-1.52550168309799,0.962,0.452,1668.23731362458,1716.16702238336,1.504,2.108,NaN,402283,NaN,0.564,143485.772040336,145511.680578572,-0.0283701615283533,-0.0469240211538991,-0.00329073148033061,2.53794864425264e-05,4.96651824278386e-05,1.67312293068596e-05,-0.00826670278324206,0.00573542425370555,1,0.928451612903179,0.865999999999985,0.062451612903194,800.95,62.451612903194,1,0,0,0,paced,0.883751775223051,67.8923671580253,0.0706664638805753,143485.772040336,143485.772040336
402565,402565,NaN,5,11.4692764698342,189.76106855273,402976,22.2983213754499,404667,4.20399999999995,172.877269630088,-100.338812838005,403543,182,paced,NA,NA,NaN,14.2721217887728,0.286233155437437,0.301340563635229,1,0,402565,403325,403324,404666,402976,403543,2.00378262323855,-1.32382909545219,0.822,0.436,1669.84561837384,2128.71072021238,1.518,2.682,NaN,NaN,NaN,NaN,136155.04414192,176790.961102256,-0.0383876493128195,-0.041195854152996,-0.00370103808270461,3.55769233161431e-05,4.12847245067672e-05,1.94807514623962e-05,-0.00667240386534737,0.00736617782584092,1,0.930935344827569,0.870000000000005,0.0609353448275649,805.13,60.9353448275649,1,0,0,0,paced,0.892169384860451,67.2518033213894,0.0683001970944073,136155.04414192,136155.04414192
404667,404667,NaN,5,22.2983213754499,82.9391383837971,404830,-5.25980160444225,405349,1.36400000000003,74.4198784982933,-26.0769151289533,405177,183,paced,NA,NA,NaN,43.9882697947204,0.320437337546044,0.304304417522402,1,0,404667,405031,405030,405348,404830,405177,0.912786730304803,-0.464413203040198,0.326,0.292,442.019672718141,212.574717048753,0.726,0.634,NaN,NaN,NaN,NaN,41031.3394727176,21376.3044206695,-0.0530374093690222,-0.0300604612851892,-0.00695190230706161,8.25262278522013e-05,5.32364667794473e-05,4.09944162835811e-05,-0.00504819351536398,0.00690944432757457,1,0.933999999999969,0.916847965738807,0.0171520342611616,809.334,17.1520342611616,1,0,0,0,paced,0.927967250448649,64.6574542054059,0.0184834478295102,41031.3394727176,41031.3394727176
405349,405349,NaN,5,-5.25980160444225,188.445751384644,405667,6.02405156452114,407145,3.59199999999998,188.063626404604,-159.511908120102,406044,184,paced,NA,NA,NaN,16.7037861915368,0.527906930729549,0.427871379013999,1,0,405349,405869,405868,406601,405667,406044,2.18680007584088,-1.62281244543377,0.636,0.35,1294.08477124838,1340.52973491108,1.038,1.464,NaN,406602,NaN,1.086,115523.619313666,130038.784440735,-0.0542430428604194,-0.0732704289067269,-0.00541756757965445,4.69870322361202e-05,8.46302863451586e-05,3.50358013238292e-05,-0.012583970362363,0.00913562664673551,1,0.918000000000006,0.907411764705839,0.0105882352941674,810.698,10.5882352941674,1,0,0,0,paced,0.913002671721218,65.7172228060257,0.0115971569658237,115523.619313666,115523.619313666
407145,407145,NaN,5,6.02405156452114,187.070136980496,407532,8.1375714705275,408826,3.36200000000008,179.989325462971,-129.288456427691,407882,185,paced,NA,NA,NaN,17.8465199286135,0.620940005789712,0.443924781418966,1,0,407145,407711,407710,408413,407532,407882,2.0761179150051,-1.53206132535968,0.774,0.342,1236.73389807059,1219.32240006734,1.13,1.404,NaN,408414,NaN,0.824,109915.127549715,106432.592843665,-0.0409136476158638,-0.0748562752321803,-0.0050199394388848,4.58946768020678e-05,8.70604243437215e-05,3.36655082084157e-05,-0.0125271839641975,0.00876324608502266,1,0.907411764705839,0.882000000000062,0.0254117647057771,814.29,25.4117647057771,1,0,0,0,paced,0.893893154920767,67.1221159595056,0.028428190288614,109915.127549715,109915.127549715
408826,408826,NaN,5,8.1375714705275,113.121363275208,409341,2.60102604852707,411407,5.16199999999992,107.75206451568,-138.23884529093,409882,186,paced,NA,NA,NaN,11.6234017822551,0.634464645606576,0.431712025655504,5,0,408826,409538,409537,410261,409341,409882,2.04212960426862,-1.7544383263631,1.03,0.688,1680.18709177717,1752.06164245537,1.422,1.446,NaN,410262,NaN,2.29,138270.932684036,145840.337812211,-0.0305279944119546,-0.0511865467326041,-0.00526590866126834,3.91835040579348e-05,6.19893335011509e-05,4.24733119925829e-05,-0.00851940234197446,0.00822419036155375,1,0.905999999999949,0.872000000000071,0.0339999999998781,817.652,33.9999999998781,1,0,0,0,paced,0.890337665967166,67.3901625119078,0.0381877587566109,138270.932684036,138270.932684036
411407,411407,NaN,5,2.60102604852707,275.637700224171,411787,-58.8225997926809,415888,8.96199999999999,303.748487096248,-154.187011219889,412260,187,paced,NA,NA,NaN,6.6949341664807,0.56016779254237,0.336399602911047,2,0,411407,412033,412032,412914,411787,412260,2.64205398122869,-1.73547868310529,0.76,0.454,1740.88404141561,1843.89557917175,1.25,1.762,NaN,412915,NaN,5.946,155328.458309204,170955.407713572,-0.0531802294198958,-0.0648712905845168,-0.00420167011320735,6.59631523919862e-05,6.4416575056376e-05,2.78362906736844e-05,-0.0112810307512675,0.0127782857991594,1,0.910000000000082,0.841999999999985,0.0680000000000973,822.814,68.0000000000973,1,0,0,0,paced,0.873749534798509,68.6695644580071,0.0778255063858528,155328.458309204,155328.458309204
415888,415888,NaN,5,-58.8225997926809,225.076906094243,416218,-46.5763447875506,416798,1.82000000000005,277.776378384359,-167.033993603144,416488,188,paced,NA,NA,NaN,32.9670329670321,0.533101600538685,0.383383162571627,2,0,415888,416370,416369,416649,416218,416488,1.18879253054386,-0.729730502949664,0.66,0.236,545.288494068241,321.040890843168,0.962,0.558,NaN,416650,NaN,0.296,91525.6589881824,52277.13674107,-0.0353537803885048,-0.0531129050838024,-0.017386460271449,4.45371705452893e-05,8.5482249518762e-05,5.84460150950006e-05,-0.00867934662680469,0.00744212443433112,1,0.910000000000082,0.88799999999992,0.0220000000001619,831.776,22.0000000001619,1,0,0,0,paced,0.899157668418547,66.7291200502455,0.0244673440186034,91525.6589881824,91525.6589881824
416798,416798,NaN,5,-46.5763447875506,208.162180491452,417100,4.80368106563591,418618,3.63999999999999,229.04851235241,-236.06135161233,417650,189,paced,NA,NA,NaN,16.4835164835165,0.592211818620297,0.33965514469014,2,0,416798,417269,417268,417898,417100,417650,1.19502947892989,-1.35524911982417,0.604,0.762,596.737015712849,937.014215349,0.94,1.258,NaN,417899,NaN,1.438,96642.9340285077,139967.262073827,-0.0376404278393835,-0.0338701450868731,-0.00448734739483741,3.70410230092619e-05,4.81744753337715e-05,3.93039949836423e-05,-0.00481957095947324,0.00750473366613558,1,0.898000000000025,0.773263922518131,0.124736077481893,833.596,124.736077481893,1,0,0,0,paced,0.863329504054363,69.4983777552237,0.144482583875691,96642.9340285077,96642.9340285077
418618,418618,NaN,5,4.80368106563591,332.198867612196,418939,9.19902487554624,419973,2.71000000000004,325.197514641605,-241.35281660116,419312,190,paced,NA,NA,NaN,22.1402214022137,0.665939213584584,0.23474256019827,1,0,418618,419107,419106,419648,418939,419312,2.1808735757161,-1.73303866591889,0.642,0.41,1098.31308231328,1161.55930363138,0.976,1.082,NaN,419649,NaN,0.648,171328.938891658,179158.335535903,-0.0517387135282856,-0.0755255037419208,-0.00737258485927234,6.76312102564573e-05,8.78641789662917e-05,5.09470579340551e-05,-0.0125754688431801,0.0105054748815754,1,0.871999999999957,0.765999999999963,0.105999999999995,837.236,105.999999999995,1,0,0,0,paced,0.79694164491123,75.2878211135312,0.133008483967232,171328.938891658,171328.938891658
419973,419973,NaN,5,9.19902487554624,440.45235872503,420400,43.0564118614996,422839,5.73199999999997,414.324640356507,-489.311236866181,421296,191,paced,NA,NA,NaN,10.4675505931613,0.476507641827927,0.257645602429621,2,0,419973,420960,420959,421818,420400,421296,3.20350858110536,-3.27421511211873,0.854,0.672,3718.23207374269,3620.11965441363,1.972,1.716,NaN,421819,NaN,2.04,521560.184636652,516441.76800844,-0.0566501027587222,-0.050825489533002,-0.0124470186386446,6.37734728982632e-05,4.59987006506652e-05,3.59219661751449e-05,-0.0083885709240665,0.0139049319291313,1,0.946000000000026,0.76400000000001,0.182000000000016,839.946,182.000000000016,1,0,0,0,paced,0.857445190046418,69.9753181853547,0.212258465162262,521560.184636652,521560.184636652
422839,422839,NaN,5,43.0564118614996,314.288978779964,423171,-97.0213367435193,423854,2.02999999999997,341.271441220974,-159.666336911129,423647,192,paced,NA,NA,NaN,29.5566502463058,0.448149241549475,0.281418824857438,1,0,422839,423414,423413,423853,423171,423647,1.91825304459413,-1.0201591452546,0.664,0.466,1210.06991648977,688.148833937834,1.148,0.878,NaN,NaN,NaN,NaN,175353.04564013,106476.116854247,-0.047507907966841,-0.042931754773088,-0.0124460800154037,5.19567620407167e-05,4.34614945383548e-05,2.94162178357885e-05,-0.00737018729332184,0.00880498780099948,1,0.87600000000009,0.829999999999927,0.0460000000001628,845.678,46.0000000001628,1,0,0,0,paced,0.855894321989678,70.1021124436477,0.0537449528736534,175353.04564013,175353.04564013
423854,423854,NaN,5,-97.0213367435193,159.816341662654,424120,3.68900399781665,425061,2.41399999999999,206.482508035505,-118.870563354217,424608,193,paced,NA,NA,NaN,24.8550124275063,0.526667870103489,0.267601704013675,1,0,423854,424349,424348,425060,424120,424608,1.04318175998608,-0.86972518930531,0.532,0.518,560.177587083191,710.308373824869,0.988,1.422,NaN,NaN,NaN,NaN,99167.5690007344,101708.725283882,-0.045034213492917,-0.027406905646999,-0.00233082634121119,5.35420360512685e-05,2.42989953995256e-05,1.48671207096247e-05,-0.00451022362166461,0.00933344697926643,1,0.92999999999995,0.861999999999966,0.0679999999999836,847.708,67.9999999999836,1,0,0,0,paced,0.902402950502117,66.4891443081105,0.0753543635491738,99167.5690007344,99167.5690007344
425061,425061,NaN,6,3.68900399781665,171.0462303352,425335,19.466402783504,427237,4.35200000000009,159.46852694454,-143.374196312094,426170,194,paced,NA,NA,NaN,13.7867647058821,0.0511605613613957,0.249333992010478,1,0,425061,425875,425874,426600,425335,426170,1.13027827592792,-0.884780598322836,0.548,0.59,933.516679165777,833.752446653122,1.626,1.45,NaN,426601,NaN,1.272,131474.233304913,118481.982040784,-0.0297278353411187,-0.0171584329116275,-0.00442995461201344,3.03532084935872e-05,1.81138073986403e-05,1.34077860012029e-05,-0.00247603381477162,0.00553065100457251,1,1.01800000000003,0.912000000000035,0.105999999999995,850.122,105.999999999995,1,0,1,0,paced,0.954414565705027,62.8657631138287,0.111062848167758,131474.233304913,131474.233304913
427237,427237,NaN,6,19.466402783504,240.409703899047,427478,29.2441561564283,429561,4.64799999999991,216.054424429081,-106.672428290049,428670,195,paced,NA,NA,NaN,12.9087779690192,0.0491293173363382,0.253274175786009,2,0,427237,427932,427931,429214,427478,428670,1.52868585392756,-0.986828929312016,0.482,1.476,1150.13090705234,1548.70819603977,1.388,2.564,NaN,429215,NaN,0.692,156066.219631575,170032.30611542,-0.0483685485067991,-0.0152783615814529,-0.00206388174491081,4.74891639448919e-05,2.00033522814744e-05,1.22286601628899e-05,-0.00203568322703169,0.00767462230383942,1,1.00627504911589,0.94399999999996,0.0622750491159274,854.474,62.2750491159274,1,0,0,0,paced,0.966100793882346,62.1053210803043,0.0644601986772732,156066.219631575,156066.219631575
429561,429561,NaN,6,29.2441561564283,140.604777726494,429821,18.9179498463421,431716,4.31000000000006,116.523724725109,-114.148674079287,430558,196,paced,NA,NA,NaN,13.9211136890949,0.0845062890202297,0.276856563457849,1,0,429561,430272,430271,431373,429821,430558,1.60148643985364,-1.34574641681702,0.52,0.572,1462.89221357044,1519.14894050542,1.42,2.202,NaN,431374,NaN,0.684,126587.590534037,131263.364530407,-0.0506707587771679,-0.0283456770388064,-0.00334611005330314,3.71162447097389e-05,2.5058203485437e-05,1.46670716155153e-05,-0.00465357412168456,0.0064888297135286,1,0.977877551020416,0.94399999999996,0.0338775510204564,859.122,33.8775510204564,1,0,1,0,paced,0.963950082310335,62.2438870031483,0.035144507627678,126587.590534037,126587.590534037
431716,431716,NaN,6,18.9179498463421,200.719142455172,432015,9.12742159713131,433770,4.10799999999995,186.696456733435,-141.587909595064,432583,197,paced,NA,NA,NaN,14.6056475170401,0.0773988937990393,0.253225470239621,1,0,431716,432344,432343,433285,432015,432583,2.21533832487314,-1.62000495609572,0.598,0.478,1576.46050037238,1543.67510084124,1.254,1.882,NaN,433286,NaN,0.968,128770.531247389,127887.889392147,-0.0586115364212225,-0.0472299429761944,-0.0028986366111045,6.49364801391627e-05,3.94315663734093e-05,1.92416214496791e-05,-0.007839467419236,0.00984986001982502,1,0.970000000000027,0.913999999999987,0.05600000000004,863.432,56.00000000004,1,0,1,0,paced,0.933073870520467,64.3035904183364,0.0600166843904902,128770.531247389,128770.531247389
433770,433770,NaN,6,9.12742159713131,142.525407311018,434106,17.9779917118607,435849,4.15800000000002,128.972700656522,-141.63976327027,434677,198,paced,NA,NA,NaN,14.4300144300144,0.07759615560538,0.264728082499371,1,0,433770,434436,434435,435246,434106,434677,1.67095006189788,-1.64584460420472,0.672,0.482,1266.84842802429,1428.28095167305,1.33,1.62,NaN,435247,NaN,1.204,103312.62726071,118470.970697056,-0.0395645995735709,-0.0410789805558371,-0.00371715707819206,4.91058991309783e-05,3.78916651918943e-05,2.29430635150573e-05,-0.00675736112203696,0.00834974172152192,1,0.943665961945,0.8900000000001,0.0536659619448998,867.54,53.6659619448998,1,0,1,0,paced,0.909456838544063,65.9734442110009,0.0590088057733591,103312.62726071,103312.62726071
435849,435849,NaN,6,17.9779917118607,121.044605950368,436207,5.16759606700077,437640,3.58199999999999,109.471812060937,-158.563509828799,436665,199,paced,NA,NA,NaN,16.750418760469,0.0760683580578376,0.242350158978886,2,0,435849,436464,436463,437059,436207,436665,1.67468909487852,-1.82678227083619,0.716,0.402,1276.45319446664,1287.01110160608,1.228,1.19,NaN,437060,NaN,1.16,109328.188279321,105977.326629094,-0.0362583362163177,-0.0552394681825646,-0.00813402044589985,3.79374507278137e-05,6.46654290866408e-05,3.97357115016227e-05,-0.0094406542245134,0.00689616328623432,1,0.897746606334867,0.874000000000024,0.0237466063348429,871.698,23.7466063348429,1,0,0,0,paced,0.885907926137188,67.7271285534346,0.0268048243324619,109328.188279321,109328.188279321
437640,437640,NaN,6,5.16759606700077,182.379258054836,437990,10.5056384599368,439712,4.14400000000001,174.542640791367,-143.196811379872,438596,200,paced,NA,NA,NaN,14.4787644787645,0.0960568791187197,0.248527453249691,1,0,437640,438315,438314,439230,437990,438596,2.38602928814227,-1.81151369537934,0.7,0.562,1776.88100623907,1870.70671195651,1.348,1.83,NaN,439231,NaN,0.962,136351.423471354,144955.72628301,-0.0518301702440485,-0.0482301108143842,-0.00346197550553331,5.8350261920006e-05,3.74106593743303e-05,1.85126595210195e-05,-0.0082346047473364,0.0104025589009802,1,0.966854166666652,0.897746606334867,0.0691075603317858,875.28,69.1075603317858,1,0,1,0,paced,0.926922861516358,64.730305499042,0.0745558915428328,136351.423471354,136351.423471354
439712,439712,NaN,6,10.5056384599368,144.25958384136,440070,10.7564042520999,441714,4.00400000000002,133.628562485342,-142.271348209415,440631,201,paced,NA,NA,NaN,14.9850149850149,0.0995889319288848,0.198048384028852,1,0,439712,440403,440402,441310,440070,440631,1.82625459751706,-1.72201619915652,0.716,0.456,1476.63701236339,1636.58427401233,1.38,1.814,NaN,441311,NaN,0.806,114281.994118686,129450.863129788,-0.0401159703150696,-0.0450695975599766,-0.00340683924040857,4.11980257384196e-05,3.86063176711239e-05,2.03109128545735e-05,-0.00748336387045645,0.00750765036564371,1,0.973999999999933,0.932000000000016,0.0419999999999163,879.424,41.9999999999163,1,0,1,0,paced,0.945260855366567,63.4745421429012,0.0444321794999423,114281.994118686,114281.994118686
441714,441714,NaN,6,10.7564042520999,111.306237901435,442122,11.8406980134775,443477,3.52599999999995,100.007686768646,-145.823952779707,442607,202,paced,NA,NA,NaN,17.01644923426,0.0994924324562153,0.202905057860675,1,0,441714,442407,442406,443069,442122,442607,1.38902596391754,-1.82038624164291,0.816,0.4,1256.71741978564,1363.96492131798,1.384,1.324,NaN,443070,NaN,0.814,102082.756034116,111121.473210234,-0.0269570915445139,-0.0483432552193745,-0.0064658049769544,2.27402168629157e-05,5.75018864270827e-05,3.26495624045106e-05,-0.00820321816939498,0.00487584702901356,1,0.947999999999979,0.888000000000034,0.0599999999999454,883.428,59.9999999999454,1,0,1,0,paced,0.9156281023787,65.5287882101114,0.0655287882100518,102082.756034116,102082.756034116
443477,443477,NaN,6,11.8406980134775,121.149591579774,443807,9.03423143366786,445811,4.66800000000001,110.712126856201,-106.8138190964,444547,203,paced,NA,NA,NaN,12.853470437018,0.095240429864556,0.205264586622459,1,0,443477,444211,444210,445328,443807,444547,1.50154076457874,-1.402219306287,0.66,0.672,1539.49201119515,1720.49747315073,1.466,2.234,NaN,445329,NaN,0.964,123235.29130291,137249.935809641,-0.0361461762729502,-0.0278074378697985,-0.00291786849268396,2.36560303616557e-05,2.6654275226178e-05,1.4640960411857e-05,-0.00517127595730068,0.00522736226138232,1,0.913557522123936,0.866000000000099,0.0475575221238371,886.954,47.5575221238371,1,0,1,0,paced,0.890317703064707,67.3916735491884,0.0534163500962989,123235.29130291,123235.29130291
445811,445811,NaN,6,9.03423143366786,154.837895967461,446153,10.4154357074015,447695,3.76800000000003,145.113062396926,-171.049053173028,446638,204,paced,NA,NA,NaN,15.9235668789808,0.0969270207956988,0.268782206154084,1,0,445811,446436,446435,447109,446153,446638,2.07651093652879,-2.03180128315689,0.684,0.404,1525.61398226012,1531.94174306525,1.248,1.346,NaN,447110,NaN,1.17,120135.156035169,125580.601337517,-0.047433743532939,-0.0607956903686753,-0.00714664973759069,5.15707272871933e-05,6.63993756451385e-05,3.84047639304534e-05,-0.0102447573184829,0.00895328598004785,1,0.916000000000054,0.874000000000024,0.04200000000003,891.622,42.00000000003,1,0,1,0,paced,0.893188489536341,67.1750707749787,0.0470225495425187,120135.156035169,120135.156035169
447695,447695,NaN,6,10.4154357074015,161.28058990825,448087,11.6576325405397,449607,3.82400000000007,150.244055784279,-123.679133088751,448561,205,paced,NA,NA,NaN,15.6903765690374,0.0970347132405922,0.32661886243763,1,0,447695,448362,448361,449355,448087,448561,2.11442140074703,-1.53005585802049,0.784,0.398,1581.68046990259,1614.7056268361,1.332,1.986,NaN,449356,NaN,0.502,129683.457744087,133380.275777652,-0.0416118082641548,-0.0547894510716698,-0.00293966674513935,4.22490176219879e-05,5.67217491207763e-05,1.94506468916379e-05,-0.00956035171854724,0.00846006176658254,1,0.950000000000045,0.894000000000005,0.05600000000004,895.39,56.00000000004,1,0,1,0,paced,0.922879697279645,65.0138909511834,0.0606796315544812,129683.457744087,129683.457744087
449607,449607,NaN,6,11.6576325405397,116.553999693743,449974,6.09805010493926,451783,4.35199999999998,107.676158371003,-117.499954144321,450485,206,paced,NA,NA,NaN,13.7867647058824,0.0813669758697912,0.277919985901384,1,0,449607,450269,450268,451217,449974,450485,1.40452771532601,-1.47688485922476,0.734,0.432,1272.38111436869,1462.2991842261,1.322,1.896,NaN,451218,NaN,1.13,106110.233839958,120705.342825043,-0.0303119520433982,-0.0405109924159639,-0.0025195677815276,1.98016024657922e-05,4.30209147767072e-05,1.76178133324206e-05,-0.00703155434423322,0.00485180209238134,1,0.944206315789512,0.908000000000015,0.0362063157894961,899.214,36.2063157894961,1,0,1,0,paced,0.922420502330543,65.0462558544686,0.0392514213398541,106110.233839958,106110.233839958
451783,451783,NaN,6,6.09805010493926,214.733188193358,452151,9.55193848344979,453709,3.85199999999998,206.908193899164,-159.414682889208,452515,207,paced,NA,NA,NaN,15.576323987539,0.0568220528675623,0.236292236880685,1,0,451783,452341,452340,452945,452151,452515,2.35546577859544,-1.82329805976568,0.736,0.348,1416.07766529067,1296.48306523567,1.114,1.208,NaN,452946,NaN,1.526,120418.729298981,111094.377905238,-0.0496106911707503,-0.0824834690039945,-0.00934363042137626,5.70911891912644e-05,9.99471358335557e-05,4.34940644949326e-05,-0.014035823929941,0.0107005215754223,1,0.951999999999998,0.936000000000035,0.0159999999999627,903.566,15.9999999999627,1,0,1,0,paced,0.939723830074491,63.8485457958897,0.0170262788788642,120418.729298981,120418.729298981
453709,453709,NaN,6,9.55193848344979,230.02743874066,454115,7.71455221085393,455698,3.97799999999995,221.394193393508,-141.802256858343,454510,208,paced,NA,NA,NaN,15.082956259427,0.0638997924109181,0.229105888866289,1,0,453709,454328,454327,455209,454115,454510,2.74467215106558,-1.78166284190785,0.812,0.364,1716.43724504851,1758.67525339551,1.236,1.762,NaN,455210,NaN,0.976,142705.342951833,145630.827306082,-0.0521275322171213,-0.0816669843821129,-0.00459554333229145,5.38430212002077e-05,9.51321909755457e-05,2.62424118435112e-05,-0.014058921238566,0.0110495180231411,1,0.951999999999998,0.906000000000063,0.0459999999999354,907.418,45.9999999999354,1,0,1,0,paced,0.917571256135441,65.3900169592317,0.0501323463353406,142705.342951833,142705.342951833
455698,455698,NaN,6,7.71455221085393,164.467773544331,456089,9.4699703996782,457682,3.96800000000007,155.875512239064,-125.494123389068,456529,209,paced,NA,NA,NaN,15.1209677419352,0.0654317249339841,0.221465440724967,1,0,455698,456338,456337,457208,456089,456529,2.04727776853904,-1.59305927067379,0.782,0.382,1454.95589133737,1513.20120765585,1.278,1.74,NaN,457209,NaN,0.946,120001.662282877,123864.263872153,-0.0397208829159355,-0.0595889023463907,-0.00362798369938572,4.25440438697321e-05,6.39975630544535e-05,2.26341807013658e-05,-0.0103864545957176,0.00854707649000441,1,0.937999999999988,0.912814004376383,0.0251859956236051,911.396,25.1859956236051,1,0,1,0,paced,0.927831744246241,64.6668971740596,0.0271450031536331,120001.662282877,120001.662282877
457682,457682,NaN,6,9.4699703996782,165.294149627156,458072,6.0086629007327,459822,4.27999999999997,157.554832976951,-129.550030594057,458557,210,paced,NA,NA,NaN,14.0186915887851,0.0585618136021921,0.197141948538907,1,0,457682,458323,458322,459211,458072,458557,2.0798577734698,-1.57728289773504,0.78,0.468,1477.9689092787,1569.12307223383,1.28,1.776,NaN,459212,NaN,1.22,117069.088982416,123550.255201167,-0.0408188236439294,-0.053357328317824,-0.00312583914017652,4.21881119421794e-05,5.47454484567885e-05,2.02455542868847e-05,-0.00943450249104629,0.0084894541174394,1,0.919999999999959,0.909999999999968,0.00999999999999091,915.364,9.99999999999091,1,0,1,0,paced,0.914631291148335,65.6002047827043,0.0109333674637741,117069.088982416,117069.088982416
459822,459822,NaN,6,6.0086629007327,164.40922602441,460176,5.89013375150981,461639,3.63400000000001,158.459827698289,-121.917204686666,460592,211,paced,NA,NA,NaN,16.5107319757842,0.056490865881436,0.182135348843471,1,0,459822,460398,460397,461162,460176,460592,2.00815404125657,-1.55415357782494,0.708,0.388,1299.47781635364,1308.9048718921,1.15,1.528,NaN,461163,NaN,0.952,101494.198320495,104814.0667888,-0.0436470985576682,-0.0611529452027771,-0.00468973376821689,4.98653932641109e-05,6.67859450314934e-05,2.6020165208561e-05,-0.0104811535643789,0.00894059274514447,1,0.922000000000025,0.895438752783962,0.0265612472160635,919.644,26.5612472160635,1,0,1,0,paced,0.910331950063369,65.9100232567069,0.0291775403622981,101494.198320495,101494.198320495
461639,461639,NaN,6,5.89013375150981,186.479530374478,462052,7.21097556144021,463779,4.27999999999997,179.928975718003,-121.719163417289,462542,212,paced,NA,NA,NaN,14.0186915887851,0.0565224240903667,0.162582124612289,1,0,461639,462303,462302,463260,462052,462542,2.30505350147689,-1.62717850963827,0.826,0.478,1535.38850842703,1692.27396391352,1.326,1.914,NaN,463261,NaN,1.036,115845.893115365,125645.927596472,-0.042587520371318,-0.0564150425021116,-0.00273583282286428,4.66198014301728e-05,5.61707504996261e-05,1.90178400422329e-05,-0.00980181276916011,0.00986143099616421,1,0.896000000000072,0.870000000000005,0.0260000000000673,923.278,26.0000000000673,1,0,1,0,paced,0.882630893263473,67.9785859048664,0.0294573872255184,115845.893115365,115845.893115365
463779,463779,NaN,6,7.21097556144021,127.508798968103,464201,3.88671868254388,465719,3.88,121.959951846111,-119.307807941394,464630,213,paced,NA,NA,NaN,15.4639175257732,0.0570197153557288,0.205272143076193,1,0,463779,464438,464437,465218,464201,464630,1.70019280980671,-1.55708304147059,0.844,0.384,1291.10976870363,1305.81615510267,1.316,1.56,NaN,465219,NaN,1,95395.1042692583,97962.557950768,-0.0311941232777589,-0.0546048334594149,-0.00425845036526327,3.15673049321415e-05,6.27527526211401e-05,2.50396079324295e-05,-0.00940111208024418,0.00683370957866125,1,0.898000000000025,0.864000000000033,0.0339999999999918,927.558,33.9999999999918,1,0,1,0,paced,0.882684374086858,67.974467161119,0.0385188647246248,95395.1042692583,95395.1042692583
465719,465719,NaN,6,3.88671868254388,168.777880968271,466096,8.88588956248621,467738,4.03800000000001,162.391576845756,-103.879463989563,466696,214,paced,NA,NA,NaN,14.8588410104011,0.0502632313490363,0.218386466899408,1,0,465719,466423,466422,467466,466096,466696,2.03236908840657,-1.43648838513074,0.754,0.546,1490.08251527974,1683.64582832903,1.406,2.086,NaN,467467,NaN,0.542,106202.862813089,121619.916801001,-0.0419541621934021,-0.0402960910733382,-0.00266824037055125,4.73098860812382e-05,3.21109693203099e-05,1.40181972049953e-05,-0.00683621844622312,0.00909410738871097,1,0.894599552572715,0.846000000000004,0.0485995525727116,931.438,48.5995525727116,1,0,1,0,paced,0.86860693246953,69.076123799075,0.0559511451682047,106202.862813089,106202.862813089
467738,467738,NaN,6,8.88588956248621,217.882996924863,468115,7.47854775348461,469725,3.97400000000005,209.700778266877,-116.645475984835,468604,215,paced,NA,NA,NaN,15.0981378963259,0.0380584498531447,0.240583427064408,1,0,467738,468350,468349,469208,468115,468604,2.49005259340665,-1.5548929778022,0.754,0.508,1609.95936831479,1571.21889642546,1.222,1.716,NaN,469209,NaN,1.032,115449.776907647,113282.213838221,-0.0523218108624353,-0.0575110801390328,-0.00379307979353318,5.90918432903095e-05,6.14908361421297e-05,2.06368073107209e-05,-0.0100512972491694,0.011359486559386,1,0.92999999999995,0.889999999999986,0.0399999999999636,935.476,39.9999999999636,1,0,1,0,paced,0.90685725215367,66.1625629144032,0.0441083752762287,115449.776907647,115449.776907647
469725,469725,NaN,6,7.47854775348461,121.224918685886,470163,4.53086481755077,471689,3.928,115.220212400369,-107.212537383865,470597,216,paced,NA,NA,NaN,15.2749490835031,0.0302793364426659,0.278332469420143,1,0,469725,470413,470412,471314,470163,470597,1.72237483713231,-1.44247589564383,0.876,0.368,1338.88680110227,1410.61525275643,1.374,1.802,NaN,471315,NaN,0.748,100057.219130388,105572.995219446,-0.0302278619949108,-0.0525976235589757,-0.00332241332555609,3.0411280336436e-05,5.51825905673125e-05,1.93583744001357e-05,-0.00903729203807292,0.00677487785334474,1,0.894000000000005,0.879999999999995,0.01400000000001,939.45,14.00000000001,1,0,1,0,paced,0.889051464092522,67.4876567030274,0.0157471198973843,100057.219130388,100057.219130388
471689,471689,NaN,6,4.53086481755077,140.866087476578,472084,10.6355279163972,473738,4.09799999999996,133.282891109604,-111.610471252697,472627,217,paced,NA,NA,NaN,14.6412884333823,0.0414330729967488,0.25869793616557,1,0,471689,472395,472394,473337,472084,472627,1.9210311756719,-1.52832129917229,0.79,0.464,1587.11884279989,1686.40957896584,1.41,1.884,NaN,473338,NaN,0.8,117162.213349386,125141.389573475,-0.0372763830060652,-0.0448626895846561,-0.0032774854823145,3.99004998897109e-05,4.11058724529465e-05,1.78891319444569e-05,-0.00781647902344882,0.00803952108221573,1,0.909910514541405,0.868000000000052,0.0419105145413532,943.378,41.9105145413532,1,0,1,0,paced,0.888517378932039,67.5282233332538,0.0471690430993346,117162.213349386,117162.213349386
473738,473738,NaN,6,10.6355279163972,130.628921200223,474106,8.43671262380917,475863,4.25,121.09280093012,-103.679076838737,474671,218,paced,NA,NA,NaN,14.1176470588235,0.0432141750443234,0.262104671975924,1,0,473738,474460,474459,475546,474106,474671,1.73734654946608,-1.46934106161556,0.736,0.422,1518.84661450123,1646.3943991285,1.442,2.172,NaN,475547,NaN,0.632,114434.956574304,125300.000948645,-0.0372888170111273,-0.0404339759572266,-0.00280555651441759,3.88487195140036e-05,4.1292472053334e-05,1.59889996579116e-05,-0.0068017198694727,0.0072966973841706,1,0.922000000000025,0.891999999999939,0.0300000000000864,947.476,30.0000000000864,1,0,1,0,paced,0.908961195745393,66.0094185327648,0.0330047092664775,114434.956574304,114434.956574304
475863,475863,NaN,6,8.43671262380917,227.597652156482,476211,14.794849525417,477872,4.01800000000003,215.981871081869,-100.099249608747,476788,219,paced,NA,NA,NaN,14.9328023892483,0.0443208750174764,0.226416453997607,1,0,475863,476476,476475,477511,476211,476788,2.55896276769947,-1.37553702681229,0.696,0.624,1655.02276786533,1712.20577427889,1.224,2.07,NaN,477512,NaN,0.72,119672.227066402,124768.144337965,-0.0577656300395763,-0.0469270445776276,-0.00202604572984709,6.92050663651674e-05,4.36660543638693e-05,1.57530859036549e-05,-0.00806584194068988,0.0122832516860669,1,0.910008752735225,0.891999999999939,0.0180087527352861,951.726,18.0087527352861,1,0,1,0,paced,0.900673045527576,66.616848697692,0.0199947726033451,119672.227066402,119672.227066402
477872,477872,NaN,6,14.794849525417,158.963556528943,478140,10.2298856874463,479726,3.70799999999997,146.451188922511,-112.522509168807,478670,220,paced,NA,NA,NaN,16.1812297734629,0.0450647962938332,0.199353999318601,1,0,477872,478448,478447,479391,478140,478670,2.11531380417055,-1.44007326287381,0.536,0.444,1530.06340054482,1554.53569412325,1.15,1.886,NaN,479392,NaN,0.668,113460.182981812,117203.478791815,-0.0607841491228881,-0.0471228167719301,-0.0027754226117685,4.7376141511682e-05,4.37188269114471e-05,1.65478031669904e-05,-0.00815909507198236,0.00852551198875207,1,0.892000000000053,0.875999999999976,0.0160000000000764,955.744,16.0000000000764,1,0,1,0,paced,0.881661839542849,68.0533026484515,0.0181475473730071,113460.182981812,113460.182981812
479726,479726,NaN,6,10.2298856874463,160.613129450883,480100,12.2825023594027,481795,4.13800000000003,149.356935427459,-104.053955886972,480684,221,paced,NA,NA,NaN,14.4997583373609,0.0538353218161504,0.213562896035828,1,0,479726,480426,480425,481444,480100,480684,2.10769228944866,-1.49324755079277,0.748,0.516,1643.92927681284,1742.56658933722,1.398,2.036,NaN,481445,NaN,0.7,120943.108492908,128114.407360613,-0.0441517540086163,-0.0431399940452169,-0.00245802698025337,5.03244815784663e-05,3.70214370563588e-05,1.62051473083397e-05,-0.0074147621614828,0.00953812865216386,1,0.892000000000053,0.867999999999938,0.0240000000001146,959.452,24.0000000001146,1,0,1,0,paced,0.882546018723616,67.9851234123464,0.0271940493650684,120943.108492908,120943.108492908
481795,481795,NaN,6,12.2825023594027,156.535100854609,482127,7.56930259059079,483751,3.91199999999992,146.609198379613,-100.81098503497,482704,222,paced,NA,NA,NaN,15.3374233128837,0.054605202385754,0.200793830018838,1,0,481795,482465,482464,483463,482127,482704,1.93796476640408,-1.40992057271013,0.664,0.478,1545.71516977864,1588.96544703777,1.338,1.996,NaN,483464,NaN,0.574,114578.969084111,119494.091801158,-0.0460118941530285,-0.0409419423477336,-0.00239572771272884,4.93727597783268e-05,3.66682521796699e-05,1.46578087402555e-05,-0.00714804730016573,0.00833888549089945,1,0.886000000000014,0.853845433255306,0.0321545667447078,963.59,32.1545667447079,1,0,1,0,paced,0.868688540857342,69.0696344869286,0.0370150695357087,114578.969084111,114578.969084111
483751,483751,NaN,6,7.56930259059079,156.493050311733,484187,8.86163884551382,485699,3.89600000000007,148.277579593681,-102.175028740533,484665,223,paced,NA,NA,NaN,15.4004106776178,0.0601087776878506,0.0859199140396394,1,0,483751,484444,484443,485320,484187,484665,1.88311843113414,-1.36191851752855,0.872,0.442,1344.61409637783,1361.0374604187,1.384,1.752,NaN,485321,NaN,0.756,100335.453100471,103262.4475723,-0.0345269007915921,-0.0478200356289347,-0.00304303361885819,3.88641072367084e-05,4.41819098828294e-05,1.7575376590675e-05,-0.00812738453969943,0.00858412715914914,1,0.894000000000005,0.851999999999975,0.04200000000003,967.502,42.00000000003,1,0,1,0,paced,0.868583286608295,69.0780042916693,0.0483546030042031,100335.453100471,100335.453100471
485699,485699,NaN,6,8.86163884551382,131.743280952286,486034,15.0489305406479,487862,4.32600000000002,119.787996259205,-85.9650078539473,486725,224,paced,NA,NA,NaN,13.8696255201109,0.0685835085442103,0.0878993722124492,1,0,485699,486437,486436,487861,486034,486725,1.69062063950378,-1.22005443382543,0.67,0.576,1446.00765729441,1705.99115154962,1.474,2.848,NaN,NaN,NaN,NaN,108965.12804345,130461.713766972,-0.0392162424016573,-0.0293729603876394,-0.00302655984612726,4.20713060521545e-05,2.44223435705698e-05,1.24951922485045e-05,-0.00508522492798427,0.00715029431098435,1,0.883256235827625,0.831999999999994,0.0512562358276314,971.398,51.2562358276314,1,0,1,0,paced,0.857027427720222,70.0094280058294,0.0598069958670729,108965.12804345,108965.12804345
487862,487862,NaN,6,15.0489305406479,146.258266843119,488121,10.2444440817665,489739,3.75399999999991,133.611579531912,-87.3323884158915,488737,225,paced,NA,NA,NaN,15.9829515183808,0.274775855437806,0.0869971517198836,1,0,487862,488492,488491,489738,488121,488737,1.87391503386976,-1.13865389171316,0.518,0.49,1496.70907311689,1508.2267465274,1.258,2.492,NaN,NaN,NaN,NaN,117005.438817792,122145.221361098,-0.0568979820737972,-0.0342480969712457,-0.00265815212272819,4.62079930728617e-05,3.00400964893193e-05,1.26191391612201e-05,-0.00593464394346204,0.00812298001196321,1,0.898000000000025,0.864000000000033,0.0339999999999918,975.724,33.9999999999918,1,0,0,0,paced,0.879948954489643,68.185773383638,0.0386386049173856,117005.438817792,117005.438817792
489739,489739,NaN,6,10.2444440817665,131.543561809266,490040,-0.836454828918791,491590,3.702,126.839567182842,-121.603963463417,490690,226,paced,NA,NA,NaN,16.2074554294976,0.285179929746241,0.0845777904233542,2,0,489739,490473,490472,491589,490040,490690,1.64030777917053,-1.5037765588297,0.602,0.434,1761.20807725152,1839.92458815329,1.466,2.232,NaN,NaN,NaN,NaN,142575.83359518,149173.659654756,-0.0412656604198387,-0.0350730023189871,-0.00245754228660135,3.24446628594154e-05,4.39183777937473e-05,1.76439834054561e-05,-0.0058868928514938,0.00660471823815745,1,0.890801781737184,0.830000000000041,0.0608017817371432,979.478,60.8017817371432,1,0,0,0,paced,0.857893120718408,69.9387820591864,0.070873376028738,142575.83359518,142575.83359518
491590,491590,NaN,6,-0.836454828918791,137.220661345015,491899,-22.6499261239744,493360,3.54000000000008,148.963851821462,-104.424939339236,492565,227,paced,NA,NA,NaN,16.9491525423725,0.288165262586426,0.100772019594409,1,0,491590,492330,492329,493359,491899,492565,1.74469188059817,-1.30453684336012,0.618,0.47,1753.69164813047,1887.16924304579,1.478,2.058,NaN,NaN,NaN,NaN,143634.408333164,156923.355217376,-0.0413845826404641,-0.0324058711115328,-0.0032916878586356,3.70052495711841e-05,3.45713672716668e-05,1.80021718910913e-05,-0.00572585396587443,0.00769049627090013,1,0.888000000000034,0.850000000000023,0.0380000000000109,983.18,38.0000000000109,1,0,0,0,paced,0.866819676536535,69.2185487063884,0.0438384141807252,143634.408333164,143634.408333164
493360,493360,NaN,6,-22.6499261239744,135.461556513775,493641,36.6861416345832,494056,1.39199999999994,128.44344875847,49.5825293393453,493956,228,paced,NA,NA,NaN,43.103448275864,0.27596111293966,0.0870045250762939,1,0,493360,493956,493955,494055,493641,493956,1.57321364050685,0.623506397471356,0.562,0,1192.18004861224,156.304155007786,1.19,0.198,NaN,NaN,NaN,NaN,102721.861931508,3863.42359273524,-0.0458264238700965,-0.0450584980831829,-0.107216743432417,4.99193526241152e-05,3.13073824125835e-05,5.27620622525826e-05,-0.0032623864384694,0.00924435262337625,0,0.888000000000034,0.851581081081091,0.0364189189189428,986.72,36.4189189189428,0,0,0,0,paced,0.878127521888112,68.3272059062567,0.0414733828642979,102721.861931508,102721.861931508
494056,494056,NaN,6,36.6861416345832,176.72639658186,494167,28.9465351550789,495546,2.98000000000002,143.910058187029,-144.17325360254,494477,229,paced,NA,NA,NaN,20.1342281879193,0.326716044103236,0.157279277225031,1,0,494056,494296,494295,495545,494167,494477,1.40729589874477,-1.59844244676195,0.222,0.362,508.488772168598,1944.88279220361,0.478,2.498,NaN,NaN,NaN,NaN,56632.8979682026,172704.776839119,-0.13718357283621,-0.0711367952960321,-0.00475442471375206,5.18853138287096e-05,0.000101254999472687,2.25958386995418e-05,-0.0117233912078315,0.00538420587088684,1,0.885999999999967,0.846000000000004,0.0399999999999636,988.112,39.9999999999636,1,0,0,0,paced,0.874981014354774,68.5729164583589,0.0457152776388643,56632.8979682026,56632.8979682026
495546,495546,NaN,6,28.9465351550789,182.960624175102,495816,19.5322600403768,497576,4.06000000000006,158.721226577374,-112.436771266123,496474,230,paced,NA,NA,NaN,14.7783251231525,0.327495851760912,0.137019697451385,1,0,495546,496196,496195,497379,495816,496474,2.1409622742999,-1.28341828001053,0.54,0.556,1760.70537397341,1669.09453401134,1.298,2.366,NaN,497380,NaN,0.392,155641.257590037,149926.08787131,-0.062844831817677,-0.0362612130383817,-0.00279017292835058,4.89831780588678e-05,2.94700582622868e-05,1.20547612349368e-05,-0.00636631384735283,0.00886772257786517,1,0.910571428571458,0.855999999999995,0.0545714285714634,991.092,54.5714285714634,1,0,0,0,paced,0.873378546510989,68.6987334869749,0.0624831337905742,155641.257590037,155641.257590037
497576,497576,NaN,6,19.5322600403768,119.359655655156,497955,-84.5576521741514,499131,3.1099999999999,151.872351722043,-102.016500562573,498786,231,paced,NA,NA,NaN,19.2926045016083,0.332556191622154,0.142186238203596,1,0,497576,498434,498433,499130,497955,498786,1.3072116378478,-1.0960729948333,0.758,0.704,1462.20487585867,1254.44072130649,1.714,1.392,NaN,NaN,NaN,NaN,130767.319173339,114643.348738013,-0.0287095447908941,-0.0200542707904696,-0.0102225330700418,1.86469369852719e-05,1.52024165696041e-05,1.21320789512906e-05,-0.00347790709779616,0.00437134926694516,1,0.912000000000035,0.810000000000059,0.101999999999975,995.152,101.999999999975,1,0,0,0,paced,0.851482036902917,70.4653737831477,0.119791135431322,130767.319173339,130767.319173339
499131,499131,NaN,6,-84.5576521741514,167.338823183158,500025,24.0085092735053,501630,4.99800000000005,197.613394633481,-129.379697617505,500695,232,paced,NA,NA,NaN,12.0048019207682,0.178550565785786,0.155685803604213,1,0,499131,500451,500450,501629,500025,500695,1.83680399639873,-1.4470623599339,1.788,0.488,2372.40990232358,1623.27890113637,2.638,2.356,NaN,NaN,NaN,NaN,212166.353086656,147363.088537733,-0.0221009049117785,-0.0347005885542615,-0.00440366643940272,1.82242558664299e-05,3.15578924203518e-05,1.82588397489409e-05,-0.005933194371873,0.00714399027524826,1,0.892000000000053,0.84800000000007,0.0439999999999827,998.262,43.9999999999827,1,0,1,0,paced,0.870013387365138,68.9644560317765,0.0505739344232829,212166.353086656,212166.353086656
501630,501630,NaN,6,24.0085092735053,179.935300475392,501972,25.7731104359333,503588,3.91600000000005,155.044490620673,-144.656491497907,502561,233,paced,NA,NA,NaN,15.3217568947904,0.147891268739858,0.183312427092181,1,0,501630,502317,502316,503587,501972,502561,2.10545824244814,-1.52491228747651,0.684,0.488,1865.39782494447,2030.97961392068,1.372,2.54,NaN,NaN,NaN,NaN,164803.045712601,181491.097204815,-0.0488778512074659,-0.0433148526250575,-0.00403515136707449,3.52819608339467e-05,3.65896886228211e-05,1.51762622076352e-05,-0.00748948416140903,0.00815055853890367,1,0.895119638826153,0.827999999999975,0.0671196388261787,1003.26,67.1196388261787,1,0,1,0,paced,0.858179059035834,69.9154790230027,0.0782116950063868,164803.045712601,164803.045712601
503588,503588,NaN,6,25.7731104359333,164.100450472961,503875,21.4255958643823,505777,4.37799999999993,140.501097322804,-125.578256084137,504620,234,paced,NA,NA,NaN,13.7048880767476,0.162450958725809,0.185323850577079,1,0,503588,504299,504298,505567,503875,504620,1.97325324299416,-1.40509198311259,0.574,0.642,1828.72023691702,1946.93104748585,1.42,2.536,NaN,505568,NaN,0.418,157830.968063117,168167.377477134,-0.0550300937758127,-0.0315739932333354,-0.00270930597344566,3.7905568353703e-05,2.61562851078134e-05,1.13015963646115e-05,-0.00573435899984869,0.00724898261637252,1,0.895999999999958,0.847999999999956,0.0480000000000018,1007.176,48.0000000000018,1,0,1,0,paced,0.867186275438959,69.1892868918258,0.0553514295134627,157830.968063117,157830.968063117
505777,505777,NaN,6,21.4255958643823,138.502569050213,506140,16.3701750836849,507823,4.09199999999998,119.604683576179,-109.685814170106,506749,235,paced,NA,NA,NaN,14.6627565982405,0.180309405116709,0.222488164174087,1,0,505777,506446,506445,507476,506140,506749,1.57096079546539,-0.992733991773124,0.726,0.606,1459.24007148056,1231.19120933569,1.336,2.06,NaN,507477,NaN,0.692,134921.856081187,134491.3888702,-0.0357230579783643,-0.029748600513136,-0.00210823017099825,2.25078752882764e-05,3.14577223917292e-05,1.33111858371762e-05,-0.00549832649277516,0.00542073194231452,1,0.885999999999967,0.841999999999985,0.0439999999999827,1011.554,43.9999999999827,1,0,1,0,paced,0.859719318259975,69.790219581708,0.0511794943598991,134921.856081187,134921.856081187
507823,507823,NaN,6,16.3701750836849,130.880589586286,508214,11.1583064730635,509615,3.58400000000006,117.116348807911,-114.813364687593,508667,236,paced,NA,NA,NaN,16.7410714285711,0.214998200700821,0.889001094179464,1,0,507823,508485,508484,509428,508214,508667,1.14003575355774,-0.994136566729375,0.782,0.364,924.679058969441,977.300882796531,1.322,1.886,NaN,509429,NaN,0.372,111802.919319231,119683.429547318,-0.0232696369917033,-0.034006143262287,-0.00220932290990939,2.0676214644871e-05,3.9165984302631e-05,1.31853535249859e-05,-0.00589928416329582,0.00413971071230729,1,0.882000000000062,0.846000000000004,0.0360000000000582,1015.646,36.0000000000582,1,0,0,0,paced,0.85618116611678,70.0786263170571,0.0420471757903022,111802.919319231,111802.919319231
509615,509615,NaN,6,11.1583064730635,198.485409005238,509984,56.4524835305846,512034,4.83799999999997,164.680014003414,-123.178471748337,511402,237,paced,NA,NA,NaN,12.4018189334437,0.297682883040481,0.819031657031671,2,0,509615,510436,510435,512033,509984,511402,1.50147719687481,-0.951933406080775,0.738,1.932,1223.08255478174,1942.92019803441,1.64,3.194,NaN,NaN,NaN,NaN,141289.288837913,227242.636469323,-0.0320465123026951,-0.0120770919079247,-0.00378301710631911,3.54544484913179e-05,1.1715711830502e-05,1.11179923569589e-05,-0.00161226278804427,0.00666757070487689,1,0.861999999999966,0.789999999999964,0.0720000000000027,1019.23,72.0000000000027,1,0,0,0,paced,0.827037556659738,72.5480959320997,0.087057715118523,141289.288837913,141289.288837913
512034,512034,NaN,6,56.4524835305846,223.991511944935,512253,-19.6936417745579,513463,2.85799999999995,205.612091066922,-106.442795273276,512701,238,paced,NA,NA,NaN,20.9937018894336,0.28952321675377,0.738554568773069,2,0,512034,512522,512521,512922,512253,512701,1.44382848564418,-0.694105717561238,0.438,0.358,948.700443123639,383.178384557086,0.974,0.8,NaN,512923,NaN,1.08,116914.659720901,48430.5488963931,-0.0614044347276809,-0.0342369170154573,-0.008004298361652,4.05782893764481e-05,4.44877249932395e-05,3.55023846752906e-05,-0.00593165822848485,0.0059113058329161,1,0.83400000000006,0.740000000000009,0.0940000000000509,1024.068,94.0000000000509,1,0,0,0,paced,0.798024769241203,75.1856362266182,0.117790830088432,116914.659720901,116914.659720901
513463,513463,NaN,6,-19.6936417745579,646.199535938525,513665,-36.3799624452349,514756,2.58600000000001,674.236338048421,-345.309055870587,514338,239,paced,NA,NA,NaN,23.2018561484918,0.308495465862452,0.674412709161387,2,0,513463,513847,513846,514547,513665,514338,4.04808828228556,-2.09957734536377,0.404,0.982,1777.95184634208,1860.57513095864,0.766,1.4,NaN,514548,NaN,0.416,266517.566780295,248304.872919929,-0.150459181925924,-0.070095541335407,-0.0128918811509364,0.000194589827241327,0.000120654437622289,9.77757468241559e-05,-0.00797891640235484,0.0262982085567507,1,0.814000000000078,0.7457081081081,0.0682918918919779,1026.926,68.2918918919779,1,0,0,0,paced,0.781222190181539,76.8027339137119,0.0874167333573927,266517.566780295,266517.566780295
514756,514756,NaN,6,-36.3799624452349,533.033858562108,514941,-2.1468324548973,515754,1.99600000000009,552.297256012174,-237.320745040135,515319,240,paced,NA,NA,NaN,30.0601202404795,0.309574383072485,0.598201481295173,1,0,514756,515121,515120,515558,514941,515319,2.86914982356219,-1.56688853268806,0.37,0.396,1267.95849578048,955.376701803302,0.728,0.874,NaN,515559,NaN,0.39,196008.911252525,133322.001662684,-0.117785999685917,-0.0866164834072818,-0.014092338592939,0.000145662331996166,0.000125981001773472,7.48725414865966e-05,-0.0144899336687632,0.0182436422169219,1,0.827999999999975,0.794000000000096,0.0339999999998781,1029.512,33.9999999998781,1,0,0,0,paced,0.8129934595479,73.8013317270296,0.0418207546451669,196008.911252525,196008.911252525
515754,515754,NaN,6,-2.1468324548973,275.900304992117,516046,0.470766353717915,517344,3.18000000000006,276.738338042706,-257.879356747663,516569,241,paced,NA,NA,NaN,18.8679245283015,0.213148529049607,0.561387567013424,2,0,515754,516237,516236,516847,516046,516569,2.01735534123639,-1.79033996079599,0.584,0.664,1162.47015170364,1298.63494520391,0.964,1.22,NaN,516848,NaN,0.992,167041.339659453,179210.222181096,-0.0521254656760049,-0.0505619917921914,-0.00576595513174715,5.04382364739589e-05,5.19910297727457e-05,3.98231867685153e-05,-0.00801320258527634,0.00959684747889034,1,0.837493917274901,0.810000000000173,0.0274939172747281,1031.508,27.4939172747281,1,0,0,0,paced,0.818969051850201,73.2628416964585,0.0335713751485654,167041.339659453,167041.339659453
517344,517344,NaN,6,0.470766353717915,216.542771112196,517644,4.43869200916557,518524,2.3599999999999,214.088041930754,-144.863651311078,517965,242,paced,NA,NA,NaN,25.4237288135604,0.239187960424173,0.536301985221019,1,0,517344,517807,517806,518260,517644,517965,1.30954289285425,-0.966112725464712,0.6,0.316,630.030838455113,561.237306325125,0.924,0.906,NaN,518261,NaN,0.526,93216.6591675332,84028.9410380176,-0.033698478996597,-0.0518360465073469,-0.00692315882017803,4.39123567419927e-05,6.80545084711265e-05,3.52339531001781e-05,-0.00863550391452171,0.00666798299565996,1,0.867999999999938,0.837493917274901,0.0305060827250373,1034.688,30.5060827250373,1,0,0,0,paced,0.855806854287576,70.1092772269831,0.0356459901813153,93216.6591675332,93216.6591675332
518524,518524,NaN,6,4.43869200916557,250.917362638026,518719,29.3656264102394,520347,3.64599999999996,234.015203428323,-206.31833517166,519504,243,paced,NA,NA,NaN,16.4563905650029,0.269284186805282,0.493368081965907,1,0,518524,519262,518953,519926,518719,519504,1.57356546452931,-1.43008399284349,0.39,0.484,768.201506557854,1042.06113093281,0.858,1.328,518954,519927,0.616,0.84,112530.012396853,139934.772508007,-0.0653699243947813,-0.0293046457669989,-0.00853904948235322,7.25628622164249e-05,4.81840982344225e-05,2.71750317192192e-05,-0.00328548376854159,0.00953122630379899,1,0.859124423963112,0.837999999999965,0.0211244239631466,1037.048,21.1244239631466,1,0,0,0,paced,0.844510297313733,71.0470910666826,0.0250138145506815,112530.012396853,112530.012396853
520347,520347,NaN,7,29.3656264102394,282.703226399372,520754,12.661064690728,523916,7.13800000000015,261.689880848889,-256.444750072503,521569,244,paced,NA,NA,NaN,8.40571588680285,0.340893523299491,0.205741500256822,3,0,520347,521390,521389,523326,520754,521569,1.90980200088512,-2.08516346280701,0.814,0.358,2656.81162518796,3126.06060966732,2.084,3.872,NaN,523327,NaN,1.178,359783.438900593,395032.163532838,-0.0377564581429401,-0.0371318740691686,-0.00352434297714543,3.3463211854682e-05,5.74459618707459e-05,1.80680552714244e-05,-0.00420023279431868,0.00699462993151201,1,0.932000000000016,0.751999999999953,0.180000000000064,1040.694,180.000000000064,1,0,0,0,paced,0.839624189814033,71.4605423806207,0.214381627141938,359783.438900593,359783.438900593
523916,523916,NaN,7,12.661064690728,192.806748904181,524319,16.8369462123611,525623,3.41399999999999,178.057743452637,-226.407394420243,524928,245,paced,NA,NA,NaN,17.5746924428823,0.372365631440712,0.219397125565281,2,0,523916,524534,524533,525205,524319,524928,1.96032078587418,-1.63992928370254,0.806,0.788,1268.55497568448,1349.89468585604,1.234,1.342,NaN,525206,NaN,0.834,144640.864029328,157015.398808485,-0.0374993688960487,-0.0437867485814083,-0.00711114408635875,4.10833453461446e-05,5.87507456674832e-05,5.57348500276834e-05,-0.00652383158098116,0.00887346795743427,1,0.902000000000044,0.809999999999945,0.0920000000000982,1047.832,92.0000000000982,1,0,0,0,paced,0.848738082956373,70.6931869853237,0.108396220044279,144640.864029328,144640.864029328
525623,525623,NaN,7,16.8369462123611,192.508362728238,526140,9.82420697709496,527932,4.61799999999994,179.17778613351,-177.095353291819,526545,246,paced,NA,NA,NaN,12.9926375054138,0.33610576299848,0.202858268468083,2,0,525623,526362,526361,527415,526140,526545,1.63735512059711,-1.60292973376946,1.034,0.366,1610.91524088674,1742.75344378399,1.476,2.106,NaN,527416,NaN,1.032,183424.440312168,203941.976477791,-0.0251556661193428,-0.0581492109499991,-0.00400249374239583,3.06684441638279e-05,7.48437006611881e-05,2.1938946420048e-05,-0.00993302021334357,0.00624933620409018,1,0.894363636363574,0.840000000000146,0.0543636363634281,1051.246,54.3636363634281,1,0,0,0,paced,0.871527613102798,68.8446345221226,0.0623774112788964,183424.440312168,183424.440312168
527932,527932,NaN,7,9.82420697709496,192.938654923122,528404,13.9319307893936,529943,4.02199999999993,181.060586039878,-142.528533657659,528812,247,paced,NA,NA,NaN,14.9179512680261,0.325911109095027,0.206215062318129,3,0,527932,528608,528607,529194,528404,528812,1.85080513031989,-1.50761776530215,0.944,0.408,1424.86337966136,1282.93864711649,1.35,1.172,NaN,529195,NaN,1.496,154540.325353162,134754.051630246,-0.0300284501335863,-0.0593041493362154,-0.0108089842030658,2.96844137728054e-05,6.66627435297608e-05,3.74815471345555e-05,-0.0102497977452994,0.00682521700386141,1,0.884139954853284,0.817999999999984,0.0661399548533005,1055.864,66.1399548533005,1,0,0,0,paced,0.837199346485485,71.6675189151503,0.0790014410916017,154540.325353162,154540.325353162
529943,529943,NaN,7,13.9319307893936,161.361540735197,530234,6.04175578359061,531403,2.92000000000007,151.374697448705,-80.2212063386666,530759,248,paced,NA,NA,NaN,20.5479452054789,0.168093924564672,0.21086497586853,1,0,529943,530420,530419,531000,530234,530759,1.27853846538948,-0.697909595520933,0.582,0.678,628.886252696625,508.382956186189,0.952,1.16,NaN,531001,NaN,0.804,64119.0152888278,48217.9320332813,-0.0367751199047622,-0.0281328083538936,-0.00415354292250828,5.14009790731443e-05,4.37480040311039e-05,3.23265445799397e-05,-0.00402995261422937,0.00754988113207933,1,0.849999999999909,0.838000000000193,0.0119999999997162,1059.886,11.9999999997162,1,0,1,0,paced,0.845266660398465,70.9835165765506,0.0141967033149744,64119.0152888278,64119.0152888278
531403,531403,NaN,7,6.04175578359061,230.137574197093,531856,7.31171875176399,533514,4.22199999999998,223.460836929416,-153.730568651326,532245,249,paced,NA,NA,NaN,14.2112742775936,0.15505356064713,0.226005360673063,1,0,531403,532055,532054,533218,531856,532245,2.4163866731131,-1.72158202597465,0.906,0.38,1925.87016217155,2197.07735957689,1.302,2.326,NaN,533219,NaN,0.59,186111.95449556,203376.282053537,-0.0399857752105731,-0.0765417458925998,-0.00408594069705002,3.34205808521373e-05,9.81290698087058e-05,2.35088420968488e-05,-0.0133635233322014,0.00695869895297963,1,0.861999999999853,0.814000000000078,0.0479999999997744,1062.806,47.9999999997744,1,0,1,0,paced,0.837534532302233,71.6388371892807,0.0573110697511553,186111.95449556,186111.95449556
533514,533514,NaN,7,7.31171875176399,256.029578810979,533820,0.617752186574519,535260,3.49199999999996,252.06484334181,-149.864483292487,534318,250,paced,NA,NA,NaN,17.1821305841926,0.143306726386995,0.250688939882641,1,0,533514,534008,534007,534613,533820,534318,2.64697383544604,-1.51731134606288,0.612,0.62,1297.07024932256,1191.6137059799,0.986,1.21,NaN,534614,NaN,1.292,120338.911089869,99020.5498653178,-0.0695898761770005,-0.0620592911531492,-0.00792230574456312,9.70821447604807e-05,8.90016229682421e-05,6.18310237983349e-05,-0.00936307357891178,0.0151690879604618,1,0.854055944055932,0.820153846153836,0.0339020979020959,1067.028,33.9020979020959,1,0,1,0,paced,0.837930418551368,71.6049909057237,0.0404593235327422,120338.911089869,120338.911089869
535260,535260,NaN,7,0.617752186574519,139.25902921362,535693,-0.990158454403255,537595,4.67000000000007,139.445232347534,-98.1230367908099,536017,251,paced,NA,NA,NaN,12.8479657387578,0.14536976730557,0.36103234617365,2,0,535260,535882,535881,536936,535693,536017,1.52350004332204,-1.0895159971212,0.866,0.27,990.80018881193,1187.01818599357,1.242,2.108,NaN,536937,NaN,1.316,90871.2304842171,103231.895266267,-0.0265242095748647,-0.0587008810658271,-0.00488541801985261,3.1528881138413e-05,7.05657932800736e-05,3.6708609713845e-05,-0.00961226666963094,0.006216987855439,1,0.820153846153836,0.782000000000153,0.0381538461536837,1070.52,38.1538461536837,1,0,0,0,paced,0.799782420271538,75.0204036488188,0.0477052823200714,90871.2304842171,90871.2304842171
537595,537595,NaN,7,-0.990158454403255,158.79174882538,538014,13.059628734797,539625,4.05999999999995,152.757013685183,-145.675470317218,538520,252,paced,NA,NA,NaN,14.7783251231529,0.0958102982949334,0.346363850551349,2,0,537595,538337,538336,539419,538014,538520,1.86538633591089,-1.51110540811174,0.838,0.366,1575.74795830814,1793.92005361868,1.482,2.164,NaN,539420,NaN,0.41,146473.218386721,178244.707718726,-0.0335843472476732,-0.048707402704928,-0.00415623114542092,4.42318026524868e-05,6.21509717414989e-05,2.09194904170697e-05,-0.0081121887858622,0.00899557310077381,1,0.844000000000051,0.777999999999793,0.0660000000002583,1075.19,66.0000000002583,1,0,0,0,paced,0.80021134145143,74.9801919717503,0.0824782111692481,146473.218386721,146473.218386721
539625,539625,NaN,7,13.059628734797,139.765138340417,540008,-13.4858366978483,541551,3.85200000000009,139.978242321943,-89.8011870009756,540329,253,paced,NA,NA,NaN,15.5763239875386,0.124577222559091,0.352864144522417,3,0,539625,540193,540192,540589,540008,540329,1.65922316770887,-0.938609741097609,0.766,0.272,1000.43407191749,519.812824829719,1.134,0.792,NaN,540590,NaN,1.922,96507.0835806335,55349.0922989901,-0.0340400072066649,-0.0588025148846976,-0.0114793383204166,3.49664038590816e-05,7.16325116352774e-05,3.88208796583616e-05,-0.00961174049773324,0.00650577237710415,1,0.847999999999956,0.800554455445714,0.0474455445542425,1079.25,47.4455445542425,1,0,0,0,paced,0.826995174065748,72.5518139423022,0.0573710053481769,96507.0835806335,96507.0835806335
541551,541551,NaN,7,-13.4858366978483,293.724356773432,542089,-47.7261472018829,543396,3.68999999999983,324.330348723298,-142.547070030872,542421,254,paced,NA,NA,NaN,16.2601626016268,0.105902019163285,0.39562406677492,2,0,541551,542261,542260,543014,542089,542421,1.6714423718134,-0.967899270914498,1.076,0.32,874.224129184846,834.939634910373,1.418,1.506,NaN,543015,NaN,0.762,141106.480814838,138313.628688389,-0.0249927570370262,-0.0576659089996681,-0.00348039056654816,3.1193880919304e-05,7.41051675989865e-05,2.34573388053341e-05,-0.00963733114409918,0.00805505535466877,1,0.804000000000087,0.729340482573699,0.0746595174263883,1083.102,74.6595174263883,1,0,0,0,paced,0.776996580294012,77.220417079952,0.0960873179108941,141106.480814838,141106.480814838
543396,543396,NaN,7,-47.7261472018829,267.095214869281,543743,5.19548866415621,545381,3.97000000000003,288.360544138144,-256.412019446583,544264,255,paced,NA,NA,NaN,15.1133501259445,0.209958599624398,0.337809026281956,1,0,543396,543941,543940,544569,543743,544264,1.81189338209653,-1.4788372017561,0.694,0.646,967.027746080798,1084.85159535698,1.088,1.256,NaN,544570,NaN,1.622,176527.839574542,172967.451190887,-0.0413973695157197,-0.0447584074369216,-0.00464325197307422,4.5472731800621e-05,4.67786307266674e-05,3.61954465540972e-05,-0.00696358336620352,0.00793571386815994,1,0.771704485488062,0.720000000000027,0.0517044854880346,1086.792,51.7044854880346,1,0,0,0,paced,0.74720284801098,80.299479799518,0.0691973881331818,176527.839574542,176527.839574542
545381,545381,NaN,7,5.19548866415621,221.52646596414,545797,38.6515639071306,547823,4.88400000000001,199.602939678497,-207.115371736569,547193,256,paced,NA,NA,NaN,12.2850122850122,0.251170673785688,0.408831020272996,3,0,545381,546164,546163,547496,545797,547193,1.19314409843806,-1.25951479159668,0.832,2.058,1032.85696608463,1451.59981394424,1.564,2.664,NaN,547497,NaN,0.652,165541.311205298,238450.556649983,-0.0220730509029317,-0.0141283931679925,-0.00450347752466594,2.83256738371159e-05,2.79557487783795e-05,2.66117382889883e-05,-0.00126668730408522,0.00713310128965072,1,0.771999999999935,0.72199999999998,0.0499999999999545,1090.762,49.9999999999545,1,0,0,0,paced,0.746890982664128,80.333008956652,0.0669441741304824,165541.311205298,165541.311205298
547823,547823,NaN,7,38.6515639071306,395.383448968245,548533,64.9146236729503,550049,4.452,343.600355178204,-800.490982824087,549098,257,paced,NA,NA,NaN,13.4770889487871,0.225962489140816,0.492468909086722,4,0,547823,548707,548706,549492,548533,549098,2.61368941670451,-4.65970954923629,1.42,0.782,3097.72738480457,3879.06263695458,1.766,1.57,NaN,549493,NaN,1.112,489149.474828028,612575.811301508,-0.0293979732107941,-0.09316383381111,-0.0116963090790335,3.16885826613129e-05,0.000101845102330852,8.12960894918476e-05,-0.0144282105434057,0.0177489716024795,1,0.870000000000118,0.703999999999951,0.166000000000167,1095.646,166.000000000167,1,0,0,0,paced,0.774139763794145,77.5053844359233,0.214431563606271,489149.474828028,489149.474828028
550049,550049,NaN,7,64.9146236729503,230.912606206434,550435,-67.9578019442148,553247,6.39599999999996,232.434195342066,-158.907028127006,550837,258,paced,NA,NA,NaN,9.38086303939969,0.236405622743867,0.51817271398191,2,0,550049,550654,550653,551645,550435,550837,1.57677966127374,-1.07536378364292,0.772,0.366,1251.59333197588,1126.9623932298,1.208,1.982,NaN,551646,NaN,3.202,192576.713117298,177320.53922839,-0.0363366305421425,-0.0469284172157575,-0.00717371269473954,2.65066560261878e-05,5.46695461071212e-05,1.80714464125677e-05,-0.0081097135265306,0.00560030347465745,1,0.920000000000073,0.839999999999918,0.0800000000001546,1100.098,80.0000000001546,1,0,0,0,paced,0.87474705227451,68.5912571456955,0.0914550095277707,192576.713117298,192576.713117298
553247,553247,NaN,7,-67.9578019442148,97.6985364167747,554802,82.0147781066905,556567,6.6400000000001,90.6700483355368,-58.1176599748138,556340,259,paced,NA,NA,NaN,9.03614457831312,0.210586680909645,0.543599645168767,2,0,553247,555283,555282,556566,554802,556340,0.699797387881005,-0.455622722328985,3.11,2.114,1443.57476935049,748.985855058658,4.07,2.566,NaN,NaN,NaN,NaN,206843.607451917,105151.021233381,-0.00528758549594724,-0.00559245205513012,-0.00500096875325595,5.03573678210959e-06,8.05510362607678e-06,1.26115332762321e-05,-0.000618052416765956,0.00854512669186669,0,0.936000000000149,0.817999999999984,0.118000000000166,1106.494,118.000000000166,0,0,0,0,paced,0.871914791148479,68.8140637240119,0.13533432532408,206843.607451917,206843.607451917
556567,556567,NaN,7,82.0147781066905,140.671229841348,556758,62.533314352394,559226,5.31799999999998,68.3971836118057,-110.21469716069,558162,260,paced,NA,NA,NaN,11.2824370063934,0.221900694926695,0.568597776374868,2,0,556567,557798,557199,559225,556758,558162,1.6260734988082,-1.4890075417259,0.382,0.728,1180.52825261749,2539.0417160961,1.264,2.854,557200,NaN,1.196,NaN,107433.824967086,191382.504575201,-0.0747310185941437,-0.0158707048821964,-0.00887215920784846,4.74741327930661e-05,1.60956844328352e-05,1.64216949230153e-05,-0.0017978244072956,0.00883910946198463,1,0.920000000000073,0.827999999999975,0.0920000000000982,1113.134,92.0000000000982,1,0,0,0,paced,0.886017901532436,67.7187220441318,0.103835373801113,107433.824967086,107433.824967086
559226,559226,NaN,7,62.533314352394,182.423292758096,559497,11.2834421825431,560962,3.47199999999998,145.514914490627,-109.80507142565,559917,261,paced,NA,NA,NaN,17.2811059907835,0.220575618801955,0.37738965245674,1,0,559226,559745,559744,560435,559497,559917,2.24254220125821,-1.38558004465019,0.542,0.344,1677.1195261657,1049.55815805665,1.036,1.38,NaN,560436,NaN,1.052,134458.675492351,88974.2941979811,-0.0806330061765317,-0.0619469402217183,-0.00474849274444017,3.8220790679902e-05,7.494319410436e-05,2.92679742779332e-05,-0.0110185823136288,0.00698276867559056,1,0.878004474272947,0.844000000000051,0.0340044742728964,1118.452,34.0044742728964,1,0,0,0,paced,0.85354972494848,70.2946744006292,0.0398388907862971,134458.675492351,134458.675492351
560962,560962,NaN,7,11.2834421825431,152.626296512869,561298,26.0556391472471,563542,5.16000000000008,133.956755847974,-133.386811325758,562127,262,paced,NA,NA,NaN,11.627906976744,0.199078925873191,0.261766860190119,1,0,560962,561769,561768,563254,561298,562127,2.0769595635372,-1.55875426320537,0.672,0.716,1831.34838487134,2543.54699596051,1.612,2.97,NaN,563255,NaN,0.574,146837.369222491,212157.125891166,-0.0491427938209396,-0.0305089560269163,-0.0037424546273025,6.40461614202942e-05,2.83209983414426e-05,1.21205651673024e-05,-0.00504076508540935,0.0108120415190361,1,0.847605633802783,0.787999999999784,0.0596056338029998,1121.924,59.6056338029998,1,0,1,0,paced,0.819355864788954,73.2282547528411,0.0727469422805104,146837.369222491,146837.369222491
563542,563542,NaN,7,26.0556391472471,157.301532336834,563943,1.34515050287795,565720,4.35599999999999,143.601137511772,-163.804163135484,564429,263,paced,NA,NA,NaN,13.7741046831956,0.14085103953474,0.222083214535732,1,0,563542,564244,564243,564873,563943,564429,1.85214588929975,-1.78191856290787,0.802,0.37,1686.20636724797,1344.97702545924,1.402,1.258,NaN,564874,NaN,1.692,150128.385038619,119948.349083835,-0.0371043935393968,-0.0542341207032757,-0.00823274967407665,3.03177511217202e-05,6.27209502834069e-05,3.4868788461505e-05,-0.00925290074638782,0.00627991982547604,1,0.87987850467291,0.809999999999945,0.0698785046729641,1127.084,69.8785046729641,1,0,1,0,paced,0.842703655362756,71.1994063609134,0.0829218008350559,150128.385038619,150128.385038619
565720,565720,NaN,7,1.34515050287795,159.900748554169,566319,5.48956741851956,567973,4.50599999999986,156.48338959347,-182.440160750733,566699,264,paced,NA,NA,NaN,13.3155792276968,0.129827704959065,0.0565003431879936,1,0,565720,566508,566507,567320,566319,566699,1.95483241613491,-2.06911397078176,1.198,0.382,1716.23172108512,1835.76706231273,1.574,1.624,NaN,567321,NaN,1.304,146769.704203363,156974.845103983,-0.0239900809308534,-0.0768713782976365,-0.00573052783710097,2.00547866267125e-05,9.35691620758016e-05,3.1022035535817e-05,-0.0131363680205844,0.00563455030890514,1,0.884000000000015,0.854000000000042,0.0299999999999727,1131.44,29.9999999999727,1,0,1,0,paced,0.861602226978415,69.6377030157132,0.0348188515078249,146769.704203363,146769.704203363
567973,567973,NaN,7,5.48956741851956,148.520524825478,568543,7.37460417677364,570552,5.15800000000013,142.088439027831,-132.574304114562,569083,265,paced,NA,NA,NaN,11.6324156649861,0.096129459986521,0.0666457811622976,1,0,567973,568791,568790,569935,568543,569083,1.81962802643008,-1.71311352488621,1.14,0.584,1990.00127419368,2231.1831494968,1.634,2.288,NaN,569936,NaN,1.232,164086.021505072,183476.700586506,-0.0249178336668785,-0.0464620684134314,-0.00268201619197608,2.96922268304078e-05,5.200833330804e-05,1.88978663689446e-05,-0.00847574975064928,0.00732134653179151,1,0.86354166666671,0.825999999999794,0.0375416666669156,1135.946,37.5416666669156,1,0,1,0,paced,0.839151378576588,71.5008060902851,0.0447376571442875,164086.021505072,164086.021505072
570552,570552,NaN,7,7.37460417677364,153.418093376722,570964,1.33392897376508,572730,4.35599999999999,149.063826801452,-108.893345705905,571338,266,paced,NA,NA,NaN,13.7741046831956,0.089472625916042,0.100963140483203,1,0,570552,571166,571165,572010,570964,571338,1.80801224317891,-1.36275196241672,0.824,0.344,1234.67350662241,1215.00536976009,1.226,1.688,NaN,572011,NaN,1.438,104079.686753659,100898.629529212,-0.0340891300807074,-0.0610905963852372,-0.00336599944895143,3.55676608128389e-05,7.10480676950171e-05,2.15433256170987e-05,-0.0104286997861637,0.0074890977078117,1,0.857999999999947,0.83884009546552,0.0191599045344277,1141.104,19.1599045344277,1,0,1,0,paced,0.846677287003731,70.8652528194436,0.0226295246471438,104079.686753659,104079.686753659
572730,572730,NaN,7,1.33392897376508,136.891812915689,573222,5.21095189173557,574859,4.25800000000004,133.619372482938,-128.83289528244,573636,267,paced,NA,NA,NaN,14.0911225927664,0.0878721163220263,0.129093222802661,1,0,572730,573445,573444,574366,573222,573636,1.86451797243653,-1.6313080452134,0.984,0.382,1520.15394417878,1595.14055266222,1.428,1.842,NaN,574367,NaN,0.984,120726.700445848,128141.665222224,-0.0280901509924189,-0.0606632957690295,-0.00304282237849444,2.6171005437983e-05,7.08888906818086e-05,2.02954414050454e-05,-0.0105157005721261,0.00639251563024934,1,0.865534883721018,0.836000000000013,0.0295348837210054,1145.46,29.5348837210054,1,0,1,0,paced,0.847143385968848,70.8262627009478,0.0348640905544313,120726.700445848,120726.700445848
574859,574859,NaN,7,5.21095189173557,137.016992911225,575474,8.34876643151655,577506,5.29399999999987,130.237133749599,-91.6839811299195,575986,268,paced,NA,NA,NaN,11.3335851907823,0.203139482190372,0.14107096565168,1,0,574859,575710,575709,577061,575474,575986,1.92961997308031,-1.44841668518734,1.23,0.552,1921.63424647543,2185.60847690788,1.7,2.702,NaN,577062,NaN,0.888,141680.942631879,155743.726853755,-0.0229751712061258,-0.0471746514961977,-0.0027981450600531,1.83372913170227e-05,5.1551445549521e-05,1.51533289625774e-05,-0.00836747297641449,0.00576597506767573,1,0.874000000000024,0.846000000000004,0.02800000000002,1149.718,28.00000000002,1,0,0,0,paced,0.858443878922255,69.8939109162591,0.0326171584276109,141680.942631879,141680.942631879
577506,577506,NaN,7,8.34876643151655,126.346912980538,577842,16.578928983888,579772,4.53200000000015,113.883065272836,-107.383707578532,578605,269,paced,NA,NA,NaN,13.2391879964691,0.203588087864422,0.474702183692678,2,0,577506,578259,578258,579652,577842,578605,1.70848644730203,-1.3209926878985,0.672,0.692,1714.22108152653,1940.31188167167,1.504,2.786,NaN,579653,NaN,0.238,123438.312599373,143087.711983576,-0.0400418199165042,-0.0278343721354296,-0.00255438353752861,4.14898206659657e-05,2.99748254982652e-05,1.36076456314348e-05,-0.00531176048507143,0.00716363113543739,1,0.862354838709749,0.827999999999975,0.0343548387097741,1155.012,34.3548387097741,1,0,0,0,paced,0.837153616279494,71.6714338124155,0.041037675812063,123438.312599373,123438.312599373
579772,579772,NaN,7,16.578928983888,134.350092077293,580186,31.8676161263959,582282,5.01999999999998,110.126819522151,-81.4311567206362,581575,270,paced,NA,NA,NaN,11.9521912350598,0.218834040423663,0.460385909408897,2,0,579772,580584,580583,582044,580186,581575,1.66145119543435,-1.0743024274419,0.828,1.982,1511.84044314688,1930.15124131381,1.622,2.92,NaN,582045,NaN,0.474,110491.897620793,140003.589497779,-0.0323984372429424,-0.0139542768937035,-0.00239148750853806,2.6991497825281e-05,1.502145738531e-05,1.18526213126624e-05,-0.00179876354403482,0.00569126401076847,1,0.874000000000024,0.792000000000144,0.0819999999998799,1159.544,81.9999999998799,1,0,0,0,paced,0.82436830700912,72.7830018328642,0.0994701025047688,110491.897620793,110491.897620793
582282,582282,NaN,7,31.8676161263959,144.844034194371,582560,-69.7852460157043,583593,2.62199999999984,163.802849139025,-72.784516044936,583323,271,paced,NA,NA,NaN,22.8832951945094,0.213165264040449,0.458634892632123,1,0,582282,582883,582882,583592,582560,583323,1.80328507034104,-0.967202430948612,0.556,0.88,1414.33169754042,1102.4715352428,1.2,1.418,NaN,NaN,NaN,NaN,109551.531485651,83252.3170835573,-0.0561598736384399,-0.0251506627598523,-0.00944091295543666,3.69289406456398e-05,2.08886982459962e-05,1.48847828144824e-05,-0.00417457825269274,0.00679484655875817,1,0.875999999999976,0.868000000000166,0.00799999999981083,1164.564,7.99999999981083,1,0,0,0,paced,0.872662423207414,68.7551089681092,0.00916734786219778,109551.531485651,109551.531485651
583593,583593,NaN,7,-69.7852460157043,253.721646766846,584669,-83.2493799906033,586182,5.17800000000011,330.23895977,-104.656982488153,585767,272,paced,NA,NA,NaN,11.5874855156429,0.21115428078609,0.427539343815821,1,0,583593,585109,585108,585975,584669,585767,2.77170545933754,-1.27049451859463,2.152,1.316,2749.26957045292,1487.70443247499,3.03,1.732,NaN,585976,NaN,0.412,208900.772167627,117850.053557222,-0.0248157614402227,-0.0256061739612918,-0.00958813944369477,2.83542658107111e-05,2.54210558283176e-05,1.8506883688156e-05,-0.00375767283410956,0.0128381772267947,1,0.871693363844419,0.788000000000011,0.0836933638444083,1167.186,83.6933638444083,1,0,0,0,paced,0.831030802840073,72.1994898323241,0.100710302865289,208900.772167627,208900.772167627
586182,586182,NaN,7,-83.2493799906033,179.543794590897,587106,36.1991917927856,589038,5.71199999999999,203.068888689806,-90.6643046196277,588659,273,paced,NA,NA,NaN,10.5042016806723,0.217448398359245,0.3974031557296,1,0,586182,587526,587525,589037,587106,588659,2.05805067200394,-1.05870198606239,1.848,2.266,2170.97498016908,1920.06339907505,2.686,3.022,NaN,NaN,NaN,NaN,175422.346530571,157748.715434738,-0.0241208690164544,-0.0139947453208004,-0.00360606717686726,2.39618783234882e-05,1.38457643778479e-05,1.33954806625223e-05,-0.00163736531472424,0.00813231429166983,0,0.88799999999992,0.825999999999794,0.0620000000001255,1172.364,62.0000000001255,0,0,0,0,paced,0.849979016821057,70.5899778848677,0.0729429771478443,175422.346530571,175422.346530571
589038,589038,NaN,7,36.1991917927856,169.120067016577,589316,30.5652362438344,591356,4.63599999999997,135.737852998267,-160.350013502283,590361,274,paced,NA,NA,NaN,12.9421915444349,0.22077929929856,0.372635495221273,1,0,589038,589826,589825,590693,589316,590361,1.92196795837485,-1.5319339882799,0.556,1.07,1881.54941303589,1632.55564122625,1.574,1.734,NaN,590694,NaN,1.324,154637.364423639,138258.124329145,-0.0562434244375648,-0.0229203164626739,-0.00496017638903132,3.3898865376668e-05,1.67860027810641e-05,2.1630688976878e-05,-0.00381179259590355,0.00680770182611867,1,0.844000000000051,0.785999999999831,0.0580000000002201,1178.076,58.0000000002201,1,0,0,0,paced,0.818603661792001,73.2955431309144,0.0708523583601527,154637.364423639,154637.364423639
591356,591356,NaN,7,30.5652362438344,219.328026821614,591603,36.1395730187022,593620,4.52800000000002,185.975622190345,-126.716421672602,592902,275,paced,NA,NA,NaN,13.2508833922261,0.131918853198666,0.35957575156507,2,0,591356,592041,592040,593352,591603,592902,2.13921072176218,-1.34808095193315,0.494,1.722,1651.19710283524,2006.03660386604,1.368,2.622,NaN,593353,NaN,0.534,149395.614708704,177017.492186987,-0.0701745865005415,-0.0187288344774299,-0.00261706161761135,5.63373748036985e-05,1.75971583082125e-05,1.44937486142963e-05,-0.00260819519557051,0.00932697924412973,1,0.836000000000013,0.794000000000096,0.0419999999999163,1182.712,41.9999999999163,1,0,0,0,paced,0.820300529274875,73.1439245236603,0.0512007471664602,149395.614708704,149395.614708704
593620,593620,NaN,7,36.1395730187022,169.661225068823,593906,12.2797273268335,595686,4.13200000000006,145.451574896055,-123.234643515466,594467,276,paced,NA,NA,NaN,14.5208131655371,0.132887580605108,0.203492448365026,1,0,593620,594235,594234,595271,593906,594467,1.93627173270072,-1.26634535286255,0.572,0.464,1608.26274132398,1498.07629318357,1.228,2.072,NaN,595272,NaN,0.828,149621.523607442,147619.268214752,-0.0573984990313781,-0.0401859013042264,-0.00328393123440861,3.57354989241625e-05,3.89741993096951e-05,1.67520236460617e-05,-0.00714324588390473,0.00684729082829472,1,0.867999999999938,0.834824940048002,0.0331750599519359,1187.24,33.1750599519359,1,0,1,0,paced,0.855969780658213,70.0959325384851,0.0387572794058516,149621.523607442,149621.523607442
595686,595686,NaN,7,12.2797273268335,161.951816771956,596106,46.2871555745269,598314,5.25599999999986,132.668375321275,-183.280949063904,597367,277,paced,NA,NA,NaN,11.4155251141556,0.112172890630021,0.199092071695205,1,0,595686,596573,596572,597753,596106,597367,1.61015889873912,-1.68834269502938,0.84,1.588,1511.11368223806,2170.48272795746,1.772,2.36,NaN,597754,NaN,1.12,143170.044655782,209524.31226033,-0.0300604106658116,-0.0183901229596167,-0.00416330842509249,2.6639170797506e-05,1.59848693661643e-05,1.63662229685416e-05,-0.00263585631613736,0.00575703527902194,1,0.865999999999985,0.812000000000126,0.0539999999998599,1191.372,53.9999999998599,1,0,1,0,paced,0.845154025788896,70.9929766281287,0.0638936789651501,143170.044655782,143170.044655782
598314,598314,NaN,7,46.2871555745269,227.32242956888,598577,5.555900273134,600309,3.99000000000001,201.400901645049,-193.739230594657,599145,278,paced,NA,NA,NaN,15.0375939849624,0.121076632828992,0.178443901272879,1,0,598314,598934,598933,599642,598577,599145,2.31018369496065,-1.8376001887525,0.526,0.422,1867.95822519505,1441.16877306822,1.238,1.416,NaN,599643,NaN,1.332,185791.710572855,147371.482282086,-0.0744776386176056,-0.0519128678269247,-0.00564225232811374,4.46475774629233e-05,4.45101834320645e-05,2.84519606185941e-05,-0.00849671987248943,0.0080375645570967,1,0.87731954022983,0.837999999999965,0.0393195402298642,1196.628,39.3195402298642,1,0,1,0,paced,0.86081130923392,69.7016864862023,0.0456773044313935,185791.710572855,185791.710572855
600309,600309,NaN,7,5.555900273134,233.160131457924,600699,27.0646782776182,602923,5.22800000000007,216.849842182548,-238.349089913319,601774,279,paced,NA,NA,NaN,11.4766641162967,0.120000677685364,0.191759140247074,1,0,600309,601086,601085,602346,600699,601774,2.21283903071386,-2.24978172686164,0.78,1.376,1758.34252323019,2402.38214090961,1.552,2.52,NaN,602347,NaN,1.152,169872.562574693,229232.75901112,-0.0432027799723236,-0.0291514038111803,-0.00266531429336802,4.74709570918376e-05,2.62829415684111e-05,2.18419017600771e-05,-0.0039020374290669,0.00951326038387879,1,0.885999999999967,0.815999999999804,0.0700000000001637,1200.618,70.0000000001637,1,0,1,0,paced,0.849287258297673,70.6474745897697,0.0824220536882574,169872.562574693,169872.562574693
602923,602923,NaN,7,27.0646782776182,220.686890021233,603251,25.1259713397441,605023,4.20000000000005,194.591565212552,-153.92677170105,603967,280,paced,NA,NA,NaN,14.2857142857141,0.13320775608421,0.176440339311502,1,0,602923,603719,603718,605022,603251,603967,1.99923379705198,-1.41542618104938,0.656,0.496,1661.00795617898,1907.50199661553,1.59,2.606,NaN,NaN,NaN,NaN,163138.891390555,190403.818111279,-0.0503165209012823,-0.0334013194754789,-0.00366403990613873,4.94572812611594e-05,2.97350229323909e-05,1.57880766957157e-05,-0.00497353903223933,0.00834596933851195,1,0.884261851015775,0.851999999999862,0.0322618510159135,1205.846,32.2618510159135,1,0,1,0,paced,0.859692554064227,69.7923923108882,0.037527196046301,163138.891390555,163138.891390555
605023,605023,NaN,7,25.1259713397441,190.498639105056,605358,42.1333547677868,607610,5.17399999999998,156.868976051291,-115.443558135389,606756,281,paced,NA,NA,NaN,11.5964437572478,0.123012253066758,0.13835740645655,1,0,605023,605909,605908,607316,605358,606756,1.77517636852458,-1.20221343436825,0.67,1.694,1562.04355138206,1975.101542215,1.77,2.814,NaN,607317,NaN,0.586,148714.047722163,190218.819071162,-0.0438756931022129,-0.0147090266894175,-0.0027404541970045,4.46039399235722e-05,1.19965571161207e-05,9.83664691958393e-06,-0.00219039068422895,0.00760277123640551,1,0.8599999999999,0.799999999999955,0.0599999999999454,1210.046,59.9999999999454,1,0,1,0,paced,0.823996759878388,72.8158203059625,0.0728158203058962,148714.047722163,148714.047722163
607610,607610,NaN,7,42.1333547677868,190.953066912465,607879,43.9610892163998,609954,4.68799999999987,147.905844920372,-168.507508176448,609271,282,paced,NA,NA,NaN,12.798634812287,0.113745958371896,0.161909296940773,1,0,607610,608312,608311,609953,607879,609271,1.85657269660899,-1.57478611053902,0.538,1.918,1524.38074588548,1942.72735601588,1.402,3.282,NaN,NaN,NaN,NaN,151584.869163075,189493.993133205,-0.0602946001543722,-0.0176746910160159,-0.00408167321762803,3.81663793301416e-05,1.99201742587664e-05,1.79426915929209e-05,-0.0019855637277969,0.00678769643424659,1,0.851052132701305,0.801999999999907,0.0490521327013974,1215.22,49.0521327013974,1,0,1,0,paced,0.82961909959781,72.3223465191283,0.0591260889788788,151584.869163075,151584.869163075
609954,609954,NaN,7,43.9610892163998,206.354528887875,610214,24.7542692286115,611871,3.83400000000006,171.99684966537,-128.497732194489,610807,283,paced,NA,NA,NaN,15.6494522691703,0.109544691565499,0.143310266216494,1,0,609954,610562,610561,611452,610214,610807,2.10710671424033,-1.29721303774032,0.52,0.49,1640.91684766434,1299.02472928863,1.214,1.78,NaN,611453,NaN,0.836,163125.652378829,133471.58157618,-0.0662843183289726,-0.040306105664279,-0.00352648008001709,4.76383320062343e-05,3.39860196189887e-05,1.81895209077329e-05,-0.00697638016196446,0.00833906917098881,1,0.881999999999834,0.848000000000184,0.0339999999996508,1219.908,33.9999999996508,1,0,1,0,paced,0.86543545825552,69.3292601171479,0.0392865807326469,163125.652378829,163125.652378829
611871,611871,NaN,7,24.7542692286115,203.395867514183,612220,38.8571479849895,614282,4.82200000000012,171.590158907383,-154.929985218428,613306,284,paced,NA,NA,NaN,12.4429697221067,0.117990478393463,0.109628573584477,1,0,611871,612683,612682,614008,612220,613306,1.90953876273203,-1.59816621651843,0.698,1.246,1607.32803015461,2242.71161550503,1.622,2.65,NaN,614009,NaN,0.546,159256.811832302,223121.9108808,-0.0439865703903995,-0.0227311790947628,-0.00410362491155744,4.64793147059846e-05,2.06119328885969e-05,1.59676222327084e-05,-0.00352726227975411,0.00823120340897754,1,0.868119266054981,0.807999999999993,0.0601192660549887,1223.742,60.1192660549887,1,0,1,0,paced,0.824151349210706,72.8021619541876,0.0729468757317031,159256.811832302,159256.811832302
614282,614282,NaN,7,38.8571479849895,174.107079606696,614649,36.633229741422,616412,4.25999999999999,136.36189074349,-166.128565372347,615597,285,paced,NA,NA,NaN,14.0845070422536,0.106642851813727,0.118054383595452,1,0,614282,615051,615050,616058,614649,615597,1.74767084609895,-1.65723262206497,0.734,1.092,1694.2306294313,2043.13702078571,1.536,2.014,NaN,616059,NaN,0.706,169813.567534998,210017.587953995,-0.0411889474924166,-0.0250177681959262,-0.00480885594537391,3.30539367946836e-05,1.88054106639076e-05,1.95908834195291e-05,-0.00435327054139152,0.00655526338126533,1,0.875812356979455,0.805999999999813,0.0698123569796427,1228.564,69.8123569796427,1,0,1,0,paced,0.832138411685935,72.1033894811302,0.0838951260983146,169813.567534998,169813.567534998
616412,616412,NaN,7,36.633229741422,175.640279149497,616746,55.3271740125513,618970,5.11599999999999,129.660077272511,-203.792912144249,618164,286,paced,NA,NA,NaN,11.7279124315872,0.110172407249946,0.120014557971149,2,0,616412,617308,617307,618667,616746,618164,1.69267934342011,-1.97304612190692,0.668,1.712,1807.71338432453,2552.88568122949,1.79,2.718,NaN,618668,NaN,0.604,180979.743832168,262267.384452679,-0.043372627893133,-0.0184949941258128,-0.00565410953257885,3.60334962165573e-05,1.75599597655278e-05,2.16577885343966e-05,-0.00270562470370636,0.00736411047744423,1,0.8900000000001,0.826000000000022,0.0640000000000782,1232.824,64.0000000000782,1,0,0,0,paced,0.859885526171308,69.7767297783853,0.0744285117637019,180979.743832168,180979.743832168
618970,618970,NaN,7,55.3271740125513,174.690099058358,619309,8.35279001197259,620957,3.97399999999993,142.850117046096,-158.750692431495,619868,287,paced,NA,NA,NaN,15.0981378963264,0.0853922497000806,0.11952014965941,1,0,618970,619662,619661,620397,619309,619868,1.5527431375993,-1.44740141997423,0.678,0.412,1537.17050141152,1153.54865841883,1.382,1.47,NaN,620398,NaN,1.118,165969.239857012,127589.154196755,-0.0425031731518603,-0.0386511716659868,-0.0037578701259624,2.73088630830389e-05,3.97285180042238e-05,2.37596596959896e-05,-0.00654580802814694,0.00473665575351689,1,0.897999999999911,0.884000000000015,0.0139999999998963,1237.94,13.9999999998963,1,0,1,0,paced,0.890861747924748,67.3505177877143,0.015715120817017,165969.239857012,165969.239857012
620957,620957,NaN,7,8.35279001197259,155.804982564958,621342,35.2292838975943,623352,4.78999999999996,134.013945610175,-215.436348442329,622338,288,paced,NA,NA,NaN,12.526096033403,0.0960585470531262,0.172646938214425,1,0,620957,621859,621858,622881,621342,622338,1.46758195545747,-2.01548986318291,0.77,0.958,1478.67538645883,2029.61049759101,1.802,2.044,NaN,622882,NaN,0.94,151170.027998073,210327.936197604,-0.0298438175502348,-0.0244255048760722,-0.00284814076984972,3.17933428930309e-05,1.95690717541314e-05,2.02876198701261e-05,-0.00388410250340521,0.00628236840624141,1,0.88799999999992,0.829999999999927,0.0579999999999927,1241.914,57.9999999999927,1,0,1,0,paced,0.851044679312291,70.5015864131652,0.0681515335327178,151170.027998073,151170.027998073
623352,623352,NaN,7,35.2292838975943,192.902842839873,623712,33.4580181843122,625797,4.8900000000001,158.55919179892,-193.550666627697,624731,289,paced,NA,NA,NaN,12.2699386503065,0.0870609730171994,0.180349137156225,1,0,623352,624246,624245,625429,623712,624731,1.73193588936808,-1.90351229778475,0.72,0.97,1727.90945899838,2114.01904270401,1.786,2.366,NaN,625430,NaN,0.734,175802.329115809,211560.071742286,-0.0408087536466456,-0.0249270340524705,-0.0037522417999166,3.49388070315124e-05,1.95639573082168e-05,1.70394000222194e-05,-0.00378635195710896,0.00642950242897022,1,0.865263888888892,0.805999999999813,0.0592638888890792,1246.704,59.2638888890792,1,0,1,0,paced,0.833528483153928,71.9831430030685,0.0711000164803425,175802.329115809,175802.329115809
625797,625797,NaN,7,33.4580181843122,150.461246089329,626201,20.3388303280724,628078,4.5619999999999,123.562821833137,-189.792680395889,626923,290,paced,NA,NA,NaN,13.1521262604124,0.10600052001034,0.172858966542837,1,0,625797,626614,626613,627550,626201,626923,1.65463522355408,-1.88252482810535,0.808,0.618,1761.53172119269,1870.75753638846,1.632,1.872,NaN,627551,NaN,1.054,173192.301439927,187037.626245147,-0.0344332899446414,-0.0345979462243748,-0.0039968862521721,2.46622857163253e-05,2.80849334200687e-05,2.00392297683154e-05,-0.00594519304082667,0.00510967101161874,1,0.869999999999891,0.837999999999965,0.0319999999999254,1251.594,31.9999999999254,1,0,1,0,paced,0.853817117851274,70.272659970787,0.0374787519843324,173192.301439927,173192.301439927
628078,628078,NaN,7,20.3388303280724,225.809888022123,628404,36.5089603154807,630683,5.21000000000004,197.385992700346,-121.567154723532,629784,291,paced,NA,NA,NaN,11.5163147792706,0.208179683599696,0.209570575854797,1,0,628078,628926,628925,630488,628404,629784,1.96874200100421,-1.14934574575065,0.652,1.716,1694.61460811036,2080.90483779641,1.694,3.124,NaN,630489,NaN,0.388,172607.275316042,216983.480605669,-0.0484206501826005,-0.015878363623047,-0.00264266706499047,5.2742189405907e-05,1.44552416474866e-05,9.68069098241984e-06,-0.00214789276150753,0.00867481611156995,1,0.852903981264705,0.791999999999916,0.0609039812647884,1256.156,60.9039812647884,1,0,0,0,paced,0.824190437504697,72.7987092178051,0.0738955203716996,172607.275316042,172607.275316042
630683,630683,NaN,7,36.5089603154807,163.63558673777,630973,37.4682224325372,632992,4.61799999999994,126.646995363761,-161.244778944622,632402,292,paced,NA,NA,NaN,12.9926375054138,0.281436967429983,0.22689834520266,1,0,630683,631380,631379,632737,630973,632402,1.58928249780633,-1.387457812297,0.58,2.044,1502.25749661167,1805.55435143901,1.392,2.714,NaN,632738,NaN,0.508,154099.958723101,175793.638527472,-0.0473767657236436,-0.0149486080018829,-0.0022106166787957,2.60137421111176e-05,1.59261761731277e-05,1.62326636605432e-05,-0.00192506662178232,0.0057131841543171,1,0.847999999999956,0.799999999999955,0.0480000000000018,1261.366,48.0000000000018,1,0,0,0,paced,0.825142072165439,72.7147506156614,0.0581718004925313,154099.958723101,154099.958723101
632992,632992,NaN,7,37.4682224325372,187.455528947074,633281,53.4022336812302,634929,3.87400000000002,142.02030089019,-163.827326900169,634359,293,paced,NA,NA,NaN,15.487867836861,0.273461593947978,0.260735250271227,2,0,632992,633687,633686,634744,633281,634359,1.89664226188641,-1.58262284963698,0.578,1.344,1809.44171228271,2245.19693583967,1.388,2.114,NaN,634745,NaN,0.368,180703.10737905,219756.339021901,-0.0536530526975202,-0.0231811073539659,-0.00643357682432342,3.25196339255205e-05,2.52597917832849e-05,2.66749265563936e-05,-0.00392399723832237,0.0073224336538433,1,0.846000000000004,0.821999999999889,0.0240000000001146,1265.984,24.0000000001146,1,0,0,0,paced,0.834075652895589,71.9359206706287,0.0287743682683889,180703.10737905,180703.10737905
634929,634929,NaN,7,53.4022336812302,202.242077608211,635416,-50.5235480652305,636188,2.51800000000003,200.802734800212,-228.167154053187,635921,294,paced,NA,NA,NaN,23.8284352660839,0.270668612849959,0.248991913259958,1,0,634929,635709,635708,636187,635416,635921,2.07602176798849,-2.07623376167336,0.974,0.424,2220.86405564067,1312.45616283919,1.558,0.956,NaN,NaN,NaN,NaN,214758.898187691,136103.782829249,-0.0375215904810955,-0.058904501675226,-0.013675923421304,2.17118112226e-05,5.73469565178788e-05,4.94908399882347e-05,-0.0100192734314286,0.00857404934359807,1,0.850268235294217,0.826000000000022,0.0242682352941954,1269.858,24.2682352941954,1,0,0,0,paced,0.834059475467454,71.9373159406559,0.0290965284946785,214758.898187691,214758.898187691
636188,636188,NaN,7,-50.5235480652305,91.7174962226651,636471,-2.37318397217449,637399,2.42200000000003,118.165862241368,-161.103292065769,637048,295,paced,NA,NA,NaN,24.7729149463251,0.243718746545047,0.357856260599985,1,0,636188,636759,636758,637398,636471,637048,1.06138478534861,-1.31707106698377,0.566,0.578,761.505532849834,990.490309542455,1.14,1.278,NaN,NaN,NaN,NaN,81635.3306059933,96384.1166271041,-0.0384612848782221,-0.0292708528380747,-0.00364490856767375,3.29428832854881e-05,2.43973788821496e-05,2.533869754069e-05,-0.00507709331805133,0.00899495387436208,1,0.888000000000147,0.850268235294217,0.0377317647059301,1272.376,37.7317647059301,1,0,0,0,paced,0.868641767537308,69.0733536450894,0.0434376587864335,81635.3306059933,81635.3306059933
637399,637399,NaN,7,-2.37318397217449,123.031271413987,637678,29.1151358816328,639564,4.32999999999993,109.660295459258,-99.0301299325208,638518,296,paced,NA,NA,NaN,13.8568129330256,0.275080598236511,0.332064877694499,1,0,637399,638018,638017,639281,637678,638518,1.25698466788183,-1.01991840074011,0.558,1,1014.23100352617,1632.2423094942,1.236,2.526,NaN,639282,NaN,0.564,99161.8541969407,163836.558516446,-0.0333367563209551,-0.019413159814512,-0.00365359999465212,2.50631170841236e-05,2.02048963326486e-05,1.56140588191738e-05,-0.00334255765235618,0.00604811392230037,1,0.88799999999992,0.850000000000136,0.0379999999997835,1274.798,37.9999999997835,1,0,0,0,paced,0.869621387979608,68.9955431517135,0.0436971773291696,99161.8541969407,99161.8541969407
639564,639564,NaN,7,29.1151358816328,170.168245360743,639945,-41.5458979732064,641715,4.30200000000013,176.38362640653,-103.453014901827,640463,297,paced,NA,NA,NaN,13.9470013946997,0.29766296851425,0.337136944057282,2,0,639564,640231,640230,640825,639945,640463,1.81970050276976,-1.04573751837212,0.762,0.464,1375.6548544919,775.959667638256,1.332,1.188,NaN,640826,NaN,1.778,131878.864420698,79684.2578763507,-0.0390879181127062,-0.0383288629256278,-0.00543630632757058,3.52077419983464e-05,3.26959465597397e-05,2.35975918417839e-05,-0.00653901061711061,0.00686772299568361,1,0.855999999999995,0.765999999999849,0.0900000000001455,1279.128,90.0000000001455,1,0,0,0,paced,0.810329560890264,74.0439481611424,0.111065922241893,131878.864420698,131878.864420698
641715,641715,NaN,7,-41.5458979732064,254.510604244066,642432,1.32395711051704,643907,4.38400000000001,274.621574675411,-187.377744773121,642883,298,paced,NA,NA,NaN,13.6861313868613,0.23580290992879,0.403958648954103,1,0,641715,642659,642658,643209,642432,642883,2.62339049768795,-1.82913423066071,1.434,0.448,1921.0364417034,1227.10141598,1.886,1.1,NaN,643210,NaN,1.394,181747.571919994,113543.735373037,-0.0324136420387467,-0.0694650363393633,-0.00868302432309644,3.83381518312368e-05,6.82183295324491e-05,4.85424918065508e-05,-0.0118822974583563,0.0104459127409144,1,0.934000000000196,0.79961012658242,0.134389873417776,1283.43,134.389873417776,1,0,0,0,paced,0.879550669240099,68.2166498171594,0.15279378223188,181747.571919994,181747.571919994
643907,643907,NaN,7,1.32395711051704,222.778867279363,644296,19.6427860086771,646596,5.37799999999993,212.295495719766,-162.891737642924,645368,299,paced,NA,NA,NaN,11.1565637783564,0.125609728628402,0.381654097714773,1,0,643907,644701,644700,645893,644296,645368,2.69158448856851,-1.73522696793989,0.778,1.334,2001.15708901233,2375.62526480577,1.586,2.384,NaN,645894,NaN,1.404,161963.081130027,191256.380674853,-0.0516125191412189,-0.0290966986106632,-0.00363922585255203,5.96074568902201e-05,3.09532145528259e-05,2.10656205324367e-05,-0.00405098177045522,0.0117982776348831,1,0.930372591006527,0.843999999999824,0.0863725910067039,1287.814,86.3725910067039,1,0,1,0,paced,0.872457341845207,68.7712706653402,0.0989992139031461,161963.081130027,161963.081130027
646596,646596,NaN,7,19.6427860086771,151.539240637262,647048,11.1345755945226,649331,5.47000000000003,136.150559835662,-146.624814748461,647946,300,paced,NA,NA,NaN,10.9689213893967,0.269351174954122,0.334794311695779,1,0,646596,647481,647480,648631,647048,647946,1.78554889525831,-1.6094188308727,0.904,0.93,1723.61001194754,1941.19625808802,1.768,2.3,NaN,648632,NaN,1.398,141354.911230354,159806.623364286,-0.0318304713439175,-0.025921776977867,-0.00255619737474627,2.76818772261229e-05,1.37148568494925e-05,1.17684494324869e-05,-0.00435176762761753,0.00643965886826114,1,0.869053364269229,0.817999999999984,0.0510533642692458,1293.192,51.0533642692458,1,0,0,0,paced,0.843360558180251,71.1439483599567,0.060535631852888,141354.911230354,141354.911230354
649331,649331,NaN,7,11.1345755945226,109.28771782609,649767,16.8508596697926,651999,5.33600000000001,95.2950001939326,-137.79193496212,650713,301,paced,NA,NA,NaN,11.2443778110944,0.301829459615222,0.338366836353611,2,0,649331,650165,650164,651343,649767,650713,1.43874520888409,-1.53648894436796,0.872,1.096,1507.50027537568,1893.75000051346,1.666,2.356,NaN,651344,NaN,1.31,124934.793863311,149781.15683069,-0.0259720974797492,-0.0223783339463511,-0.0022356926348181,2.45189468251526e-05,2.20200297284874e-05,1.79360388145746e-05,-0.00363305987244256,0.00548550634817557,1,0.870000000000118,0.822000000000116,0.0480000000000018,1298.662,48.0000000000018,1,0,0,0,paced,0.851481938936257,70.4653818904921,0.0563723055123958,124934.793863311,124934.793863311
651999,651999,NaN,7,16.8508596697926,161.96909608787,652404,17.8701634984974,654876,5.75399999999991,144.608584503725,-116.643925465017,653535,302,paced,NA,NA,NaN,10.427528675704,0.328525085802187,0.287617260620002,1,0,651999,652931,652930,654175,652404,653535,1.85861482704632,-1.58522115698281,0.81,1.208,1884.09005488677,2292.99864130989,1.862,2.488,NaN,654176,NaN,1.4,149877.671273301,183468.533031605,-0.0368235249335099,-0.0207958542971291,-0.00208758858421931,3.38722344158379e-05,1.26354780027807e-05,1.14645322298242e-05,-0.00344725702695456,0.00702938727976221,1,0.856843822843764,0.789999999999964,0.0668438228438006,1303.998,66.8438228438006,1,0,0,0,paced,0.826901589465792,72.5600249949479,0.0808364909384008,149877.671273301,149877.671273301
654876,654876,NaN,7,17.8701634984974,198.579531922317,655206,-51.5063140471249,655932,2.11200000000008,215.397607196631,-169.840075165746,655772,303,paced,NA,NA,NaN,28.4090909090898,0.366937354935494,0.290440901557027,1,0,654876,655570,655569,655931,655206,655772,2.29482907424496,-1.95133236386367,0.66,0.404,1868.91931181237,900.467046650719,1.386,0.722,NaN,NaN,NaN,NaN,155227.694221217,88905.0512164612,-0.0553272925955341,-0.0533183652013905,-0.0141815776266981,6.24484667373017e-05,5.35378253560544e-05,8.26720813809747e-05,-0.00837655215493442,0.0159977158126142,1,0.837999999999965,0.816000000000031,0.0219999999999345,1309.752,21.9999999999345,1,0,0,0,paced,0.827883226848619,72.4739891498867,0.026573796021546,155227.694221217,155227.694221217
655932,655932,NaN,7,-51.5063140471249,150.075700246643,656084,17.849571344283,657566,3.26800000000003,166.904071598064,-100.476012657345,656605,304,paced,NA,NA,NaN,18.3598531211749,0.418466447227558,0.320601163253625,1,0,655932,656226,656225,657172,656084,656605,1.45914366403229,-1.29275713389037,0.304,0.758,494.066423843377,1551.5711296161,0.586,1.892,NaN,657173,NaN,0.786,59747.9038087963,137626.824173462,-0.0838067871230118,-0.0384187731760548,-0.00380701218238745,0.000105092960459143,4.98502686074159e-05,2.07060431186789e-05,-0.00559013256523297,0.0156216708496671,1,0.886625850340195,0.817999999999984,0.0686258503402112,1311.864,68.6258503402112,1,0,0,0,paced,0.862605231943751,69.5567309101511,0.0795564967599062,59747.9038087963,59747.9038087963
657566,657566,NaN,8,17.849571344283,169.763849521536,657902,21.7990576598225,660214,5.29600000000005,149.939535019484,-166.684726033577,658868,305,paced,NA,NA,NaN,11.3293051359516,0.0736716163377785,0.0567850920979159,1,0,657566,658413,658412,659610,657902,658868,2.01040531023295,-1.77769584520576,0.672,0.91,1869.69198468422,2191.14288308838,1.692,2.394,NaN,659611,NaN,1.206,155409.749287914,184241.158788547,-0.0479374829930345,-0.0268625965911254,-0.00264293037246102,4.88593500125263e-05,1.72985551931893e-05,1.20582860974916e-05,-0.00443317300288965,0.00837628570989835,1,0.892000000000053,0.826000000000022,0.0660000000000309,1315.132,66.0000000000309,1,0,1,0,paced,0.845009493656652,71.0051194103855,0.0781056313514607,155409.749287914,155409.749287914
660214,660214,NaN,8,21.7990576598225,155.104480939329,660566,13.1195690038963,662724,5.01999999999998,137.64516760747,-157.111449562979,661448,306,paced,NA,NA,NaN,11.9521912350598,0.0757777606648876,0.106489066859018,1,0,660214,661013,661012,661979,660566,661448,1.86323078320334,-1.75764981565784,0.704,0.87,1758.75482654652,1898.13155240039,1.596,1.932,NaN,661980,NaN,1.488,150234.941670627,165433.813065484,-0.042638562563065,-0.0282238950841624,-0.00234629058955752,4.04767018531336e-05,1.77056709546352e-05,1.54000272541347e-05,-0.00490768271214885,0.00728568411212849,1,0.877981693363926,0.817999999999984,0.0599816933639421,1320.428,59.9816933639421,1,0,1,0,paced,0.846296180867088,70.897165030954,0.0708755335543247,150234.941670627,150234.941670627
662724,662724,NaN,8,13.1195690038963,144.986083796009,663102,12.1971755396545,665663,5.87799999999993,132.327711524234,-226.210622116703,664157,307,paced,NA,NA,NaN,10.2075535896565,0.0678950255323247,0.110372662715341,1,0,662724,663740,663739,664671,663102,664157,1.59393988379437,-2.41466767040685,0.756,0.834,1811.18258852032,2276.47429314882,2.03,1.862,NaN,664672,NaN,1.982,152632.294635754,190993.122247755,-0.0330666607559363,-0.0267080630756734,-0.00403031636370362,3.24799298732254e-05,1.81023865342197e-05,2.28865621210102e-05,-0.00403578571934419,0.0074447763746639,1,0.880863013698601,0.827999999999975,0.0528630136986269,1325.448,52.8630136986269,1,0,1,0,paced,0.861936443387838,69.6107009516505,0.061330523966302,152632.294635754,152632.294635754
665663,665663,NaN,8,12.1971755396545,152.400627006192,666086,23.6468638172507,668202,5.07799999999997,134.47860732774,-186.15394920631,666953,308,paced,NA,NA,NaN,11.8156754627807,0.0619996773624968,0.10857889582915,1,0,665663,666533,666532,667705,666086,666953,1.89270707740905,-2.05964003990248,0.846,0.84,1840.18083847826,2356.50056979535,1.738,2.344,NaN,667706,NaN,0.992,147452.808280236,190050.026171636,-0.0350721777370333,-0.0315323588075561,-0.00387846028328154,3.30839945615991e-05,2.08536323397637e-05,1.56679184097815e-05,-0.00511079300870658,0.00715059052679412,1,0.885999999999967,0.813999999999851,0.0720000000001164,1331.326,72.0000000001164,1,0,1,0,paced,0.837212686737281,71.6663769559289,0.0859996523472537,147452.808280236,147452.808280236
668202,668202,NaN,8,23.6468638172507,188.162460400686,668541,13.635828735484,671120,5.83600000000001,169.521114124319,-161.855506179412,669599,309,paced,NA,NA,NaN,10.2810143934201,0.0611005443929763,0.150037451031621,1,0,668202,669134,669133,670310,668541,669599,1.93076553126734,-1.90000122007805,0.678,0.93,1977.78840285818,2379.33751882021,1.862,2.352,NaN,670311,NaN,1.618,159021.250537675,192349.582893609,-0.0472094295070013,-0.0250367650699163,-0.00358614752593923,4.77368461866115e-05,1.97615171877989e-05,1.38167123830092e-05,-0.00402984736915763,0.00824966677077454,1,0.898780269058274,0.807999999999993,0.0907802690582811,1336.404,90.7802690582811,1,0,1,0,paced,0.857805874839008,69.945895405835,0.105828453407735,159021.250537675,159021.250537675
671120,671120,NaN,8,13.635828735484,134.179469850758,671723,1.37745531210277,673814,5.38799999999992,126.672827826965,-142.768077899874,672063,310,paced,NA,NA,NaN,11.1358574610247,0.0502345658868592,0.184843137692875,2,0,671120,671875,671874,672665,671723,672063,1.49922933150844,-1.80992943375331,1.206,0.376,1440.4070363296,1534.8619455288,1.508,1.58,NaN,672666,NaN,2.296,120387.313185079,124216.063683192,-0.0207458852571172,-0.0711425058757252,-0.00429445898053638,2.71341114684769e-05,8.87035195520231e-05,2.9687172823288e-05,-0.0119284545310104,0.00505720123072917,1,0.909999999999854,0.86711724137927,0.0428827586205847,1342.24,42.8827586205847,1,0,0,0,paced,0.88093363849765,68.1095571538446,0.0486787616530539,120387.313185079,120387.313185079
673814,673814,NaN,8,1.37745531210277,162.638024085029,674349,6.45607925758246,676517,5.40600000000018,158.721256800186,-144.797527543317,675034,311,paced,NA,NA,NaN,11.0987791342949,0.04097426904513,0.213197106393824,1,0,673814,674632,674631,675680,674349,675034,2.13271968373535,-1.97489045941126,1.07,0.804,1942.12072140006,2302.42797240208,1.634,2.096,NaN,675681,NaN,1.672,146873.175474607,169904.225161223,-0.029640211211946,-0.0415172366978377,-0.00245420739982009,2.61794735504971e-05,3.71296348773897e-05,1.79977281256043e-05,-0.00733568544768633,0.0071404545961159,1,0.86711724137927,0.817999999999984,0.0491172413792862,1347.628,49.1172413792862,1,0,1,0,paced,0.829712813469147,72.3141779010637,0.0591978821851865,146873.175474607,146873.175474607
676517,676517,NaN,8,6.45607925758246,114.820594643656,676905,9.6947742868672,679269,5.50399999999991,106.745167871432,-131.665374953214,677814,312,paced,NA,NA,NaN,10.9011627906979,0.0369449161886836,0.216693267191314,2,0,676517,677370,677369,678472,676905,677814,1.69153901158516,-1.8013476510433,0.776,0.888,1817.55948553434,2231.63061210408,1.704,2.204,NaN,678473,NaN,1.592,129327.680796825,161384.027076621,-0.0335114390878584,-0.0267493844416157,-0.0033694559737331,3.65332453457322e-05,2.24105438548791e-05,1.55786976398671e-05,-0.0048664317336549,0.00728531161322565,1,0.859674528301862,0.789999999999964,0.069674528301898,1353.034,69.674528301898,1,0,0,0,paced,0.82720750199009,72.5331913161479,0.0842285981863989,129327.680796825,129327.680796825
679269,679269,NaN,8,9.6947742868672,111.890665129779,679617,8.16260056592394,681989,5.44000000000005,102.961977703384,-123.572949033432,680593,313,paced,NA,NA,NaN,11.0294117647058,0.0338114823381125,0.252305462324217,1,0,679269,680088,680087,681275,679617,680593,1.68210322068729,-1.56745300842383,0.696,1.01,1755.03969049343,2040.70870927981,1.636,2.374,NaN,681276,NaN,1.426,122900.556500351,148852.319662714,-0.0376788669909321,-0.0229964973926186,-0.00234263366568675,3.55581338797396e-05,1.72164339262252e-05,1.19949851330987e-05,-0.00421438735608055,0.00618299837291247,1,0.865999999999985,0.823999999999842,0.0420000000001437,1358.538,42.0000000001437,1,0,1,0,paced,0.845349160135127,70.976589117814,0.0496836123826398,122900.556500351,122900.556500351
681989,681989,NaN,8,8.16260056592394,109.183793901708,682342,7.97169644819642,684687,5.39599999999996,101.116645394648,-130.352237322588,683223,314,paced,NA,NA,NaN,11.1193476649371,0.0630675440654779,0.271011597078853,1,0,681989,682871,682870,683926,682342,683223,1.56601637222339,-1.76244477283745,0.706,0.704,1683.03479101265,2046.07372136817,1.762,2.11,NaN,683927,NaN,1.52,123559.58204271,152722.326198308,-0.0350809313933606,-0.0266719527016851,-0.00313216038173314,4.00701927156828e-05,2.45521425680272e-05,1.5792617529979e-05,-0.00452268035335843,0.00716024278784333,1,0.857137529137476,0.802000000000135,0.0551375291373417,1363.978,55.1375291373417,1,0,1,0,paced,0.834984892673583,71.8575875162038,0.0660341637568961,123559.58204271,123559.58204271
684687,684687,NaN,8,7.97169644819642,157.767219409268,685013,13.7284450287934,687608,5.84199999999987,146.917148670773,-133.596470365075,686165,315,paced,NA,NA,NaN,10.2704553235196,0.0806831876162415,0.261616889758013,1,0,684687,685585,685584,686867,685013,686165,1.99706131960451,-1.65216792091723,0.652,1.16,1931.09743037825,2411.0311453801,1.794,2.564,NaN,686868,NaN,1.48,140006.656006383,179788.633940376,-0.0479190827951711,-0.0223109350449569,-0.00346582513285534,5.96651060445559e-05,2.25890365763768e-05,1.6203219003764e-05,-0.00362115079213894,0.00985385845319831,1,0.885999999999967,0.785999999999831,0.100000000000136,1369.374,100.000000000136,1,0,1,0,paced,0.841976847668817,71.2608668113882,0.118768111352476,140006.656006383,140006.656006383
687608,687608,NaN,8,13.7284450287934,205.264260417297,687966,16.0838221833868,690233,5.25,190.358126811207,-134.117296737228,688976,316,paced,NA,NA,NaN,11.4285714285714,0.0812183208705045,0.245629116273004,1,0,687608,688440,688439,689687,687966,688976,2.56127250214672,-1.80638560914872,0.716,1.072,2102.60238046384,2481.57808091096,1.662,2.494,NaN,689688,NaN,1.09,151903.168685492,185583.270585192,-0.0562901026613865,-0.029659451272294,-0.00339651689946415,6.01976121619194e-05,2.28925157800289e-05,1.37014804944342e-05,-0.00464032677422918,0.0109708868690599,1,0.884970654627531,0.807999999999993,0.0769706546275386,1375.216,76.9706546275386,1,0,1,0,paced,0.836935164680485,71.6901410432504,0.0919672847739927,151903.168685492,151903.168685492
690233,690233,NaN,8,16.0838221833868,117.907535252908,690711,9.50856562851453,692592,4.71800000000007,105.111341346958,-169.585487575871,691307,317,paced,NA,NA,NaN,12.717253073336,0.0812608365160469,0.22378732568416,2,0,690233,690998,690997,691880,690711,691307,1.78283805700892,-2.0013987933594,0.956,0.618,1844.14757685582,1880.22387572009,1.528,1.764,NaN,691881,NaN,1.422,139426.713860896,141631.505291059,-0.0303716455081829,-0.0447503893031526,-0.00404330035005147,2.88596760222027e-05,3.91561794071526e-05,2.43497116130627e-05,-0.00799045478894293,0.00652640612372024,1,0.883160997732461,0.843999999999824,0.0391609977326375,1380.466,39.1609977326375,1,0,0,0,paced,0.858053660235952,69.9256967023494,0.0456393341668967,139426.713860896,139426.713860896
692592,692592,NaN,8,9.50856562851453,143.674627047842,692972,8.21652799000248,695646,6.10799999999995,134.812080238583,-105.209836288066,694156,318,paced,NA,NA,NaN,9.82318271119851,0.0851838844166034,0.247404221026395,1,0,692592,693555,693554,694787,692972,694156,1.66586410569439,-1.43812010145979,0.76,1.202,1728.49911559889,2108.30321760719,1.924,2.464,NaN,694788,NaN,1.716,130391.089305474,157222.248191284,-0.0343784709665638,-0.018614267660686,-0.00269507167308078,3.95385297599409e-05,1.93509307595335e-05,1.40446157802785e-05,-0.00311105473629132,0.00764921645774297,1,0.907999999999902,0.848000000000184,0.0599999999997181,1385.184,59.9999999997181,1,0,1,0,paced,0.881611249798154,68.0572077701334,0.0680572077698136,130391.089305474,130391.089305474
695646,695646,NaN,8,8.21652799000248,155.510348711254,696053,10.5382200001798,698461,5.63000000000011,146.132974716163,-118.939193314462,697001,319,paced,NA,NA,NaN,10.6571936056836,0.0818103355397676,0.247846723035917,1,0,695646,696480,696479,697700,696053,697001,2.02547709883957,-1.62425214475437,0.814,1.042,1850.73126498209,2257.49641816106,1.666,2.44,NaN,697701,NaN,1.52,134934.859790896,164576.398126912,-0.0387203759341281,-0.0267885913400713,-0.00318717699262833,4.39421768861828e-05,2.13121297194099e-05,1.44400602812967e-05,-0.0045347397669644,0.00915477069387172,1,0.902343612334731,0.810000000000173,0.0923436123345582,1391.292,92.3436123345582,1,0,1,0,paced,0.840979428552529,71.3453836834872,0.109804840878804,134934.859790896,134934.859790896
698461,698461,NaN,8,10.5382200001798,135.456908685737,698846,13.8028361866082,701177,5.43200000000002,123.286380592343,-156.216006074227,699814,320,paced,NA,NA,NaN,11.0456553755522,0.0803947253148101,0.180470588544852,1,0,698461,699325,699324,700436,698846,699814,1.94496593981791,-2.00123550249089,0.77,0.978,1819.20979582134,2337.8088973415,1.726,2.222,NaN,700437,NaN,1.48,131827.890627045,173495.368410251,-0.0394766281532909,-0.0282075414887523,-0.0041010448883651,3.80484368775799e-05,2.09436530956015e-05,1.62981541985779e-05,-0.00456496562099853,0.00746706765637739,1,0.885999999999967,0.820000000000164,0.0659999999998035,1396.922,65.9999999998035,1,0,1,0,paced,0.846592448527622,70.8723543475386,0.0779595897820604,131827.890627045,131827.890627045
701177,701177,NaN,8,13.8028361866082,98.920038032384,701577,7.88994015170963,703747,5.13999999999987,88.0736498632251,-135.521797624393,702309,321,paced,NA,NA,NaN,11.6731517509731,0.0546400957613956,0.342304296083162,2,0,701177,701980,701979,702910,701577,702309,1.42446574490583,-1.69460091096578,0.8,0.658,1584.6871341866,1806.54430696687,1.604,1.86,NaN,702911,NaN,1.672,118942.930353899,145242.158191937,-0.028416494720236,-0.0304470462335233,-0.0041792336374965,2.53586140500666e-05,3.1760719801296e-05,2.05406099962774e-05,-0.00572908179481287,0.00522253661237215,1,0.88530925507899,0.837999999999965,0.0473092550790248,1402.354,47.3092550790248,1,0,0,0,paced,0.855054121836852,70.1709967447514,0.0553289597357811,118942.930353899,118942.930353899
703747,703747,NaN,8,7.88994015170963,140.594921554163,704148,12.7233602982636,706582,5.67000000000007,130.288271329176,-195.266164521912,705110,322,paced,NA,NA,NaN,10.5820105820104,0.0350541033183991,0.340735468555147,2,0,703747,704698,704697,705747,704148,705110,1.62460393135778,-2.24698039566534,0.802,0.824,1792.032059239,2455.35733480446,1.9,2.098,NaN,705748,NaN,1.668,142561.090092236,200297.16233361,-0.031627005656084,-0.0279893356613037,-0.00449777637952532,3.35369916280395e-05,2.01581699682012e-05,1.82316499082827e-05,-0.00467959367246319,0.00688370956408324,1,0.855999999999995,0.794000000000096,0.0619999999998981,1407.494,61.9999999998981,1,0,0,0,paced,0.824739420283367,72.7502511998092,0.0751752595730127,142561.090092236,142561.090092236
706582,706582,NaN,8,12.7233602982636,106.206285791305,706976,3.87396682863832,709280,5.39599999999996,97.9076222278543,-156.618152369876,707713,323,paced,NA,NA,NaN,11.1193476649371,0.037464531314712,0.363914928817713,3,0,706582,707410,707409,708213,706976,707713,1.18527730813033,-1.89553126898892,0.788,0.606,1311.88610808995,1675.39905201011,1.654,1.606,NaN,708214,NaN,2.132,111488.428942031,140373.535720124,-0.0246948362897095,-0.0301562751146986,-0.00435038521163029,2.32396172701242e-05,3.35746968426863e-05,2.80593664980941e-05,-0.00513023181244806,0.00645222173367133,1,0.852000000000089,0.813999999999851,0.0380000000002383,1413.164,38.0000000002383,1,0,0,0,paced,0.825396423802338,72.6923430605613,0.0460384839386442,111488.428942031,111488.428942031
709280,709280,NaN,8,3.87396682863832,238.192142069039,709612,11.5151481301479,711998,5.43600000000015,230.497584589646,-208.740450606491,710549,324,paced,NA,NA,NaN,11.0375275938187,0.0529120741124106,0.387641339875385,1,0,709280,710084,710083,711189,709612,710549,2.69304464336867,-2.32497081198317,0.664,0.93,2225.06158368569,2683.25080391239,1.606,2.21,NaN,711190,NaN,1.616,179947.638765067,218455.656521337,-0.061365335411981,-0.0368615067217097,-0.00307981419647724,8.38568074226602e-05,3.15293632786518e-05,1.88353671668793e-05,-0.00594066852295604,0.0141896816614191,1,0.863999999999805,0.802000000000135,0.0619999999996708,1418.56,61.9999999996708,1,0,1,0,paced,0.838343633795858,71.569697175765,0.0739553537478978,179947.638765067,179947.638765067
711998,711998,NaN,8,11.5151481301479,149.650293682367,712413,8.72529130203195,714833,5.66999999999985,139.530073966277,-192.50989474314,713267,325,paced,NA,NA,NaN,10.5820105820109,0.0470055845160664,0.346944322780834,2,0,711998,712856,712855,713850,712413,713267,1.77144903815446,-2.28493408434457,0.83,0.822,1879.29730477568,2374.15880055073,1.714,1.988,NaN,713851,NaN,1.964,151848.714555516,187474.415808148,-0.0333067035530936,-0.0329575838204791,-0.00370614343766447,3.09284617984195e-05,2.46653876182563e-05,2.16721327554897e-05,-0.00581966049134114,0.00667932548989092,1,0.881916666666499,0.804000000000087,0.0779166666664119,1423.996,77.9166666664119,1,0,0,0,paced,0.842356488432973,71.228750325907,0.0924984466034796,151848.714555516,151848.714555516
714833,714833,NaN,8,8.72529130203195,112.248254427566,715243,3.74815062734657,717439,5.21199999999999,106.011533462877,-119.832604395485,715805,326,paced,NA,NA,NaN,11.5118956254797,0.0464723306363492,0.366740273600555,1,0,714833,715579,715578,716501,715243,715805,1.44592430281421,-1.56096586534922,0.82,0.452,1400.43908429923,1592.4974455961,1.49,1.844,NaN,716502,NaN,1.874,110608.1316993,126729.328852185,-0.0273189032398804,-0.0387616895651026,-0.00384548559832777,2.52970082092155e-05,4.24586351281745e-05,2.013503932231e-05,-0.00682334817255661,0.00538171527377906,1,0.881999999999834,0.83199999999988,0.0499999999999545,1429.666,49.9999999999545,1,0,1,0,paced,0.852091512023867,70.4149720462412,0.0586791433718143,110608.1316993,110608.1316993
717439,717439,NaN,8,3.74815062734657,110.588796269349,718010,22.7860904531156,720425,5.97199999999998,97.3216757291178,-102.298064480053,719270,327,paced,NA,NA,NaN,10.0468854655057,0.0462133190922327,0.337260569718132,1,0,717439,718424,718423,719862,718010,719270,1.60127323678866,-1.42523920245681,1.142,1.692,1900.39282853642,2666.85522809083,1.968,2.876,NaN,719863,NaN,1.124,130871.88251362,187133.496421955,-0.020938961860585,-0.016772124266364,-0.00313098699346891,2.07840261942999e-05,1.40609278331105e-05,1.22514115870815e-05,-0.00268853120620678,0.00572118549004719,1,0.899999999999864,0.816000000000031,0.0839999999998327,1434.878,83.9999999998327,1,0,1,0,paced,0.85408082828105,70.2509622195336,0.0983513471071511,130871.88251362,130871.88251362
720425,720425,NaN,8,22.7860904531156,144.505032878063,720784,5.81422727919122,723087,5.32400000000007,130.204874011909,-117.481096941361,721239,328,paced,NA,NA,NaN,11.2697220135235,0.0464677743997527,0.22778941557233,2,0,720425,721041,721040,721671,720784,721239,2.07463177874275,-1.72197912443152,0.718,0.396,1550.57343347901,1217.43687922591,1.23,1.26,NaN,721672,NaN,2.83,105443.776446404,86886.2985132257,-0.0484630919456911,-0.059814667568589,-0.00535240302136201,4.01991609625439e-05,6.20719259316893e-05,3.37486109170722e-05,-0.0104010417767606,0.00736433873494668,1,0.920000000000073,0.896000000000186,0.0239999999998872,1440.85,23.9999999998872,1,0,0,0,paced,0.904801762730339,66.3128681568252,0.0265251472626054,105443.776446404,105443.776446404
723087,723087,NaN,8,5.81422727919122,109.792407367846,723396,4.91881680427868,725785,5.39599999999996,104.425885326111,-145.580534333138,724119,329,paced,NA,NA,NaN,11.1193476649371,0.211211096198388,0.228431254786543,3,0,723087,723820,723819,724783,723396,724119,1.58215964731528,-2.20070434282073,0.618,0.598,1615.22309459712,2260.5312295438,1.464,1.926,NaN,724784,NaN,2.002,107249.972294763,154328.794918924,-0.0401116740186057,-0.0376010071006607,-0.00490924545450369,4.67575603734955e-05,3.63549588525957e-05,2.21819623063802e-05,-0.00658100281044051,0.00750674270665019,1,0.919373913043547,0.829999999999927,0.0893739130436199,1446.174,89.3739130436199,1,0,0,0,paced,0.856997967184323,70.011834680461,0.10428719374593,107249.972294763,107249.972294763
725785,725785,NaN,8,4.91881680427868,170.409053708773,726163,2.87302150899517,728495,5.42000000000007,166.513134552136,-112.90995586752,726815,330,paced,NA,NA,NaN,11.0701107011069,0.232073631549388,0.225457037216393,1,0,725785,726459,726458,727500,726163,726815,2.23137551630415,-1.53969660253389,0.756,0.712,1661.08612688142,1894.87878936543,1.346,2.082,NaN,727501,NaN,1.988,121656.19784676,135469.744653908,-0.0451758701403539,-0.0403369071741593,-0.0026997650694302,5.02740710653967e-05,3.49992145670786e-05,1.73237697354692e-05,-0.00719776413943927,0.00971897180855974,1,0.869111111111169,0.846000000000004,0.0231111111111657,1451.57,23.1111111111657,1,0,0,0,paced,0.853864660880916,70.2687472018096,0.0270664804037239,121656.19784676,121656.19784676
728495,728495,NaN,8,2.87302150899517,173.421438121414,728888,4.30517401600177,731199,5.4079999999999,169.832340358915,-111.717029101556,729505,331,paced,NA,NA,NaN,11.0946745562132,0.247905649253668,0.18939610170993,1,0,728495,729210,729209,730287,728888,729505,2.31014935362596,-1.61570263282635,0.786,0.59,1732.21643833154,1961.25589766727,1.428,2.154,NaN,730288,NaN,1.822,118527.891787605,140975.428497119,-0.0448954942118596,-0.0443590913327132,-0.00296501715525415,4.76342731260875e-05,3.56994430040481e-05,1.61615400481731e-05,-0.00784900575273278,0.00959493839742209,1,0.885253456221163,0.846000000000004,0.0392534562211594,1456.99,39.2534562211594,1,0,0,0,paced,0.857222479048069,69.9934981483791,0.0457914452555533,118527.891787605,118527.891787605
731199,731199,NaN,8,4.30517401600177,119.447039421906,731585,-51.0606817419971,732549,2.70000000000005,142.824793284903,-127.032516735985,732160,332,paced,NA,NA,NaN,22.2222222222218,0.286204914405598,0.206655427410866,3,0,731199,731903,731902,732421,731585,732160,1.81767007703389,-1.94184622620049,0.772,0.514,1511.79506454169,1415.07692563837,1.406,1.036,NaN,732422,NaN,0.254,106148.837208765,101960.402517197,-0.0365703710350662,-0.0485134677147434,-0.0139071112768303,4.47653058474302e-05,6.57003982500935e-05,5.64130314115824e-05,-0.00843017291441109,0.0088398011312959,1,0.885999999999967,0.841239904988222,0.0447600950117457,1462.398,44.7600950117457,1,0,0,0,paced,0.859705063611107,69.7913767635331,0.0520644775822714,106148.837208765,106148.837208765
732549,732549,NaN,9,-51.0606817419971,169.588230658124,732802,2.19774819336614,735543,5.98800000000006,194.019697432439,-120.745650823093,733386,333,paced,NA,NA,NaN,10.0200400801602,0.0606757373667978,0.286669237528439,1,0,732549,733147,733146,734258,732802,733386,2.51058878885477,-1.76718275418093,0.506,0.478,1747.88836720629,2019.10469350158,1.194,2.222,NaN,734259,NaN,2.568,135686.794232949,139963.126488329,-0.0819326288075622,-0.051419058833738,-0.00370023657938322,8.2619897882925e-05,4.40007454468013e-05,1.82948320247021e-05,-0.00877751439973426,0.0143705672330114,1,0.905999999999949,0.832000000000107,0.0739999999998417,1465.098,73.9999999998417,1,0,1,0,paced,0.869344493091076,69.0175189201022,0.0851216066679441,135686.794232949,135686.794232949
735543,735543,NaN,9,2.19774819336614,111.820495706575,735953,2.47046029555969,738962,6.83799999999997,109.486391462112,-117.049844491534,736704,334,paced,NA,NA,NaN,8.77449546651072,0.0534823892372048,0.25183056472981,2,0,735543,736394,736393,737579,735953,736704,1.69288793114175,-1.76578625108057,0.82,0.62,1750.12877680853,2285.30455284817,1.7,2.37,NaN,737580,NaN,2.764,120352.684423724,149784.347133218,-0.0309375245390504,-0.0325003037575713,-0.00373306804688093,3.06421546786828e-05,2.6139771705817e-05,1.45772172381793e-05,-0.00578792289658333,0.00648246598835989,1,0.905938189845425,0.83199999999988,0.0739381898455451,1471.086,73.9381898455451,1,0,0,0,paced,0.856637968448205,70.0412568785501,0.0863120624684472,120352.684423724,120352.684423724
738962,738962,NaN,9,2.47046029555969,117.737501203892,739356,11.5018899765997,742319,6.71399999999994,110.751326067812,-110.857234597742,740398,335,paced,NA,NA,NaN,8.93655049151035,0.0518700998713329,0.225704061549462,1,0,738962,739908,739907,741742,739356,740398,1.85108469357958,-1.7031937196068,0.788,0.98,1950.55544784949,2772.12263161634,1.89,3.668,NaN,741743,NaN,1.152,127738.735966998,169486.380032168,-0.0349741668335466,-0.0236594480997393,-0.00262845360771577,3.91322191271e-05,1.70200528075452e-05,1.09865066484201e-05,-0.00370718391296878,0.00792898868992387,1,0.91599999999994,0.766000000000076,0.149999999999864,1477.924,149.999999999864,1,0,1,0,paced,0.840642739343736,71.3739585104133,0.178434896275871,127738.735966998,127738.735966998
742319,742319,NaN,9,11.5018899765997,146.50760593651,742704,6.17333936298662,745462,6.28600000000006,137.669991266717,-75.5964256054553,743726,336,paced,NA,NA,NaN,9.54502068087805,0.0529861769139938,0.225116403898971,1,0,742319,743104,743103,744573,742704,743726,2.17567857425579,-1.10633944472642,0.77,1.244,1837.84674006317,2101.2880748577,1.568,2.938,NaN,744574,NaN,1.776,118497.764416134,132631.487290408,-0.0441833625374421,-0.0224889585911314,-0.00246513588990034,4.56436526815603e-05,1.79093600080423e-05,1.20777591463674e-05,-0.00360284899439591,0.00893010629223112,1,0.915790393013046,0.826000000000022,0.0897903930130241,1484.638,89.790393013024,1,0,1,0,paced,0.853640163437579,70.2872270657722,0.105185295700522,118497.764416134,118497.764416134
745462,745462,NaN,9,6.17333936298662,166.696711049195,746005,1.87076080031613,748772,6.62000000000012,162.674660967544,-125.544954366308,746777,337,paced,NA,NA,NaN,9.06344410876117,0.0338914603545012,0.155853232934666,1,0,745462,746359,746358,747574,746005,746777,2.29239229875258,-1.86648443556763,1.086,0.836,2147.54896146314,2561.2721666549,1.792,2.43,NaN,747575,NaN,2.394,137078.543610506,164158.990629329,-0.0316372431625021,-0.0372710692415695,-0.00351315115403394,2.38235805603285e-05,2.85418819073095e-05,1.36781665469995e-05,-0.0066404324784659,0.00667781665386169,1,0.873844036697188,0.779999999999973,0.0938440366972153,1490.924,93.8440366972153,1,0,1,0,paced,0.833226505386294,72.0092311179938,0.112627282126255,137078.543610506,137078.543610506
748772,748772,NaN,9,1.87076080031613,143.022535885512,749262,1.48650427121919,752185,6.82599999999979,141.343903349745,-111.983125946029,749961,338,paced,NA,NA,NaN,8.78992089071225,0.0341884165901535,0.141690817021595,1,0,748772,749643,749642,750882,749262,749961,2.24488143302034,-1.8105809184746,0.98,0.636,2179.98634416333,2462.0205671661,1.74,2.478,NaN,750883,NaN,2.604,138799.166440057,159897.848883039,-0.0344550609461092,-0.0405264678632348,-0.00274245326561244,3.25876311671433e-05,3.29457962012157e-05,1.41787253885913e-05,-0.00730452738003663,0.00820292305639714,1,0.882000000000062,0.832000000000107,0.0499999999999545,1497.544,49.9999999999545,1,0,1,0,paced,0.863360240697239,69.4959035310043,0.0579132529424509,138799.166440057,138799.166440057
752185,752185,NaN,9,1.48650427121919,116.64303917925,752679,2.15829124965527,755673,6.97600000000011,114.820641418813,-132.206984912982,753451,339,paced,NA,NA,NaN,8.60091743119252,0.0519693689156003,0.170537438625221,2,0,752185,753070,753069,754169,752679,753451,1.80011425472281,-1.95793831114423,0.988,0.762,1921.59928932295,2354.27634894863,1.768,2.198,NaN,754170,NaN,3.006,124038.407006269,151239.805739109,-0.0271981798961354,-0.0340323494026164,-0.0033147314697278,2.73855553051207e-05,2.7882660002924e-05,1.62056293520752e-05,-0.00622689243575305,0.0069441634979156,1,0.907200000000104,0.804000000000087,0.103200000000017,1504.37,103.200000000017,1,0,0,0,paced,0.855299963713987,70.1508272483267,0.120659422867142,124038.407006269,124038.407006269
755673,755673,NaN,9,2.15829124965527,122.017369788569,756200,5.3518272649157,758952,6.55799999999999,118.262310531283,-107.51124117231,756834,340,paced,NA,NA,NaN,9.14913083257092,0.060915166688808,0.169190355886524,1,0,755673,756489,756488,757585,756200,756834,1.87212600913192,-1.81696132828903,1.054,0.69,1795.57959317088,2233.13715702643,1.63,2.192,NaN,757586,NaN,2.732,110823.042305245,134110.380456295,-0.0263185266737562,-0.0405774692989266,-0.00328445732097835,2.35120390671228e-05,3.47803957708725e-05,1.64909911815677e-05,-0.0073471750091969,0.0061892597872828,1,0.91800000000012,0.875999999999976,0.0420000000001437,1511.346,42.0000000001437,1,0,1,0,paced,0.890267375392963,67.3954832653686,0.0471768382859194,110823.042305245,110823.042305245
758952,758952,NaN,9,5.3518272649157,128.503815410383,759288,4.11428076355335,762380,6.85599999999999,123.770761396148,-102.608024359728,760203,341,paced,NA,NA,NaN,8.75145857642941,0.0693279165125949,0.149092174986533,1,0,758952,759789,759788,761028,759288,760203,2.15848659999604,-1.70582924984448,0.672,0.828,2024.74394178075,2400.32028363593,1.672,2.478,NaN,761029,NaN,2.702,115938.408827609,136442.017716034,-0.0499486201142298,-0.0293017893280865,-0.00202305366763172,6.06462882206429e-05,2.39760600619412e-05,1.30292558968445e-05,-0.00511086632826615,0.0103996154156312,1,0.97199999999998,0.850000000000136,0.121999999999844,1517.904,121.999999999844,1,0,1,0,paced,0.911586621161495,65.819307356169,0.133832591624039,115938.408827609,115938.408827609
762380,762380,NaN,9,4.11428076355335,96.412964475586,762862,-1.43159284474549,765386,6.01199999999994,95.0716205161821,-101.087784108405,763434,342,paced,NA,NA,NaN,9.98003992015977,0.0704986382614105,0.124217038137357,1,0,762380,763212,763211,764296,762862,763434,1.76487408377556,-1.84697749679881,0.964,0.444,1854.75874376994,2164.42043814866,1.662,2.168,NaN,764297,NaN,2.178,104739.382009444,120566.998632669,-0.027731305845975,-0.0455540876599014,-0.00416123686677061,2.83800713850597e-05,4.78361688685726e-05,2.10133850818308e-05,-0.0079246750486463,0.007029712672046,1,0.952049999999999,0.879999999999882,0.0720500000001174,1524.76,72.0500000001174,1,0,1,0,paced,0.901226903444995,66.5759086536879,0.0799465703084339,104739.382009444,104739.382009444
765386,765386,NaN,9,-1.43159284474549,126.58225665469,765852,2.44609177358613,769055,7.33799999999997,126.075007190269,-85.6227688603069,766542,343,paced,NA,NA,NaN,8.17661488143912,0.0703403061992761,0.189482791332509,1,0,765386,766315,766314,767738,765852,766542,2.14675254924953,-1.61157350151755,0.932,0.454,2298.17923889603,2578.05403119798,1.856,2.846,NaN,767739,NaN,2.632,120681.198023026,135477.213988899,-0.0343021307423652,-0.0382409727140832,-0.00293694029923706,3.0790976404054e-05,3.16961284579283e-05,1.42554097520559e-05,-0.00625708708854363,0.00735575730932569,1,0.951999999999998,0.844000000000051,0.107999999999947,1530.772,107.999999999947,1,0,1,0,paced,0.903067725868257,66.4401996453952,0.119592359361653,120681.198023026,120681.198023026
769055,769055,NaN,9,2.44609177358613,94.594488171156,769546,1.46949950310005,772144,6.17800000000011,92.6366925328129,-71.1266038668148,770114,344,paced,NA,NA,NaN,9.71188086759452,0.0738625156943675,0.226764279519303,2,0,769055,769849,769848,771066,769546,770114,1.74191819217549,-1.41555382997779,0.982,0.53,1713.40618053667,1989.77785930561,1.586,2.434,NaN,771067,NaN,2.154,92916.1338683814,105893.067891482,-0.0264837709221796,-0.0397328017851064,-0.0027295772876168,2.46764613450849e-05,4.17966445333362e-05,1.60889329586469e-05,-0.0073295906655934,0.00620586367805331,1,0.937847457627073,0.846000000000004,0.0918474576270689,1538.11,91.8474576270689,1,0,0,0,paced,0.875860012756236,68.5040978308698,0.104865453713357,92916.1338683814,92916.1338683814
772144,772144,NaN,9,1.46949950310005,95.8299480255671,772586,-13.7078551034625,775620,6.952,101.949125825748,-91.6207759541612,773306,345,paced,NA,NA,NaN,8.63060989643268,0.0739198801576826,0.226436372236046,1,0,772144,773099,773098,774275,772586,773306,1.9415420776475,-1.47518284477431,0.884,0.414,2233.59672318038,1978.43048213777,1.908,2.352,NaN,774276,NaN,2.688,123914.66511689,113355.355986825,-0.0325748835755595,-0.0337963281796678,-0.00348419519478375,3.74072394971057e-05,3.42127594036746e-05,1.75204079780761e-05,-0.00533151282368957,0.00848824128110648,1,0.933999999999969,0.826000000000022,0.107999999999947,1544.288,107.999999999947,1,0,1,0,paced,0.888553296296326,67.525493687427,0.121545888637309,123914.66511689,123914.66511689
775620,775620,NaN,9,-13.7078551034625,148.409940314386,776121,-0.457374974657515,778820,6.40000000000009,155.492555353446,-99.3490511013232,776663,346,paced,NA,NA,NaN,9.37499999999987,0.0696748749042645,0.196018224571922,1,0,775620,776418,776417,777352,776121,776663,2.34991998831972,-1.68273889164172,1.002,0.49,1882.26017631631,1854.37089074893,1.594,1.868,NaN,777353,NaN,2.934,114419.91958944,111983.847926599,-0.0379757923754648,-0.0522482235309486,-0.0036165671205575,3.69399989866635e-05,4.49794081281024e-05,2.07868334577172e-05,-0.00903122376055465,0.00942503620824753,1,0.927793103448385,0.847999999999956,0.0797931034484285,1551.24,79.7931034484285,1,0,1,0,paced,0.882351717961361,68.0000942692418,0.090432309275475,114419.91958944,114419.91958944
778820,778820,NaN,9,-0.457374974657515,164.932526153877,779163,9.45956749466403,782353,7.0659999999998,160.431429893874,-139.619476646887,780199,347,paced,NA,NA,NaN,8.49136711010496,0.0591868940774339,0.197172913831244,1,0,778820,779932,779931,781536,779163,780199,2.4883146250437,-2.17942807972017,0.686,0.534,2725.72200543114,3187.39112346918,2.222,3.208,NaN,781537,NaN,1.632,165080.140626833,192301.012718813,-0.0552149304653969,-0.0322093990714914,-0.00244984537306708,6.96766496485795e-05,3.81360985130469e-05,1.57839870395893e-05,-0.00415232376049628,0.0122054413614929,1,0.942000000000007,0.80600000000004,0.135999999999967,1557.64,135.999999999967,1,0,1,0,paced,0.879348491585341,68.232334022463,0.154659957117546,165080.140626833,165080.140626833
782353,782353,NaN,9,9.45956749466403,140.620186645074,782718,19.4628796729654,785785,6.86400000000003,126.15896306126,-84.3469337623249,783736,348,paced,NA,NA,NaN,8.7412587412587,0.0513971475707312,0.164483724206592,1,0,782353,783299,783298,785784,782718,783736,2.06491220544879,-1.23670857983938,0.73,0.874,2361.58941137309,3184.38134540384,1.89,4.97,NaN,NaN,NaN,NaN,148470.088078469,201531.789257173,-0.0446429742256116,-0.0223166198832288,-0.00174342012359179,4.5145120440436e-05,1.86281953519842e-05,8.05108166417109e-06,-0.00381981611890778,0.00848831678384676,1,0.930233545647607,0.796000000000049,0.134233545647558,1564.706,134.233545647558,1,0,1,0,paced,0.867081627071525,69.1976373696713,0.154810736909416,148470.088078469,148470.088078469
785785,785785,NaN,9,19.4628796729654,140.678450401356,786114,3.49120902260599,788854,6.13800000000015,129.20140605357,-110.919990221597,786883,349,paced,NA,NA,NaN,9.77517106549341,0.184321098438371,0.146916687573497,1,0,785785,786557,786556,787555,786114,786883,1.99985901072525,-1.67686080083575,0.658,0.652,1970.27530567105,1926.88232991261,1.542,1.996,NaN,787556,NaN,2.596,131637.014447437,132011.952702429,-0.0497957569623388,-0.0337629877524953,-0.00308070029408924,4.53992136552144e-05,2.87239808201961e-05,1.81120878963356e-05,-0.00612708369140596,0.00776746780988735,1,0.913735357917544,0.82362318840579,0.0901121695117539,1571.57,90.1121695117539,1,0,1,0,paced,0.860022116725673,69.765647688731,0.104778897843737,131637.014447437,131637.014447437
788854,788854,NaN,9,3.49120902260599,151.476647370521,789478,14.7058298912589,792312,6.91599999999994,142.378127913589,-84.4464395971058,790300,350,paced,NA,NA,NaN,8.67553499132454,0.322434715534735,0.174347548365184,1,0,788854,789893,789892,792311,789478,790300,2.04330655410003,-1.30704114265861,1.248,0.814,2279.87437656768,3616.40990760984,2.076,4.836,NaN,NaN,NaN,NaN,149581.297561912,228794.395051303,-0.0240867494724925,-0.0278460063614238,-0.00188719519992857,2.11662348659072e-05,1.990902426015e-05,8.377336271707e-06,-0.00450715126179347,0.00552768934656112,1,0.927986813186843,0.740000000000009,0.187986813186834,1577.708,187.986813186834,1,0,0,0,paced,0.828085580962961,72.4562791326802,0.227013750158804,149581.297561912,149581.297561912
792312,792312,NaN,9,14.7058298912589,127.80954376894,792932,18.5626247066126,795794,6.96399999999994,111.175316470004,-122.998832601689,793926,351,paced,NA,NA,NaN,8.61573808156239,0.316612906916715,0.128189881509644,2,0,792312,793668,793667,795420,792932,793926,1.77555599302897,-1.91376225279197,1.24,0.516,2613.48451103676,3387.55247720793,2.71,3.504,NaN,795421,NaN,0.746,171231.270222065,214736.484623545,-0.0235116365334098,-0.0273660217882853,-0.00361323704168227,2.03275228922164e-05,3.52683822755784e-05,1.56474302447917e-05,-0.00335044735665452,0.00541983000729995,1,0.932000000000016,0.767999999999802,0.164000000000215,1584.624,164.000000000215,1,0,0,0,paced,0.862142684897151,69.5940487010659,0.190223733116496,171231.270222065,171231.270222065
795794,795794,NaN,9,18.5626247066126,125.814577230818,796163,9.05193022312534,797685,3.78199999999993,112.007299765949,-99.7466531023381,796781,352,paced,NA,NA,NaN,15.8646218931785,0.320746965316587,0.137435671018828,1,0,795794,796490,796489,797339,796163,796781,1.97916737381174,-1.50971131693801,0.738,0.582,1785.42468823026,1597.52958777,1.39,1.698,NaN,797340,NaN,0.69,120138.617920389,110645.208148784,-0.0440786179804887,-0.0400667702641661,-0.00329438530086974,3.71536826178784e-05,4.08439000962146e-05,2.00410784760019e-05,-0.00742833431313877,0.00710771362047535,1,0.917999999999893,0.850000000000136,0.0679999999997563,1591.588,67.9999999997563,1,0,0,0,paced,0.870888558139822,68.8951524729607,0.078081172802409,120138.617920389,120138.617920389
797685,797685,NaN,9,9.05193022312534,99.684562616986,797924,0.986598191785643,798921,2.47200000000021,94.6652984095305,-53.0140750403584,798245,353,paced,NA,NA,NaN,24.2718446601921,0.321998070701563,0.14257749988934,1,0,797685,798096,798095,798626,797924,798245,1.32655686817172,-0.824182699588035,0.478,0.298,676.920277855845,538.485933067514,0.82,1.06,NaN,798627,NaN,0.588,47815.7187905729,37490.9776262923,-0.0455587989738981,-0.0484952964646333,-0.00486407569902402,3.76302774650795e-05,6.16091813300229e-05,2.61333881274728e-05,-0.00806449238819806,0.00587372505059203,1,0.91800000000012,0.889413636363572,0.0285863636365482,1595.37,28.5863636365482,1,0,0,0,paced,0.906680973108674,66.1754263953308,0.031528580045676,47815.7187905729,47815.7187905729
798921,798921,NaN,9,0.986598191785643,124.962040349675,799440,3.42929335701097,802115,6.38799999999992,122.754094575276,-87.1706757618096,800270,354,paced,NA,NA,NaN,9.39261114589868,0.318176484950735,0.134339228814616,1,0,798921,799711,799710,800858,799440,800270,1.92690613988732,-1.33392002059258,1.038,1.118,1696.40197732241,1962.07940938948,1.578,2.294,NaN,800859,NaN,2.512,112679.536281406,134434.588952493,-0.027158373578732,-0.0280909193913963,-0.00320952135754645,2.50841771388884e-05,3.25801611909513e-05,1.82162268214172e-05,-0.00437273626478028,0.00661752822246942,1,0.913999999999987,0.836000000000013,0.0779999999999745,1597.842,77.9999999999745,1,0,0,0,paced,0.867309861676619,69.1794278506328,0.0899332562057933,112679.536281406,112679.536281406
802115,802115,NaN,9,3.42929335701097,149.502793623651,802674,20.5543136544539,805696,7.16200000000003,137.510990117919,-103.922890992886,804570,355,paced,NA,NA,NaN,8.37754817090194,0.317150019719535,0.140586760083988,2,0,802115,803114,803113,805038,802674,804570,2.14799068497818,-1.50262878723099,1.118,2.912,2370.14737688375,3401.48136881903,1.996,3.848,NaN,805039,NaN,1.314,150855.123105675,212769.41334302,-0.0283849766465566,-0.0141464808119823,-0.00363168945162159,2.59117573202817e-05,1.77612192778218e-05,1.79877861119361e-05,-0.00150408380327908,0.00707260410704513,0,0.960588726513593,0.768000000000029,0.192588726513564,1604.23,192.588726513564,0,0,0,0,paced,0.871966617656902,68.8099736676027,0.220867086667924,150855.123105675,150855.123105675
805696,805696,NaN,9,20.5543136544539,127.560086744291,806073,17.3222081261315,809016,6.63999999999987,108.621825853998,-126.544424752263,807590,356,paced,NA,NA,NaN,9.03614457831343,0.265327298050362,0.148880860522315,1,0,805696,807319,806727,808144,806073,807590,2.1015095832791,-2.02328658014448,0.754,0.542,2403.13821861661,1918.04115913091,2.062,1.65,806728,808145,1.182,1.742,152803.197110789,113380.392049496,-0.0456801504158234,-0.019332710710193,-0.00926428607004836,4.12790286469351e-05,2.06092427485002e-05,2.39563505549283e-05,-0.00260491086542673,0.00796879694439645,1,0.961999999999989,0.844000000000051,0.117999999999938,1611.392,117.999999999938,1,0,0,0,paced,0.899903702742546,66.6738005601533,0.131125141101566,152803.197110789,152803.197110789
809016,809016,NaN,9,17.3222081261315,148.209029761171,809458,3.91490284505617,812166,6.30000000000018,137.590474275577,-118.510137669295,810106,357,paced,NA,NA,NaN,9.52380952380925,0.0530239260898588,0.12162407937065,1,0,809016,809792,809791,810742,809458,810106,2.19341876227791,-1.7990184449565,0.884,0.628,2075.75316864849,1981.91583006108,1.55,1.9,NaN,810743,NaN,2.846,132047.695659145,125643.778998533,-0.0391695246183123,-0.0429732912439836,-0.00290575777803442,2.91482041823317e-05,3.30823274666837e-05,1.92128978033823e-05,-0.0076788591512836,0.00664919031771349,1,0.917999999999893,0.865999999999985,0.0519999999999072,1618.032,51.9999999999072,1,0,1,0,paced,0.898804414077388,66.7553463915609,0.0578546335392496,132047.695659145,132047.695659145
812166,812166,NaN,9,3.91490284505617,107.436705089403,812599,1.27062321397405,815607,6.88199999999983,104.843942059887,-99.5035560005731,813346,358,paced,NA,NA,NaN,8.71839581517022,0.0558782737087578,0.135232665057342,1,0,812166,813096,813095,814398,812599,813346,1.74744970763117,-1.65453064974563,0.866,0.5,1842.18033214793,2220.46483840441,1.858,2.604,NaN,814399,NaN,2.416,107284.93203829,133169.387832541,-0.0311392301378284,-0.0322724305373465,-0.0029617429788188,3.18438233613748e-05,2.73804877217973e-05,1.23625304813396e-05,-0.00519148495994948,0.00706864690278408,1,0.915327510916978,0.837999999999965,0.0773275109170121,1624.332,77.3275109170121,1,0,1,0,paced,0.867068947019856,69.1986493187445,0.089182655177295,107284.93203829,107284.93203829
815607,815607,NaN,9,1.27062321397405,138.979486621402,816058,1.56234118780582,818762,6.30999999999995,137.563004420512,-102.766750354321,816728,359,paced,NA,NA,NaN,9.50871632329644,0.0430473378874623,0.146325602436557,1,0,815607,816424,816423,817231,816058,816728,2.04494370222112,-1.44698020776594,0.902,0.608,1849.98504704202,1588.72911394685,1.632,1.614,NaN,817232,NaN,3.06,113829.68038134,111035.300909236,-0.0340098226880789,-0.0363902791611064,-0.00452172984965953,3.06478782504709e-05,3.11083933465673e-05,2.15939370523909e-05,-0.006704617060715,0.00684240696314409,1,0.91272967032972,0.822000000000116,0.0907296703296039,1631.214,90.7296703296039,1,0,1,0,paced,0.878321854232065,68.3120882292736,0.10329888740948,113829.68038134,113829.68038134
818762,818762,NaN,10,1.56234118780582,93.8452759857615,819393,6.98219590239922,822800,8.07600000000002,89.573007440659,-97.1566666840788,820602,360,paced,NA,NA,NaN,7.42942050520057,0.171955935899642,0.297965299398317,3,0,818762,820024,820023,822052,819393,820602,1.39619220141038,-1.37611408384915,1.262,1.156,1791.73246113335,2553.98955463638,2.522,4.056,NaN,822053,NaN,1.494,114606.317927697,159103.538439553,-0.0160616486783691,-0.0165591040710885,-0.00217725081436651,1.31992546765688e-05,1.96214632216052e-05,1.16061710002559e-05,-0.00262522714730621,0.00396148747837199,1,0.927999999999884,0.804000000000087,0.123999999999796,1637.524,123.999999999796,1,0,0,0,paced,0.881585759228048,68.059175607077,0.140655629587728,114606.317927697,114606.317927697
822800,822800,NaN,10,6.98219590239922,194.691399292231,823487,-1.6410614054921,828649,11.6980000000001,192.020832043778,-191.241488342915,823943,361,paced,NA,NA,NaN,5.12908189434087,0.157044568562508,0.272822417302002,3,0,822800,823739,823738,825666,823487,823943,2.92435464680982,-3.09687418602032,1.374,0.408,3607.73394028335,4552.91444139429,1.876,3.854,NaN,825667,NaN,5.964,245204.35939118,300249.430120887,-0.0320719160677048,-0.0950591082661152,-0.00639484288918551,3.28735927834855e-05,0.000110051289213215,3.69551738794227e-05,-0.016755530898452,0.00984012812217117,1,0.981999999999971,0.710000000000036,0.271999999999935,1645.6,271.999999999935,1,0,0,0,paced,0.856434876136787,70.0578662450652,0.317595660310886,245204.35939118,245204.35939118
828649,828649,NaN,10,-1.6410614054921,168.819663035691,829197,-0.393071474797289,832972,8.64599999999996,169.836729475836,-98.7481445131008,829828,362,paced,NA,NA,NaN,6.93962526023598,0.152719981173797,0.243316486173927,1,0,828649,829548,829547,830719,829197,829828,2.2386134137904,-1.53259639081113,1.096,0.56,2146.06823199487,2097.56083273559,1.796,2.342,NaN,830720,NaN,4.504,133938.737609087,129203.5394182,-0.0303305998346113,-0.0412555650450636,-0.00248235121035504,2.75178369153028e-05,3.21630351255909e-05,1.26354271620204e-05,-0.00690031652518546,0.0064018072522527,1,0.983999999999924,0.840000000000146,0.143999999999778,1657.298,143.999999999778,1,0,1,0,paced,0.937291502484484,64.0142365965739,0.153634167831541,133938.737609087,133938.737609087
832972,832972,NaN,10,-0.393071474797289,141.719565658007,833472,-0.261408240290967,837468,8.99199999999996,142.046805515551,-75.0171476997865,834213,363,paced,NA,NA,NaN,6.67259786476871,0.139893565773477,0.284508316069782,1,0,832972,833897,833896,834869,833472,834213,2.98031634049118,-1.90164853557738,1,0.632,2748.8053134831,2242.27885985662,1.848,1.944,NaN,834870,NaN,5.196,117236.957542497,92923.664322325,-0.0438748162671943,-0.0451171508784962,-0.00501038201818866,4.06702369834062e-05,2.57699219739395e-05,1.65789975979918e-05,-0.00751764210889737,0.0104318466316649,1,0.964528925619892,0.874000000000024,0.0905289256198687,1665.944,90.5289256198687,1,0,1,0,paced,0.916002154337891,65.5020293520701,0.0988304723860668,117236.957542497,117236.957542497
837468,837468,NaN,10,-0.261408240290967,134.013879068625,837876,12.443375081599,841725,8.51400000000012,127.922895647971,-48.7854823794993,839214,364,paced,NA,NA,NaN,7.04721634954183,0.134765787079603,0.240382012056896,1,0,837468,838465,838464,841724,837876,839214,2.91151200933273,-1.12244388890731,0.816,1.498,2925.06381733499,3588.66269842965,1.992,6.518,NaN,NaN,NaN,NaN,119526.585572581,150158.730397757,-0.0536203284644551,-0.0207895516378738,-0.0014837495172971,6.26971765546234e-05,1.95115961555364e-05,8.556342993453e-06,-0.00300453033219529,0.0131262480043295,1,0.950000000000045,0.764000000000124,0.185999999999922,1674.936,185.999999999922,1,0,1,0,paced,0.876460970186337,68.4571270609391,0.212217093888822,119526.585572581,119526.585572581
841725,841725,NaN,10,12.443375081599,165.203522006018,842204,0.980430309546922,845741,8.03199999999993,158.491619310445,-68.0770392764278,843199,365,paced,NA,NA,NaN,7.47011952191242,0.0356202979800971,0.24498949680486,1,0,841725,842738,842737,843847,842204,843199,3.58036345108661,-1.72562093996224,0.958,0.922,3293.10845328103,2325.79634602777,2.024,2.218,NaN,843848,NaN,3.786,128586.033506308,94028.3847798381,-0.0589140002078431,-0.0364711750946977,-0.00392788724747777,5.92146011770713e-05,3.17438496386784e-05,1.43635657324581e-05,-0.00544789909601585,0.0143986402607834,1,0.933635974304037,0.80399999999986,0.129635974304177,1683.45,129.635974304177,1,0,1,0,paced,0.861068547650173,69.6808635778626,0.150552444004544,128586.033506308,128586.033506308
845741,845741,NaN,10,0.980430309546922,95.2272468960175,846337,12.9894689098282,850162,8.8420000000001,88.2422972863299,-62.4916690403327,847488,366,paced,NA,NA,NaN,6.78579506898884,0.035851597766235,0.227617222729435,1,0,845741,846905,846904,847646,846337,847488,2.36611321722576,-1.45234612180449,1.192,1.166,2833.95282356148,1130.46289557765,2.326,1.482,NaN,847647,NaN,5.03,113455.119214177,45724.9040038433,-0.0290420942011094,-0.0232801420890119,-0.0121602952594103,2.26329532974419e-05,2.25259370175258e-05,2.65654028953623e-05,-0.00331604403594748,0.00693801755522472,1,0.959999999999809,0.75,0.209999999999809,1691.482,209.999999999809,1,0,1,0,paced,0.860736255792057,69.7077642497904,0.243977174874045,113455.119214177,113455.119214177
850162,850162,NaN,10,12.9894689098282,129.906155402607,850544,4.67522596925717,854396,8.46799999999985,121.073807963065,-64.2566798697778,851508,367,paced,NA,NA,NaN,7.08549834671718,0.0443494664391537,0.250854567502947,1,0,850162,851232,851231,853313,850544,851508,2.88514509555878,-1.58316652254193,0.764,0.552,2864.72891876949,2888.18277345245,2.138,4.162,NaN,853314,NaN,2.164,114832.613660642,127073.429161892,-0.0605632376498001,-0.0322922248122079,-0.00193404830651743,6.35538865394652e-05,2.94383518462334e-05,1.15088036242906e-05,-0.00455016357793485,0.0122437665822861,1,0.924957264957203,0.786000000000058,0.138957264957145,1700.324,138.957264957145,1,0,1,0,paced,0.8746043905254,68.602445459891,0.158880136507969,114832.613660642,114832.613660642
854396,854396,NaN,10,4.67522596925717,95.2619465768679,854796,5.21826435239394,858709,8.62599999999998,90.3152014160423,-77.247232832991,855680,368,paced,NA,NA,NaN,6.95571527938792,0.061108849541608,0.30605677961913,1,0,854396,855408,855407,856955,854796,855680,2.18449624305662,-1.74918321771183,0.8,0.544,2591.65920710502,2894.1802463482,2.022,3.094,NaN,856956,NaN,3.506,121343.378809895,137725.102994769,-0.0415480955730455,-0.0312484507895045,-0.00212298733680078,4.69696646154756e-05,2.71524408421069e-05,1.27197225498177e-05,-0.00504823547297199,0.00939788351290027,1,0.932000000000016,0.77599999999984,0.156000000000176,1708.792,156.000000000176,1,0,1,0,paced,0.870780259280856,68.9037209565955,0.179149674487351,121343.378809895,121343.378809895
858709,858709,NaN,10,5.21826435239394,159.709494149129,859087,1.41636892717792,862950,8.4820000000002,156.392177509343,-99.9120475910095,859872,369,paced,NA,NA,NaN,7.07380334826675,0.0566425993609356,0.333010330175821,1,0,858709,859618,859617,861259,859087,859872,2.94590370775898,-1.84009881082353,0.756,0.508,3018.86121991073,2990.59751390122,1.816,3.282,NaN,861260,NaN,3.38,150325.68640056,167961.266295579,-0.0591760382280919,-0.0425833632797772,-0.00204596212828123,7.52192998300032e-05,3.94420050306722e-05,1.36651266690645e-05,-0.00682874285350207,0.0144895706510138,1,0.935999999999922,0.809999999999945,0.125999999999976,1717.418,125.999999999976,1,0,1,0,paced,0.881860710108888,68.037955781692,0.142879707141526,150325.68640056,150325.68640056
862950,862950,NaN,10,1.41636892717792,169.429250321158,863446,0.409028617813666,866824,7.74799999999982,168.516551548662,-90.7040458434448,864001,370,paced,NA,NA,NaN,7.74393391843074,0.0622334103564238,0.280477748806298,1,0,862950,863753,863752,865171,863446,864001,2.71218674960263,-1.65104758054193,0.992,0.496,2264.98237157993,2484.47749329713,1.604,2.836,NaN,865172,NaN,3.304,132440.493369767,142741.290459935,-0.0403014787797843,-0.0547163846307152,-0.0018478784549312,3.53191404894391e-05,4.48434845188907e-05,1.31148581958402e-05,-0.00959312417639771,0.00894271083387355,1,0.951999999999998,0.802000000000135,0.149999999999864,1725.9,149.999999999864,1,0,1,0,paced,0.893543274790225,67.1483986201855,0.167870996550311,132440.493369767,132440.493369767
866824,866824,NaN,10,0.409028617813666,205.839672187877,867247,0.28945383952484,871493,9.33800000000019,205.490430959208,-130.990951408475,867999,371,paced,NA,NA,NaN,6.4253587491967,0.0641027221006524,0.268422193496375,1,0,866824,867732,867731,869700,867247,867999,3.2772710224056,-2.31204266228525,0.846,0.534,3347.45665813497,3713.81537489793,1.814,3.936,NaN,869701,NaN,3.584,188873.364366038,200487.434057401,-0.058173040045462,-0.0516367176446502,-0.0025289797520693,6.01833831057343e-05,3.51938971040796e-05,1.56426516312323e-05,-0.00872198961536624,0.0128570625375315,1,0.953999999999951,0.809999999999945,0.144000000000005,1733.648,144.000000000005,1,0,1,0,paced,0.903954658083871,66.3750105864636,0.159300025407519,188873.364366038,188873.364366038
871493,871493,NaN,10,0.28945383952484,104.833535838952,872017,0.804293714568017,875667,8.34799999999996,104.286662061906,-77.7909611660192,872650,372,paced,NA,NA,NaN,7.18735026353621,0.0640905563875833,0.221644662478426,2,0,871493,872443,872442,873934,872017,872650,2.00346817510702,-1.53492117030606,1.048,0.414,2222.15025363184,2588.29277418805,1.898,2.982,NaN,873935,NaN,3.464,120936.901089705,141391.981138491,-0.0280031133592472,-0.0400007688355044,-0.00308371352592147,2.75559444197378e-05,4.53567367151272e-05,1.59095158039355e-05,-0.00668761309059374,0.00744243788576493,1,0.991999999999962,0.80399999999986,0.188000000000102,1742.986,188.000000000102,1,0,0,0,paced,0.917064955868499,65.4261179822071,0.20500183634436,120936.901089705,120936.901089705
875667,875667,NaN,10,0.804293714568017,148.981787702314,876559,3.63082079017043,880264,9.19399999999996,146.764230449945,-104.970083496101,877031,373,paced,NA,NA,NaN,6.5259952142702,0.0689285811595242,0.260800794342472,2,0,875667,876772,876771,877824,876559,877031,2.71153251952136,-2.42405553952838,1.784,0.518,2919.9743827423,2973.98758258284,2.208,2.104,NaN,877825,NaN,4.878,132679.731692146,135835.380080472,-0.0230189607404378,-0.0771032581436432,-0.00489655803754968,2.63803458205578e-05,8.00369837353567e-05,2.86278918650424e-05,-0.0130652138509307,0.00731152185437356,1,0.98529032258062,0.891999999999825,0.0932903225807943,1751.334,93.2903225807943,1,0,0,0,paced,0.938193734879133,63.95267605121,0.0994360963120403,132679.731692146,132679.731692146
880264,880264,NaN,10,3.63082079017043,173.516990331384,880734,-1.16428507942967,884394,8.25999999999999,172.283722476014,-78.4889619253622,881349,374,paced,NA,NA,NaN,7.26392251815981,0.0662235241290486,0.2618084911714,1,0,880264,881109,881108,882532,880734,881349,3.09393826366927,-1.68316006742024,0.94,0.48,2472.58408464018,2788.47054484377,1.688,2.846,NaN,882533,NaN,3.722,112688.258710202,131418.601325321,-0.0504805056285431,-0.0534414962290625,-0.00286726345838241,5.61280499488464e-05,4.47370397519096e-05,1.62617523264725e-05,-0.00889181146838633,0.0135186501809088,1,0.965999999999894,0.804000000000087,0.161999999999807,1760.528,161.999999999807,1,0,1,0,paced,0.891469292104606,67.3046178162237,0.181722468103588,112688.258710202,112688.258710202
884394,884394,NaN,10,-1.16428507942967,118.920042141865,885042,0.401225913685487,888689,8.58999999999992,119.301571724737,-90.3119385124677,885555,375,paced,NA,NA,NaN,6.98486612339937,0.0617940663533123,0.202386763343301,1,0,884394,885352,885351,886830,885042,885555,2.6267386328563,-2.02849038070521,1.296,0.406,2807.76120044262,3129.50777915205,1.914,2.956,NaN,886831,NaN,3.716,124849.49737497,141126.658819959,-0.0297542822502287,-0.0643405785973376,-0.00304227078697288,2.55194508571502e-05,6.64853547487337e-05,2.05942826439163e-05,-0.0112100212956672,0.00806015446714392,1,0.911829321662996,0.832000000000107,0.0798293216628888,1768.788,79.8293216628888,1,0,1,0,paced,0.882039847876858,68.0241376219282,0.0905053460510254,124849.49737497,124849.49737497
888689,888689,NaN,10,0.401225913685487,112.564676502095,889194,11.0659134071899,893295,9.21199999999999,106.831106841658,-57.3564995243974,890100,376,paced,NA,NA,NaN,6.51324359531047,0.0647630863634224,0.18946357833538,2,0,888689,889787,889786,893294,889194,890100,2.48744977537704,-1.26760398873574,1.01,0.626,3074.03936462283,4234.68552875456,2.194,7.014,NaN,NaN,NaN,NaN,132421.986708096,192629.974384353,-0.0363866725471958,-0.0287629831917493,-0.00169116734506028,3.530637228015e-05,2.762756786373e-05,1.02513370826368e-05,-0.00488882404448845,0.00911978963412952,1,0.907784140969068,0.772000000000162,0.135784140968906,1777.378,135.784140968906,1,0,0,0,paced,0.850579148916499,70.5401726299432,0.159637279072586,132421.986708096,132421.986708096
893295,893295,NaN,10,11.0659134071899,140.165071315269,893690,1.46903682115445,897214,7.83800000000019,133.897596201097,-79.0214949154117,894250,377,paced,NA,NA,NaN,7.65501403419221,0.0654957973286432,0.223914073045635,1,0,893295,894010,894009,894903,893690,894250,3.18961171072019,-1.94217551646864,0.79,0.48,2650.77721314858,2104.29846164974,1.428,1.786,NaN,894904,NaN,4.62,113228.023152953,88760.9530583544,-0.0638705160512589,-0.0638288277019835,-0.00409978723914169,6.47694197529731e-05,5.5055981835514e-05,2.58874607274004e-05,-0.0111435807452419,0.012864293647159,1,0.885999999999967,0.813999999999851,0.0720000000001164,1786.59,72.0000000001164,1,0,1,0,paced,0.860928385626465,69.6922078557559,0.0836306494270424,113228.023152953,113228.023152953
897214,897214,NaN,10,1.46903682115445,105.266822822433,897719,-0.801458015805614,901760,9.09199999999987,104.933033419758,-89.0465170628437,898403,378,paced,NA,NA,NaN,6.59920809502869,0.081349559274355,0.20771430195751,1,0,897214,898189,898188,899307,897719,898403,2.22481390428797,-2.03959109211819,1.01,0.428,2768.46669837023,2680.69780608029,1.948,2.236,NaN,899308,NaN,4.904,124513.711508393,119783.260523129,-0.0321639940386814,-0.0446779897707206,-0.00326301029084484,2.77739724804318e-05,5.04754354349595e-05,2.06354071362205e-05,-0.00706207102765141,0.0069894117882523,1,0.960000000000036,0.779999999999973,0.180000000000064,1794.428,180.000000000064,1,0,1,0,paced,0.886567077512938,67.676774292495,0.203030322877557,124513.711508393,124513.711508393
901760,901760,NaN,10,-0.801458015805614,156.274135022567,902244,2.92351486936092,905833,8.14599999999996,155.21310659579,-80.746267970407,902862,379,paced,NA,NA,NaN,7.36557819788857,0.295310618146261,0.238245308965121,1,0,901760,902596,902595,903677,902244,902862,3.39421885154383,-1.83710466513495,0.968,0.532,2909.78763245059,2453.20957026359,1.67,2.162,NaN,903678,NaN,4.31,123040.595270554,107098.809937728,-0.0515600787507346,-0.058266953264976,-0.00481427378788058,4.63394434998499e-05,4.22322288323612e-05,1.79932891054371e-05,-0.0101590312773291,0.0114363020302346,1,0.912313043478154,0.813999999999851,0.0983130434783033,1803.52,98.3130434783033,1,0,0,0,paced,0.868287879873129,69.1015058378645,0.113226322464237,123040.595270554,123040.595270554
905833,905833,NaN,10,2.92351486936092,104.858062328309,906221,15.8305095563109,910449,9.23199999999997,95.4810501154734,-59.7978667136136,908969,380,paced,NA,NA,NaN,6.4991334488735,0.295328653864935,0.236024966187229,2,0,905833,906837,906836,909535,906221,908969,2.20489981575484,-1.01746231250842,0.776,4.264,2640.70451486833,3303.75107570717,2.006,5.396,NaN,909536,NaN,1.826,119907.920462449,164885.199615844,-0.0428836734909639,-0.00866360762765679,-0.00145563303823706,4.85575277490919e-05,1.27583762023135e-05,1.01102743591002e-05,-0.000825016778751583,0.00958795643649268,0,0.983999999999924,0.763999999999896,0.220000000000027,1811.666,220.000000000027,0,0,0,0,paced,0.884163355700042,67.8607630741433,0.248822797938556,119907.920462449,119907.920462449
910449,910449,NaN,10,15.8305095563109,170.768173561991,910775,-0.538343993112813,914219,7.54000000000019,163.122090780392,-101.264000387495,911703,381,paced,NA,NA,NaN,7.95755968169741,0.306758151593988,0.269073180058881,1,0,910449,911267,911266,912560,910775,911703,3.04076961488362,-1.9299902980216,0.652,0.872,2703.3909743992,2819.8206299808,1.634,2.586,NaN,912561,NaN,3.316,140173.936382506,149052.352965445,-0.0735522500667187,-0.0367841502927093,-0.00278669698254854,7.46495372291365e-05,2.45443306032318e-05,1.29698916650531e-05,-0.00635619948787746,0.012332586957307,1,0.929317796610135,0.832000000000107,0.097317796610028,1820.898,97.317796610028,1,0,0,0,paced,0.871615502398898,68.8376925775934,0.111652209422831,140173.936382506,140173.936382506
914219,914219,NaN,10,-0.538343993112813,91.2969295695364,914579,-1.44174684521716,915612,2.78599999999983,92.2869749887014,-79.8646687649889,915286,382,paced,NA,NA,NaN,21.5362526920329,0.311171337074428,0.254720497830914,2,0,914219,914835,914834,915611,914579,915286,1.53111950561129,-1.3362268775053,0.72,0.902,1059.80933506337,1308.75316824989,1.23,1.552,NaN,NaN,NaN,NaN,62040.5344586861,75796.4117106728,-0.0319319497995754,-0.0307076139861321,-0.00519701187959828,3.78085377130934e-05,4.63553626824861e-05,4.17840619476616e-05,-0.00463335727745103,0.00699567043814397,1,0.847348946135801,0.813999999999851,0.0333489461359505,1828.438,33.3489461359505,1,0,0,0,paced,0.829470563650573,72.3352975130723,0.0402050990081901,62040.5344586861,62040.5344586861
915612,915612,NaN,10,-1.44174684521716,153.150611388339,915901,1.65628944467411,920219,9.21400000000017,153.04334008861,-106.535784307028,916612,383,paced,NA,NA,NaN,6.51182982418048,0.310169059456326,0.259431297322961,1,0,915612,916375,916374,917707,915901,916612,2.81061885832961,-1.87203431505633,0.578,0.474,2809.64135545975,2755.54300861083,1.524,2.664,NaN,917708,NaN,5.022,151219.391638215,149471.167071736,-0.0716416950839709,-0.0457636351831794,-0.00272648048888649,6.49278609892876e-05,4.00243614677333e-05,1.69887640442944e-05,-0.00788083189534163,0.0127211158239624,1,1.00600000000009,0.842263157894769,0.163736842105317,1831.224,163.736842105317,1,0,0,0,paced,0.950805501678533,63.1043887462549,0.172208555604968,151219.391638215,151219.391638215
920219,920219,NaN,10,1.65628944467411,96.0551559934959,920968,5.46036028825654,925314,10.1899999999998,92.4968311270306,-93.6559823774552,921753,384,paced,NA,NA,NaN,5.88812561334652,0.322147872056276,0.243714633454084,3,0,920219,921395,921394,923041,920968,921753,1.88257411458209,-1.79434610993102,1.498,0.716,2906.99127840132,2897.39668211668,2.35,3.292,NaN,923042,NaN,4.544,144372.618849409,139392.136811921,-0.0193965229406519,-0.032875465242609,-0.00252308738214733,2.61061078996589e-05,2.95076034388617e-05,1.51473524661314e-05,-0.00544948483970352,0.0072644303882422,1,0.981999999999971,0.811999999999898,0.170000000000073,1840.438,170.000000000073,1,0,0,0,paced,0.923885839953157,64.9430886429022,0.184005417821635,144372.618849409,144372.618849409
925314,925314,NaN,10,5.46036028825654,140.937895656141,925808,0.640706499070919,930231,9.83400000000006,137.887362262477,-84.6400597754885,926515,385,paced,NA,NA,NaN,6.10128126906647,0.309411370406627,0.212533687482968,1,0,925314,926287,926286,927786,925808,926515,2.91519499939721,-1.89180375136501,0.988,0.456,3021.140158797,2919.29415996456,1.944,2.998,NaN,927787,NaN,4.888,131368.975742914,129718.029359882,-0.0452319242752553,-0.0473870111346111,-0.00256304565847929,4.29612026752874e-05,4.04187252249442e-05,1.59784754613407e-05,-0.00750901713403799,0.0107953819371853,1,0.954292887029206,0.789999999999964,0.164292887029243,1850.628,164.292887029243,1,0,0,0,paced,0.899569647331324,66.6985598924962,0.182634982757184,131368.975742914,131368.975742914
930231,930231,NaN,10,0.640706499070919,101.377786124387,930772,-0.0578711689484283,934975,9.48800000000006,101.086368459326,-86.6006218918455,931521,386,paced,NA,NA,NaN,6.32377740303538,0.0620315312878274,0.185812851207891,1,0,930231,931276,931275,932784,930772,931521,2.3529249716075,-2.00617590507684,1.082,0.49,2668.57789792363,3109.11288275563,2.088,3.016,NaN,932785,NaN,4.38,114290.882805595,136193.220089316,-0.0321147939935332,-0.0410341225268054,-0.00322662293809489,3.3673727266204e-05,3.68912786914624e-05,1.62137950093285e-05,-0.00656974619136708,0.00929160659977546,1,0.968000000000075,0.843999999999824,0.124000000000251,1860.462,124.000000000251,1,0,1,0,paced,0.91951011193224,65.2521372211092,0.134854416923899,114290.882805595,114290.882805595
934975,934975,NaN,10,-0.0578711689484283,110.05534052906,935805,0.979868867217856,940464,10.9780000000001,109.594341679925,-96.2270550449721,936563,387,paced,NA,NA,NaN,5.46547640736014,0.124013836779389,0.16924778762843,1,0,934975,936330,936329,937854,935805,936563,2.27448997419922,-2.06560665335888,1.66,0.466,3154.81007757865,3211.40724689408,2.708,3.048,NaN,937855,NaN,5.218,139443.100502528,142372.374289654,-0.0201894106228595,-0.0406177901727858,-0.00351692653197097,2.13132180492699e-05,3.95673077872748e-05,1.62047373739278e-05,-0.00601777425813847,0.00691711374093085,1,0.950000000000045,0.779999999999973,0.170000000000073,1869.95,170.000000000073,1,0,1,0,paced,0.898580635410492,66.7719708566729,0.189187250760654,139443.100502528,139443.100502528
940464,940464,NaN,10,0.979868867217856,142.981788419787,940921,4.89606498724741,945356,9.78399999999988,140.043821492554,-87.5870347132676,941610,388,paced,NA,NA,NaN,6.13246116107939,0.331460932442955,0.197221346987515,3,0,940464,941362,941361,942253,940921,941610,2.95921272111762,-1.90704813803334,0.914,0.496,3149.39936616702,2218.98680328777,1.794,1.782,NaN,942254,NaN,6.204,141565.093246795,101347.26931099,-0.048048557671496,-0.0492578989501462,-0.00721462654889378,5.2462945379689e-05,4.4135384507775e-05,2.16396261191561e-05,-0.00875731051449963,0.0121829403870024,1,0.991999999999962,0.80399999999986,0.188000000000102,1880.928,188.000000000102,1,0,0,0,paced,0.920435857094078,65.1865086932042,0.204251060572151,141565.093246795,141565.093246795
945356,945356,NaN,10,4.89606498724741,127.328597734634,946056,19.700745157977,950660,10.6079999999999,115.030192662022,-52.4957916884797,947156,389,paced,NA,NA,NaN,5.6561085972851,0.33098576620339,0.228852313989713,3,0,945356,946472,946471,950659,946056,947156,2.49124949909344,-1.01331354517172,1.4,1.368,3094.78001624445,4377.45711717273,2.23,8.374,NaN,NaN,NaN,NaN,147483.663809514,217178.823170649,-0.0268047938616098,-0.0220384085639817,-0.00145454283737877,2.46457223902226e-05,2.02878923046991e-05,8.32968168148438e-06,-0.0032762703265287,0.00747822637468598,1,0.988000000000056,0.773999999999887,0.214000000000169,1890.712,214.000000000169,1,0,0,0,paced,0.907858734772261,66.0895772678237,0.235719492255424,147483.663809514,147483.663809514
950660,950660,NaN,10,19.700745157977,153.409814972512,951113,2.52191307669268,954287,7.25400000000013,142.298485855177,-108.473310467612,951832,390,paced,NA,NA,NaN,8.27129859387909,0.333668360595203,0.253910437908885,1,0,950660,951479,951478,952622,951113,951832,2.71460771779287,-2.15629099777882,0.906,0.706,2665.8414235711,2713.73772631521,1.636,2.286,NaN,952623,NaN,3.328,136821.797769541,142816.680712637,-0.0479232312204178,-0.0471237947652733,-0.00347182405182035,4.00479462929002e-05,3.41131577475658e-05,1.95240389444046e-05,-0.00845110418626365,0.00871109906740619,1,0.936264392324194,0.798000000000002,0.138264392324192,1901.32,138.264392324192,1,0,0,0,paced,0.875704892288851,68.5162324983438,0.157889254178776,136821.797769541,136821.797769541
954287,954287,NaN,10,2.52191307669268,83.944252262926,954682,4.5927151558587,955656,2.73799999999983,80.3869381466503,-74.9736313733282,955123,391,paced,NA,NA,NaN,21.9138056975908,0.327980579279321,0.234975518930872,1,0,954287,954907,954906,955655,954682,955123,1.36479552009841,-1.35847295752005,0.79,0.432,880.773634272432,1052.38331246735,1.238,1.496,NaN,NaN,NaN,NaN,50368.8551236931,59946.5356239556,-0.0263034210364227,-0.0444200722646813,-0.00528854121597019,2.82457652126644e-05,5.20747808346438e-05,2.77077997686868e-05,-0.00769775395658069,0.00582309394142688,1,0.923999999999978,0.879107551487447,0.0448924485125313,1908.574,44.8924485125313,1,0,0,0,paced,0.904080750140923,66.36575326999,0.049655352694473,50368.8551236931,50368.8551236931
955656,955656,NaN,10,4.5927151558587,161.679348279514,956029,-3.23975512723431,960331,9.35000000000014,161.002868265202,-91.5930219668265,956629,392,paced,NA,NA,NaN,6.41711229946515,0.327593567709508,0.234844263467204,1,0,955656,956387,956386,957752,956029,956629,2.70192056968336,-1.67684348865403,0.746,0.484,2415.39005471465,2499.66841594947,1.46,2.73,NaN,957753,NaN,5.156,133790.615184313,138549.60548449,-0.0534426541333746,-0.050612700144551,-0.00241540530078835,3.95673730085321e-05,4.09797655460123e-05,1.70169012675707e-05,-0.00879168644110789,0.00997152435085957,1,0.955999999999904,0.847999999999956,0.107999999999947,1911.312,107.999999999947,1,0,0,0,paced,0.897945724825006,66.819183321679,0.120274529978963,133790.615184313,133790.615184313
960331,960331,NaN,10,-3.23975512723431,180.252599413668,960882,2.83545129503371,965521,10.3799999999999,180.454751329769,-94.1035095010551,961962,393,paced,NA,NA,NaN,5.78034682080931,0.32111251726558,0.255433814244706,3,0,960331,961289,961288,964372,960882,961962,2.59922277355442,-1.46154240891266,1.102,1.346,2601.38492798011,4051.89113546916,1.914,6.166,NaN,964373,NaN,2.296,162625.152697157,246985.460578391,-0.0347723399861111,-0.0273653717975071,-0.00230659976572673,2.795173957249e-05,3.36355274006299e-05,1.44736003026538e-05,-0.00341738031009711,0.00762449719580238,1,0.963999999999942,0.768000000000029,0.195999999999913,1920.662,195.999999999913,1,0,0,0,paced,0.876736744307853,68.4355941387714,0.223556274186554,162625.152697157,162625.152697157
965521,965521,NaN,10,2.83545129503371,144.091671554253,966190,10.2117083740569,970627,10.212,137.568091719707,-181.016047384492,967260,394,paced,NA,NA,NaN,5.87544065804936,0.310092915771511,0.285608213185326,5,0,965521,967068,967067,968008,966190,967260,2.26440723251305,-2.89209296138406,1.338,0.384,4436.07285812163,3368.45479978784,3.092,1.88,NaN,968009,NaN,5.236,271341.521723242,213747.938844313,-0.0259175455472658,-0.0367122077367542,-0.0113293314203492,3.41887249597834e-05,5.70632418336275e-05,3.28215370194953e-05,-0.00356023246771899,0.00859446419275289,1,0.981999999999971,0.738000000000056,0.243999999999915,1931.042,243.999999999915,1,0,0,0,paced,0.880803455622096,68.1196237560434,0.277019803274479,271341.521723242,271341.521723242
970627,970627,NaN,10,10.2117083740569,146.268759354938,971092,-0.507636782758725,975422,9.59000000000015,141.416723559289,-82.1179016741323,971945,395,paced,NA,NA,NaN,6.25651720542222,0.0525673589982318,0.198123956602416,1,0,970627,971630,971629,974062,971092,971945,2.34578509870707,-1.34740209555243,0.93,0.63,2417.03342783954,2438.19052848888,2.004,4.864,NaN,974063,NaN,2.718,135278.091971833,139465.544453524,-0.0392664743889757,-0.0301031319494569,-0.00167876333560438,3.55812459176797e-05,2.80277324660144e-05,1.10546571217669e-05,-0.00468718943448143,0.00825769014319411,1,0.957999999999856,0.802000000000135,0.155999999999722,1941.254,155.999999999722,1,0,1,0,paced,0.892686776921535,67.2128248688889,0.174753344658799,135278.091971833,135278.091971833
975422,975422,NaN,10,-0.507636782758725,98.0201892504604,975884,-2.13463245998132,980045,9.24599999999987,99.3413238718304,-89.6293012269967,976667,396,paced,NA,NA,NaN,6.48929266709938,0.0596443015370867,0.202344620515897,4,0,975422,976427,976426,977916,975884,976667,1.73028803766074,-1.63230497125772,0.924,0.48,2199.2340086886,2707.49893178233,2.008,2.978,NaN,977917,NaN,4.256,123005.231587842,149003.41690573,-0.0281748434104586,-0.0307344864339013,-0.00305150543913568,3.13843329928764e-05,3.14727470298274e-05,1.5795437011736e-05,-0.00497777677542479,0.00745643108207372,1,0.923999999999978,0.854000000000042,0.0699999999999363,1950.844,69.9999999999363,1,0,0,0,paced,0.892245937250973,67.2460332908449,0.0784537055059144,123005.231587842,123005.231587842
980045,980045,NaN,10,-2.13463245998132,186.711065113354,980700,-4.83881773876879,985310,10.53,190.197790212729,-139.260210608129,981365,397,paced,NA,NA,NaN,5.69800569800571,0.104121039396567,0.190210504104147,1,0,980045,981117,981116,982975,980700,981365,2.92106603396531,-2.24279270956131,1.31,0.496,3342.40157985469,4047.60444495403,2.142,3.716,NaN,982976,NaN,4.668,198137.83142838,235536.732414106,-0.0327977056575168,-0.0540724659215807,-0.0033348010718069,2.60451391877376e-05,4.31200770955141e-05,1.56587552955306e-05,-0.00913738699629291,0.00701422353968351,1,0.991999999999962,0.793999999999869,0.198000000000093,1960.09,198.000000000093,1,0,1,0,paced,0.913040435074029,65.7145047416605,0.216857865647581,198137.83142838,198137.83142838
985310,985310,NaN,10,-4.83881773876879,153.10301760863,985900,0.858418835727197,990122,9.62400000000002,155.093217060151,-116.934532734728,986530,398,paced,NA,NA,NaN,6.23441396508727,0.208542291839663,0.214593474338655,1,0,985310,986296,986295,987932,985900,986530,2.46132515833912,-1.82588616018056,1.18,0.468,2717.50081293983,3164.34226422824,1.97,3.272,NaN,987933,NaN,4.378,165961.17564215,195559.394023569,-0.030174934747454,-0.047663610585334,-0.00264766677397168,2.49223238855273e-05,3.73069904487963e-05,1.50663207704015e-05,-0.00804198079832725,0.00755700686885574,1,0.984999999999968,0.8599999999999,0.125000000000068,1970.62,125.000000000068,1,0,0,0,paced,0.913147158628919,65.7068243962883,0.136889217492342,165961.17564215,165961.17564215
990122,990122,NaN,10,0.858418835727197,138.169218721178,990708,-4.08395394293182,995584,10.924,139.78198627478,-105.447365601777,991423,399,paced,NA,NA,NaN,5.49249359209082,0.222933387751099,0.235673009227474,2,0,990122,991182,991181,992915,990708,991423,2.35134704371595,-1.89351703266642,1.172,0.482,2706.98045667909,3299.61016670265,2.118,3.466,NaN,992916,NaN,5.336,154691.569436058,183573.027289811,-0.0292205901598366,-0.0417786644472322,-0.00318838389897023,2.34244411650578e-05,3.90677209595879e-05,1.57617381676366e-05,-0.00658257089426353,0.00669880210643692,1,0.961999999999989,0.864000000000033,0.0979999999999563,1980.244,97.9999999999563,1,0,0,0,paced,0.92320019463994,64.9913207864961,0.106152490617896,154691.569436058,154691.569436058
995584,995584,NaN,10,-4.08395394293182,131.203187229827,996192,-1.06955426687724,999504,7.84000000000015,133.779941334731,-107.645520853478,996865,400,paced,NA,NA,NaN,7.65306122448965,0.235245893656064,0.202642178922721,2,0,995584,996456,996455,997882,996192,996865,2.41925502943168,-2.00536195894811,1.216,0.818,2657.5390911548,3217.58396986118,1.742,2.852,NaN,997883,NaN,3.242,138580.762319841,167653.134363803,-0.0306863111586567,-0.0463047186085329,-0.00322854265408253,3.93318667069889e-05,4.65560808699352e-05,1.86373078789925e-05,-0.00818508431577753,0.00947768018525352,1,0.971958762886579,0.877999999999929,0.0939587628866498,1991.168,93.9587628866498,1,0,0,0,paced,0.927269072058167,64.7061374179384,0.101328477049384,138580.762319841,138580.762319841
999504,999504,NaN,10,-1.06955426687724,110.011863665731,1000380,0.361163275826606,1006857,14.7059999999999,110.366059161256,-113.497972349999,1001400,401,paced,NA,NA,NaN,4.07996736026114,0.270158657819137,0.137815338760517,6,0,999504,1001080,1000646,1002457,1000380,1001400,1.86126824852143,-1.64338927395631,1.752,0.64,2526.83958920411,2213.19908307718,2.284,2.754,1000647,1002458,0.866,8.798,136230.84936054,159148.532875814,-0.016848627237453,-0.0253896624053085,-0.0053610286340484,2.55402803803155e-05,3.35342348745928e-05,2.19047072589847e-05,-0.00271262822771839,0.00594596994846119,0,1.02600000000007,0.765584158415776,0.260415841584292,1999.008,260.415841584292,0,0,0,0,paced,0.940507760014021,63.7953268977871,0.276888562387204,136230.84936054,136230.84936054
1006857,1006857,NaN,11,0.361163275826606,202.787289782117,1007212,-69.4506272595242,1007685,1.65599999999995,237.332021773966,-201.305844941135,1007540,402,paced,NA,NA,NaN,36.2318840579721,0.566390855617703,0.219751051435101,1,0,1006857,1007376,1007375,1007684,1007212,1007540,1.84371546015578,-1.68750877263866,0.71,0.328,980.658380942583,714.774635846113,1.036,0.616,NaN,NaN,NaN,NaN,114139.552161854,91877.6970276712,-0.0407124137639835,-0.0788418938124892,-0.0209300939950984,5.03498957947301e-05,9.48353045042567e-05,0.000108588673633515,-0.0129640109015917,0.0177929241787192,1,0.765584158415776,0.721870967741887,0.0437131906738882,2013.714,43.7131906738882,1,0,0,0,paced,0.739986751730673,81.082532707069,0.0590729368757648,114139.552161854,114139.552161854
1007685,1007685,NaN,11,-69.4506272595242,319.23000818935,1007823,-97.1566559216724,1008675,1.98000000000002,402.533649779949,-249.564886196918,1008307,403,paced,NA,NA,NaN,30.30303030303,0.505962959055014,0.332830563559858,3,0,1007685,1008005,1008004,1008539,1007823,1008307,2.91094721527732,-1.99139631181995,0.276,0.604,1168.54782581457,1482.02037998369,0.638,1.068,NaN,1008540,NaN,0.27,166360.62646165,149459.232020514,-0.204682954367823,-0.0818454024751493,-0.0199925731934879,0.000442115218833918,0.000180885252387312,0.000115368695360796,-0.0118641445939446,0.0398552102051009,1,0.965999999999894,0.715999999999894,0.25,2015.37,250,1,0,0,0,paced,0.858218071733956,69.9123008197382,0.291301253415576,166360.62646165,166360.62646165
1008675,1008675,NaN,11,-97.1566559216724,247.81228404681,1009119,-1.17972868610192,1010035,2.72000000000003,296.980476350697,-258.68420975902,1009611,404,paced,NA,NA,NaN,22.0588235294115,0.461659314093806,0.348055886237913,1,0,1008675,1009331,1009330,1009834,1009119,1009611,2.25208666592451,-2.01994980775905,0.888,0.56,1430.47776090498,1199.51170377614,1.31,1.006,NaN,1009835,NaN,0.4,165608.90721555,128619.742818006,-0.0504980091968444,-0.0604716708721899,-0.00730329485609798,5.2582944803824e-05,5.81143033025531e-05,5.93029325417138e-05,-0.00977329870268374,0.0120953456348439,1,0.957341614906762,0.918068965517145,0.0392726493896169,2017.35,39.2726493896169,1,0,0,0,paced,0.937117317439404,64.0261351310262,0.0419079326128838,165608.90721555,165608.90721555
1010035,1010035,NaN,11,-1.17972868610192,259.50099032086,1010365,-175.391627771035,1012683,5.29600000000005,347.786668549428,-282.580207591029,1011220,405,paced,NA,NA,NaN,11.3293051359516,0.416981697954394,0.358108711351189,2,0,1010035,1011009,1011008,1012294,1010365,1011220,2.46656813697462,-2.5033926815556,0.66,0.422,3295.83098914192,3051.61325603504,1.946,2.57,NaN,1012295,NaN,0.776,347773.762661432,328526.608751959,-0.0612619318484088,-0.0424386609600117,-0.00393867467762541,4.27241255130905e-05,5.25752951937396e-05,2.97833966852242e-05,-0.00558927344843792,0.0100042874576955,1,0.918068965517145,0.784000000000106,0.134068965517039,2020.07,134.068965517039,1,0,0,0,paced,0.859612877661255,69.7988612772318,0.155964352095096,347773.762661432,347773.762661432
1012683,1012683,NaN,11,-175.391627771035,77.6076207535986,1013050,18.7398756196091,1013961,2.55600000000004,155.933496829312,-4.43577965564662,1013710,406,paced,NA,NA,NaN,23.4741784037555,0.344144135899933,0.414073229223634,1,0,1012683,1013668,1013667,1013960,1013050,1013710,0.712397387979223,-0.030071959805722,0.734,0.084,904.437188381632,60.5437277533302,1.968,0.584,NaN,NaN,NaN,NaN,108763.849357293,6369.29718021045,-0.0371353612288242,-0.00773820305024191,-0.00874823153078873,3.79860295216383e-05,9.79235739446191e-06,2.10208526398558e-05,-0.00115438705405947,0.00916596225449362,0,0.831768867924512,0.723264305177044,0.108504562747468,2025.366,108.504562747468,0,0,0,0,paced,0.765379351226184,78.3924989665273,0.141765730384074,108763.849357293,108763.849357293
1013961,1013961,NaN,11,18.7398756196091,202.095051647076,1014222,4.81615989377106,1015245,2.56799999999998,190.317033890386,-157.592978322597,1014569,407,paced,NA,NA,NaN,23.3644859813086,0.282866773843679,0.363478669028623,1,0,1013961,1014401,1014400,1014981,1014222,1014569,1.88200197783912,-1.37311436110537,0.522,0.336,1003.25778996709,903.257650903434,0.878,1.16,NaN,1014982,NaN,0.526,119977.362943299,106653.935737603,-0.0571173535836654,-0.0681574412574894,-0.00524852555950192,4.83436080164977e-05,8.14893838621596e-05,3.55021727143442e-05,-0.0113204862814059,0.00769581908667782,1,0.851381188118848,0.713999999999942,0.137381188118906,2027.922,137.381188118906,1,0,0,0,paced,0.773034683995889,77.6161810617013,0.177716719525145,119977.362943299,119977.362943299
1015245,1015245,NaN,11,4.81615989377106,181.21978577213,1015749,-6.91907532254923,1016991,3.49199999999996,182.271243486519,-141.238360872076,1016104,408,paced,NA,NA,NaN,17.1821305841926,0.274018797430664,0.387315025323183,2,0,1015245,1015919,1015918,1016600,1015749,1016104,1.38414100646436,-1.42710415363437,1.008,0.37,1125.15194148453,1114.09047202557,1.346,1.362,NaN,1016601,NaN,0.78,120918.453322668,112819.468041534,-0.0217248447425485,-0.0580952291630468,-0.00508893291217454,3.10433707698422e-05,7.72230962616648e-05,2.83525797199982e-05,-0.00996433216607174,0.00518141277101947,1,0.932000000000016,0.843999999999824,0.0880000000001928,2030.49,88.0000000001928,1,0,0,0,paced,0.887605803186163,67.5975751675159,0.0991431102459072,120918.453322668,120918.453322668
1016991,1016991,NaN,11,-6.91907532254923,135.966338414259,1017494,-16.7965973540351,1018751,3.51999999999998,147.824174752551,-90.2805016009579,1017861,409,paced,NA,NA,NaN,17.0454545454546,0.245107948743008,0.133991865762328,2,0,1016991,1017694,1017693,1018498,1017494,1017861,1.30403644581143,-0.996968853233141,1.006,0.334,900.166302951685,904.787802779995,1.404,1.608,NaN,1018499,NaN,0.504,91544.8848002952,85786.5238735269,-0.0198321452128188,-0.0458837622670207,-0.00301942745295045,2.43693125609908e-05,5.5941755320473e-05,2.16812147570002e-05,-0.00783208197995713,0.00538615756829075,1,0.958000000000084,0.928881002087704,0.0291189979123793,2033.982,29.1189979123793,1,0,0,0,paced,0.94366777848179,63.581698313924,0.030857255674478,91544.8848002952,91544.8848002952
1018751,1018751,NaN,11,-16.7965973540351,163.051748565166,1019200,1.96002982404654,1020600,3.69800000000009,170.470032330161,-124.250070904717,1019677,410,paced,NA,NA,NaN,16.2249864791775,0.225849440797837,0.130559229467499,1,0,1018751,1019497,1019496,1020286,1019200,1019677,1.89506004330186,-1.73141404326815,0.898,0.36,1555.12747028774,1466.96797910061,1.49,1.578,NaN,1020287,NaN,0.626,121850.210592973,115094.952485394,-0.0349528711501361,-0.0551945966276547,-0.00408772435085951,3.76922179387719e-05,6.6050757731146e-05,2.80515074289751e-05,-0.00930382495954808,0.00827421040692689,1,0.928881002087704,0.869999999999891,0.0588810020878135,2037.502,58.8810020878135,1,0,0,0,paced,0.898724866705978,66.7612549988886,0.0655161599162436,121850.210592973,121850.210592973
1020600,1020600,NaN,11,1.96002982404654,123.086757980656,1020980,-11.5641433955863,1022924,4.64799999999991,127.888814766426,-83.0744377130728,1021319,411,paced,NA,NA,NaN,12.9087779690192,0.184200196876311,0.170051498371509,1,0,1020600,1021157,1021156,1021777,1020980,1021319,1.60820615323433,-1.1939680482453,0.76,0.324,895.497900899941,845.875758964227,1.112,1.24,NaN,1021778,NaN,2.292,68727.731347651,67954.349183736,-0.0328246032036492,-0.0599942563122561,-0.00463914295793715,3.43451166383975e-05,7.60962677689081e-05,3.30504712615107e-05,-0.0100225673142563,0.00656890390112719,1,0.958000000000084,0.896692473118275,0.0613075268818088,2041.2,61.3075268818088,1,0,1,0,paced,0.930326820079134,64.4934647749877,0.0658989137565592,68727.731347651,68727.731347651
1022924,1022924,NaN,11,-11.5641433955863,172.406107168448,1023250,-2.20148651603005,1024149,2.44999999999982,179.288922124256,-145.129479109771,1023568,412,paced,NA,NA,NaN,24.4897959183692,0.183470220969627,0.161668294880803,1,0,1022924,1023413,1023412,1023846,1023250,1023568,2.15515825103626,-1.70803989791485,0.652,0.31,1011.72619152208,952.743753888384,0.976,0.866,NaN,1023847,NaN,0.604,80735.3015947407,75314.3124139255,-0.0521326628995582,-0.0895925878949276,-0.0143964209883548,6.23676732274408e-05,0.000117377942501553,6.84850197632302e-05,-0.014780269816952,0.0103089176626751,1,0.896692473118275,0.873917995444214,0.0227744776740606,2045.848,22.7744776740606,1,0,1,0,paced,0.88486703995604,67.8067972822005,0.0257377398475505,80735.3015947407,80735.3015947407
1024149,1024149,NaN,11,-2.20148651603005,171.808437241653,1024574,4.32353372310998,1026227,4.1560000000004,170.747413638113,-116.587447934893,1024958,413,paced,NA,NA,NaN,14.4369586140506,0.180930426827444,0.185446581924242,1,0,1024149,1024756,1024755,1025682,1024574,1024958,2.22141737544033,-1.76598016399466,0.85,0.404,1624.38798425112,1870.81733717087,1.212,1.852,NaN,1025683,NaN,1.088,117747.128503597,133315.214672217,-0.0371067961207604,-0.0753412687059079,-0.00496133286410343,2.98249975353185e-05,9.38406017808509e-05,2.99081425403861e-05,-0.0129640741309844,0.00743738857279952,1,0.954000000000178,0.869999999999891,0.0840000000002874,2048.298,84.0000000002874,1,0,1,0,paced,0.909755976738445,65.9517513862401,0.0923324519410521,117747.128503597,117747.128503597
1026227,1026227,NaN,11,4.32353372310998,119.290487422675,1026769,5.06986860858777,1028161,3.86799999999994,114.593786256826,-101.105449757765,1027115,414,paced,NA,NA,NaN,15.5118924508793,0.181649522207557,0.210289254637835,1,0,1026227,1026930,1026929,1027625,1026769,1027115,1.71933849342835,-1.59075077090066,1.084,0.37,1294.69504344645,1314.87623378981,1.404,1.39,NaN,1027626,NaN,1.07,92843.2758807079,90840.6765747494,-0.0238004217546086,-0.0697219239730286,-0.00620345621284596,2.26724136551058e-05,8.21140990932744e-05,2.89599661386669e-05,-0.0116013875414232,0.00448678809940728,1,0.949547169811478,0.91800000000012,0.0315471698113577,2052.454,31.5471698113577,1,0,1,0,paced,0.93137579724082,64.4208279598296,0.0338715799839501,92843.2758807079,92843.2758807079
1028161,1028161,NaN,11,5.06986860858777,146.611455387553,1028548,6.58981147730393,1029926,3.52999999999975,140.781615344607,-161.480709584598,1029131,415,paced,NA,NA,NaN,16.9971671388114,0.213657024863629,0.231117569236221,2,0,1028161,1028736,1028735,1029418,1028548,1029131,2.43732379223867,-1.84327573130408,0.774,0.79,1337.52206582054,1524.67313458677,1.148,1.364,NaN,1029419,NaN,1.014,97666.8015185903,103481.812557691,-0.0478694397510199,-0.0554181323847153,-0.00868023349102575,5.32100794481528e-05,8.05777961961927e-05,7.19680932320652e-05,-0.00751255047744849,0.0103148538507061,1,0.926059574468107,0.869999999999891,0.0560595744682162,2056.322,56.0595744682162,1,0,0,0,paced,0.884609040270462,67.8265733997648,0.0633721473738008,97666.8015185903,97666.8015185903
1029926,1029926,NaN,11,6.58981147730393,123.701723505182,1030292,3.29438454575735,1031782,3.71199999999999,118.759625493652,-151.522408674127,1030799,416,paced,NA,NA,NaN,16.1637931034483,0.209537530177756,0.195446960409456,1,0,1029926,1030535,1030534,1031195,1030292,1030799,1.95765176145989,-2.14528594086534,0.732,0.528,1434.13378779834,1645.21339882319,1.216,1.32,NaN,1031196,NaN,1.172,101935.173500604,113152.632818184,-0.040907975666046,-0.0578772436446218,-0.00614251843711189,3.97682563540994e-05,6.29242123352747e-05,4.51415830443868e-05,-0.0103554152854733,0.00866505998201705,1,0.882965831434888,0.856000000000222,0.0269658314346661,2059.852,26.9658314346661,1,0,0,0,paced,0.870056157753769,68.9610658637283,0.0309932079606034,101935.173500604,101935.173500604
1031782,1031782,NaN,11,3.29438454575735,107.438262501977,1032123,3.64600731128649,1033597,3.63000000000011,103.968066573455,-62.3779050774892,1032482,417,paced,NA,NA,NaN,16.5289256198342,0.237663674209088,0.143917768677587,1,0,1031782,1032306,1032305,1033073,1032123,1032482,1.52392850445692,-0.984159588293033,0.682,0.352,850.123530106207,806.02046299789,1.046,1.534,NaN,1033074,NaN,1.046,59579.08123246,55694.4410654902,-0.0355744757537144,-0.0505273279193424,-0.00327137293275492,3.92315260741432e-05,6.37571964252297e-05,2.37259773517119e-05,-0.00853791943450814,0.00676743121302414,1,0.929019438444783,0.882965831434888,0.0460536070098954,2063.564,46.0536070098954,1,0,0,0,paced,0.911812978864706,65.8029677036465,0.0505077335784762,59579.08123246,59579.08123246
1033597,1033597,NaN,11,3.64600731128649,111.215486219097,1033908,5.80668809998994,1034735,2.27599999999984,106.489138513459,-115.501378330753,1034337,418,paced,NA,NA,NaN,26.3620386643252,0.566581070087559,0.290028769677052,1,0,1033597,1034097,1034096,1034541,1033908,1034337,1.5435213456458,-1.4936606279148,0.622,0.48,763.708372483966,854.264710466037,0.998,0.888,NaN,1034542,NaN,0.386,54554.45486355,56423.1760059327,-0.0386011620997584,-0.051223066161143,-0.00863431810008041,5.02333376205025e-05,6.09182801994483e-05,5.92916033374322e-05,-0.00839866351361202,0.00823102351345772,1,0.931999999999789,0.856000000000222,0.0759999999995671,2067.194,75.9999999995671,1,0,0,0,paced,0.897611071233772,66.8440953134965,0.0846691873966133,54554.45486355,54554.45486355
1034735,1034735,NaN,11,5.80668809998994,155.12949167593,1034969,0.61179788137802,1035989,2.50800000000027,151.920248685246,-83.7680780501013,1035291,419,paced,NA,NA,NaN,23.923444976074,0.634294429812706,0.312577095152586,1,0,1034735,1035142,1035141,1035764,1034969,1035291,2.31982968335169,-1.34198630600002,0.468,0.298,1150.43420595544,960.226754700897,0.812,1.244,NaN,1035765,NaN,0.448,78631.1802099573,68233.2819143585,-0.076794937646608,-0.0820857352905697,-0.00515237930460996,7.71440981032878e-05,0.000101791478319403,3.57040774675104e-05,-0.0135892207340299,0.0117584183747628,1,0.872000000000298,0.85603738317779,0.0159626168225081,2069.47,15.9626168225081,1,0,0,0,paced,0.868812899351479,69.0597481284943,0.0183729049539013,78631.1802099573,78631.1802099573
1035989,1035989,NaN,11,0.61179788137802,130.209371323932,1036420,5.80949077487141,1038327,4.67599999999993,126.998726995808,-101.179057823371,1036853,420,paced,NA,NA,NaN,12.8314798973484,0.634960662581866,0.330298773922776,1,0,1035989,1036659,1036658,1037634,1036420,1036853,1.82237109269721,-1.41989107410172,0.862,0.388,1466.43034373744,1411.92459281873,1.338,1.95,NaN,1037635,NaN,1.384,106148.487082032,107103.452245579,-0.031544971147356,-0.0539899963941532,-0.00290424712909801,3.2100545390584e-05,6.21345391451702e-05,1.92656589866558e-05,-0.0095909065855866,0.00702795489997887,1,0.940000000000055,0.853999999999814,0.0860000000002401,2071.978,86.0000000002401,1,0,0,0,paced,0.885332834371206,67.7711225322554,0.0971386089631707,106148.487082032,106148.487082032
1038327,1038327,NaN,11,5.80949077487141,184.019187627021,1038678,-79.2039530963675,1043022,9.38999999999987,220.716418787769,-382.112585268914,1042862,421,paced,NA,NA,NaN,6.38977635782756,0.625487570590745,0.444205839205005,7,0,1038327,1042569,1038853,1043021,1038678,1042862,2.45645146928064,-3.33380726416804,0.702,0.586,1403.53472572484,1735.59698546322,1.052,0.904,1038854,NaN,7.43,NaN,108496.244718827,168530.657467361,-0.0530929408531495,-0.0124043731084025,-0.0296349037464116,5.84323652392163e-05,3.36208106885653e-05,0.000117230157076067,-5.98678031126216e-05,0.0211160100223646,1,0.938229787234138,0.710168067226926,0.228061720007213,2076.654,228.061720007213,1,0,0,0,paced,0.807107587015554,74.3395316377366,0.282566690830547,108496.244718827,108496.244718827
1043022,1043022,NaN,11,-79.2039530963675,82.7449721930324,1043241,29.8685237873145,1044005,1.96600000000035,107.412686847559,31.8671178969578,1043776,422,paced,NA,NA,NaN,30.5188199389569,0.542797080857163,0.436325297248937,1,0,1043022,1043776,1043775,1044004,1043241,1043776,1.07900154023386,0.275134684719051,0.438,0,1047.99483834061,166.248678256945,1.506,0.456,NaN,NaN,NaN,NaN,101533.189410654,16247.0584876174,-0.071770328018213,-0.0166328966844895,-0.0238767943747613,9.48718158033228e-05,1.45483544028735e-05,3.24366151147523e-05,-0.00175734120495535,0.0208284230855202,0,0.71615730337087,0.703999999999724,0.0121573033711468,2086.044,12.1573033711468,0,0,0,0,paced,0.708376403934193,84.7007320779898,0.0171622082605059,101533.189410654,101533.189410654
1044005,1044005,NaN,11,29.8685237873145,218.533498966564,1044278,4.26770970748076,1045849,3.68799999999965,201.465382219167,-165.753407189996,1044733,423,paced,NA,NA,NaN,16.268980477225,0.489579617078951,0.398287647164007,3,0,1044005,1044501,1044500,1045099,1044278,1044733,2.1993960954246,-1.735621887257,0.546,0.464,1415.88426077482,1291.22082831143,0.99,1.196,NaN,1045100,NaN,1.498,140855.62125576,129103.666795259,-0.0668825004058943,-0.0613424272188926,-0.00618082277010072,4.79671970287269e-05,6.31554921778184e-05,4.22952119639488e-05,-0.010657988787497,0.00885133364707924,1,0.849574468085018,0.71615730337087,0.133417164714148,2088.01,133.417164714148,1,0,0,0,paced,0.787126117665799,76.2266664177379,0.169499095151096,140855.62125576,140855.62125576
1045849,1045849,NaN,11,4.26770970748076,265.306101359924,1046478,-121.903023663053,1047846,3.99400000000014,324.12375833771,-150.659878817248,1047131,424,paced,NA,NA,NaN,15.0225338007005,0.50249659225977,0.380534749059308,1,0,1045849,1046830,1046829,1047690,1046478,1047131,2.72453008992452,-1.60547308411587,1.258,0.602,2360.02261639586,2157.41591380533,1.96,1.72,NaN,1047691,NaN,0.31,219203.330323392,196909.158469373,-0.0325862256010684,-0.0453398411972875,-0.0109012457120391,3.46871565447637e-05,3.21968705174265e-05,1.58141055795104e-05,-0.00765654488216813,0.00992635541217513,1,0.92965581395373,0.807999999999993,0.121655813953737,2091.698,121.655813953737,1,0,0,0,paced,0.846540682452955,70.8766882013782,0.143709353224732,219203.330323392,219203.330323392
1047846,1047846,NaN,11,-121.903023663053,287.761355274441,1048792,21.0448886485157,1050528,5.36400000000003,338.19042278171,-158.000617872956,1049477,425,paced,NA,NA,NaN,11.1856823266219,0.258374638803657,0.419634958041756,1,0,1047846,1049155,1049154,1050100,1048792,1049477,2.50751372972711,-1.6104113914966,1.892,0.644,2563.0360273367,1726.96916931193,2.616,1.89,NaN,1050101,NaN,0.854,247213.208674485,169509.111913899,-0.0282698305635196,-0.0413651498859662,-0.00409891177026064,2.7082104161019e-05,3.18739238912067e-05,1.7204856224457e-05,-0.00689529759817783,0.0103905343853044,1,1.11200000000008,0.92965581395373,0.18234418604635,2095.692,182.34418604635,1,0,0,0,paced,1.02371203383184,58.6102321913857,0.17812058471543,247213.208674485,247213.208674485
1050528,1050528,NaN,11,21.0448886485157,243.128952825798,1050856,6.73078766334787,1052500,3.94399999999996,229.241114669866,-134.500351542367,1051339,426,paced,NA,NA,NaN,15.2129817444221,0.132407921220913,0.356590098168217,1,0,1050528,1051086,1051085,1051846,1050856,1051339,2.19400715316681,-1.40882776418832,0.656,0.506,1340.76025029701,1256.46184101285,1.114,1.52,NaN,1051847,NaN,1.306,124850.887172306,115475.455461806,-0.0540455550386114,-0.05204033683299,-0.00331871417779418,6.4877118731254e-05,5.11030494884859e-05,2.18246544704082e-05,-0.00883070655313387,0.0107548492321958,1,1.0913309352518,1.02599999999984,0.0653309352519642,2101.056,65.3309352519642,1,0,1,0,paced,1.04168434158718,57.5990226641786,0.0627166336708311,124850.887172306,124850.887172306
1052500,1052500,NaN,11,6.73078766334787,149.400561961172,1052856,2.52727162775504,1054516,4.03200000000015,144.771532315621,-115.2107548444,1053329,427,paced,NA,NA,NaN,14.8809523809518,0.123016172109154,0.433627780282404,1,0,1052500,1053113,1053112,1053861,1052856,1053329,1.57790333716921,-1.3208674708948,0.712,0.432,1073.50053635407,1127.78868915534,1.224,1.496,NaN,1053862,NaN,1.308,96166.4613711927,100984.09914324,-0.0342765682574308,-0.0434749792719547,-0.00319131454559515,4.28956200547581e-05,4.16328561136204e-05,2.15039675646035e-05,-0.00741971360327308,0.00778196388801677,1,1.02707184466036,0.945999999999913,0.0810718446604493,2105,81.0718446604493,1,0,1,0,paced,0.967513015871636,62.0146695865851,0.0837940609898786,96166.4613711927,96166.4613711927
1054516,1054516,NaN,11,2.52727162775504,151.853869235358,1054855,1.36441799288639,1056513,3.99399999999969,149.908024425038,-121.653010899126,1055302,428,paced,NA,NA,NaN,15.0225338007022,0.124457373726164,0.414852570606114,1,0,1054516,1055095,1055094,1055769,1054855,1055302,1.68384169852223,-1.48866606116225,0.678,0.414,1096.7250338345,1139.36476621282,1.156,1.348,NaN,1055770,NaN,1.486,90451.8540899926,90891.0060399332,-0.0381241411661388,-0.051160191361658,-0.00524410809706275,4.50081834267584e-05,5.14582534235233e-05,2.66001230262136e-05,-0.00889717876179383,0.00779682973384643,1,0.949094339622757,0.927999999999884,0.0210943396228735,2109.032,21.0943396228735,1,0,1,0,paced,0.937493551349065,64.000440230932,0.0225007837040783,90451.8540899926,90451.8540899926
1056513,1056513,NaN,11,1.36441799288639,173.696291559584,1056885,-0.430751814009829,1058522,4.01800000000003,173.229458470146,-116.158178561054,1057347,429,paced,NA,NA,NaN,14.9328023892483,0.0101414348367717,0.246309235811381,1,0,1056513,1057121,1057120,1057894,1056885,1057347,2.10074619517094,-1.68555605720553,0.744,0.452,1319.71238094316,1441.64677278069,1.214,1.546,NaN,1057895,NaN,1.254,93313.238962137,97955.6047142037,-0.0430256517016068,-0.0580798190776451,-0.00398848247365454,5.54713670099359e-05,5.48197060665751e-05,2.28473728604349e-05,-0.00991918806185813,0.01050947991427,1,0.954000000000178,0.926437768240265,0.0275622317599129,2113.026,27.5622317599129,1,0,1,0,paced,0.94350974058169,63.5923482496418,0.0292124506768953,93313.238962137,93313.238962137
1058522,1058522,NaN,11,-0.430751814009829,108.924899025801,1058864,3.2674769246141,1060533,4.02199999999993,107.506536470498,-120.335937159712,1059334,430,paced,NA,NA,NaN,14.9179512680261,0.00863652530620208,0.144428882602582,1,0,1058522,1059136,1059135,1059828,1058864,1059334,1.87756146771475,-1.815875133092,0.684,0.396,1346.50088526671,1412.68974995108,1.226,1.384,NaN,1059829,NaN,1.408,87052.402158358,90963.1250941004,-0.0411836001877156,-0.0565010386743264,-0.0060486795748538,4.81494227833292e-05,5.90071510339211e-05,3.14899706726924e-05,-0.00956643148601896,0.00844021434900077,1,1.00516317991662,0.923999999999978,0.0811631799166377,2117.044,81.1631799166377,1,0,1,0,paced,0.946694387855932,63.3784257830953,0.0857332429111105,87052.402158358,87052.402158358
1060533,1060533,NaN,11,3.2674769246141,155.898798377292,1060875,1.60995701986292,1062497,3.92800000000034,153.460081405054,-113.227612660119,1061285,431,paced,NA,NA,NaN,15.2749490835017,0.00835074640661944,0.14969681820531,1,0,1060533,1061099,1061098,1061857,1060875,1061285,2.41180013501566,-1.74211678799895,0.684,0.372,1505.67787928472,1473.62788238249,1.13,1.516,NaN,1061858,NaN,1.278,96780.4022747627,92091.7739603767,-0.0533561278379548,-0.0726421098971224,-0.00552125510631042,6.20374198660512e-05,7.79011220857594e-05,2.94401333473303e-05,-0.0124945195942072,0.0108174631962374,1,1.01449599999966,0.992000000000189,0.0224959999994674,2121.066,22.4959999994674,1,0,1,0,paced,1.0024870593421,59.8511466465969,0.0224401899154994,96780.4022747627,96780.4022747627
1062497,1062497,NaN,11,1.60995701986292,132.468377080975,1062828,1.49891666029524,1064501,4.00799999999981,130.913940240896,-94.8047648977466,1063254,432,paced,NA,NA,NaN,14.9700598802402,0.0137138963875079,0.15105730232978,1,0,1062497,1063067,1063066,1063749,1062828,1063254,1.90161238384997,-1.48425493486839,0.662,0.374,1206.45053790947,1159.27579319204,1.138,1.364,NaN,1063750,NaN,1.502,77109.4004159827,75932.336415224,-0.0437020725133369,-0.056861083409446,-0.00605596966670595,5.26913598724233e-05,6.45739378592682e-05,2.72919602860235e-05,-0.00979631004651832,0.00894522133029052,1,1.01599999999962,0.957086419752803,0.0589135802468189,2124.994,58.9135802468189,1,0,1,0,paced,0.989178942189284,60.6563660435451,0.0595580614731136,77109.4004159827,77109.4004159827
1064501,1064501,NaN,11,1.49891666029524,160.40145313087,1064849,5.25995738968411,1066505,4.00800000000027,157.022016105881,-95.5962823881298,1065397,433,paced,NA,NA,NaN,14.9700598802385,0.0138126699155211,0.137820383327214,1,0,1064501,1065148,1065147,1066054,1064849,1065397,2.27956933556322,-1.59337015456687,0.696,0.498,1601.03596430655,1687.12142459635,1.292,1.812,NaN,1066055,NaN,0.9,96819.9117741452,104097.006076273,-0.0497733773240963,-0.0494499166107162,-0.00360914627099468,6.11842418669325e-05,4.17536546116342e-05,1.75160146203385e-05,-0.00860514507967144,0.0108986325982896,1,0.957086419752803,0.904731277533256,0.0523551422195472,2129.002,52.3551422195472,1,0,1,0,paced,0.926376457000327,64.7684853674761,0.0565160543793145,96819.9117741452,96819.9117741452
1066505,1066505,NaN,11,5.25995738968411,136.828405296451,1066866,2.4423417726968,1068490,3.9699999999998,132.97725571526,-106.271527063628,1067340,434,paced,NA,NA,NaN,15.1133501259453,0.0180746131184583,0.0816427641035029,1,0,1066505,1067143,1067142,1067737,1066866,1067340,2.00889916387607,-1.67068103798057,0.722,0.394,1444.90227187753,1234.31960455583,1.274,1.188,NaN,1067738,NaN,1.504,89018.3541660044,78396.0076761024,-0.042917134708487,-0.0553835860615425,-0.00885947372608682,4.80559372971611e-05,5.52195989809472e-05,3.3608826637523e-05,-0.00942685707125293,0.00890808414079558,1,0.905999999999949,0.893999999999778,0.012000000000171,2133.01,12.000000000171,1,0,1,0,paced,0.902612932461544,66.4736764145093,0.0132947352830913,89018.3541660044,89018.3541660044
1068490,1068490,NaN,11,2.4423417726968,156.186545353111,1068839,0.902745192117039,1070544,4.10800000000017,154.514001870704,-105.401753732673,1069312,435,paced,NA,NA,NaN,14.6056475170393,0.0434718091888798,0.0880068031566369,1,0,1068490,1069101,1069100,1069776,1068839,1069312,2.29904371716706,-1.623665815728,0.698,0.422,1491.69664593756,1352.92668689884,1.22,1.35,NaN,1069777,NaN,1.534,92683.3166800634,84434.1972267409,-0.0497304392557441,-0.0585920403232984,-0.00709182582438711,6.25552807458985e-05,5.26049607394367e-05,2.71864660765222e-05,-0.00992364747613554,0.0110610248794676,1,0.905999999999949,0.885999999999967,0.0199999999999818,2136.98,19.9999999999818,1,0,1,0,paced,0.897370797609848,66.8619930131562,0.0222873310043651,92683.3166800634,92683.3166800634
1070544,1070544,NaN,11,0.902745192117039,163.751789139739,1070878,1.82019759357265,1072538,3.98799999999983,162.390317746894,-98.3718325427477,1071333,436,paced,NA,NA,NaN,15.0451354062193,0.0641602135220913,0.0866041529705048,1,0,1070544,1071131,1071130,1071731,1070878,1071333,2.28318886744614,-1.52381923173621,0.668,0.404,1418.60945811148,1158.41513165867,1.172,1.2,NaN,1071732,NaN,1.612,88081.6626424095,74359.7745915678,-0.0519260373229708,-0.0592061744035346,-0.00809159876426321,6.58304734790847e-05,5.56784684254918e-05,3.06303455586128e-05,-0.0101653496406328,0.0112390681734986,1,0.907999999999902,0.887589164785577,0.0204108352143252,2141.088,20.4108352143252,1,0,1,0,paced,0.901694058877739,66.5414165805604,0.0226360981458931,88081.6626424095,88081.6626424095
1072538,1072538,NaN,11,1.82019759357265,148.305058619229,1072866,1.34420094734471,1074477,3.87800000000016,146.72285934877,-95.1103703976795,1073319,437,paced,NA,NA,NaN,15.4718927282098,0.0861061008870312,0.102822765215464,1,0,1072538,1073129,1073128,1073686,1072866,1073319,2.24713616985887,-1.47238232413007,0.656,0.38,1449.234631206,1101.47427483066,1.18,1.114,NaN,1073687,NaN,1.58,91275.574285856,71611.885041314,-0.0513304710015279,-0.057964995101798,-0.0104986248693264,6.37701653683975e-05,5.74010248935136e-05,3.25838637363676e-05,-0.00983397247509604,0.0106919889973836,1,0.923999999999978,0.902000000000044,0.0219999999999345,2145.076,21.9999999999345,1,0,1,0,paced,0.913254644613529,65.6990909971126,0.0240896666988696,91275.574285856,91275.574285856
1074477,1074477,NaN,11,1.34420094734471,139.706188159075,1074859,8.52598603202414,1076689,4.42399999999998,134.77109466939,-105.57778217804,1075459,438,paced,NA,NA,NaN,13.5623869801086,0.119522006712156,0.15438712438582,1,0,1074477,1075216,1075215,1076688,1074859,1075459,2.09781491971714,-1.65949175142213,0.764,0.486,1750.29130472106,2023.29901237108,1.476,2.944,NaN,NaN,NaN,NaN,108660.23406349,125593.363635285,-0.0414039646456556,-0.0437502626825597,-0.00334202188001528,4.67319337664548e-05,3.58404240991484e-05,1.62259523240445e-05,-0.00749604955631936,0.00918104706638201,1,0.916646153845929,0.876000000000204,0.0406461538457248,2148.954,40.6461538457248,1,0,1,0,paced,0.894482906747204,67.0778609042297,0.0454409508992575,108660.23406349,108660.23406349
1076689,1076689,NaN,11,8.52598603202414,136.732714149842,1076954,1.06150258607206,1078473,3.56799999999976,131.938969840794,-95.9066814365242,1077385,439,paced,NA,NA,NaN,16.816143497759,0.121662499136464,0.180543026428066,1,0,1076689,1077205,1077204,1077780,1076954,1077385,2.15045990210542,-1.48460496629995,0.53,0.36,1407.4052820346,1072.41434048258,1.03,1.15,NaN,1077781,NaN,1.384,88251.3165888797,69875.7459577392,-0.0629859561850407,-0.0601528006713192,-0.00855379580734279,5.18956704313994e-05,6.47189737938088e-05,3.33120902094125e-05,-0.0103106005243786,0.00929713890631878,1,0.950000000000273,0.912157782515956,0.0378422174843167,2153.378,37.8422174843167,1,0,1,0,paced,0.935989954203494,64.1032521028055,0.0404301534587725,88251.3165888797,88251.3165888797
1078473,1078473,NaN,11,1.06150258607206,163.00603265823,1078827,-14.549460009723,1080179,3.41200000000026,169.750011370056,-108.923540830861,1079306,440,paced,NA,NA,NaN,17.5849941383339,0.141675856144211,0.180113500766999,1,0,1078473,1079114,1079113,1079622,1078827,1079306,2.36155313190813,-1.65541652287267,0.708,0.384,1628.04903608947,1125.78845603324,1.28,1.016,NaN,1079623,NaN,1.112,101392.650503334,72892.9656984577,-0.0508675819874777,-0.059340179312916,-0.0128229446216262,6.55973554342719e-05,5.57155350150655e-05,4.02959003028854e-05,-0.00994592194265725,0.0117214779954458,1,0.912157782515956,0.885999999999967,0.0261577825159889,2156.946,26.1577825159889,1,0,1,0,paced,0.901195975652574,66.5781934462732,0.0290256317412508,101392.650503334,101392.650503334
1080179,1080179,NaN,11,-14.549460009723,196.999079319613,1080815,2.25966814447971,1082584,4.80999999999995,203.143975252234,-79.3093174602138,1081221,441,paced,NA,NA,NaN,12.4740124740126,0.176459144832426,0.190172126838492,1,0,1080179,1081052,1081051,1081667,1080815,1081221,2.7793842849731,-1.34315452459567,1.272,0.338,1778.33948765513,1166.36876811029,1.744,1.23,NaN,1081668,NaN,1.832,113374.938660748,75273.9651619386,-0.0359201931276212,-0.0713372612140176,-0.00939529351251224,4.3023806444072e-05,7.95310652864066e-05,2.82491989650244e-05,-0.0122619241725653,0.0136620607415383,1,0.925999999999931,0.903999999999996,0.0219999999999345,2160.358,21.9999999999345,1,0,1,0,paced,0.914368408396613,65.6190649731794,0.0240603238234275,113374.938660748,113374.938660748
1082584,1082584,NaN,11,2.25966814447971,124.463891105033,1082844,0.259692736723512,1084498,3.82799999999997,123.204210664431,-64.0680460297944,1083246,442,paced,NA,NA,NaN,15.6739811912227,0.186297808286734,0.185375598783063,1,0,1082584,1083075,1083074,1083602,1082844,1083246,1.78318989741833,-1.0825392736019,0.52,0.342,1076.87781729686,780.914849331352,0.98,1.054,NaN,1083603,NaN,1.79,68868.2814275821,50471.2265925733,-0.0519864845704426,-0.050822659244892,-0.0089109960549336,4.76415234158959e-05,5.83522508992263e-05,2.67528106435862e-05,-0.00874958625491384,0.0083356112580022,1,0.923999999999978,0.903999999999996,0.0199999999999818,2165.168,19.9999999999818,1,0,1,0,paced,0.912899047532836,65.7246824412333,0.0219082274803912,68868.2814275821,68868.2814275821
1084498,1084498,NaN,11,0.259692736723512,147.49170458481,1084885,-24.2700293286842,1086146,3.29599999999982,159.49687288079,-88.034469558788,1085292,443,paced,NA,NA,NaN,18.2038834951466,0.179915087856792,0.165550098870664,1,0,1084498,1085126,1085125,1085506,1084885,1085292,2.39406280388216,-1.48889331384276,0.774,0.332,1693.00381896437,830.081724646096,1.254,0.76,NaN,1085507,NaN,1.278,105344.547678185,55425.0396406465,-0.0468369495127431,-0.0681527140257412,-0.0207560941913265,5.41207868803691e-05,7.63638148221157e-05,5.35463331290739e-05,-0.011738465132302,0.0106504004937209,1,0.94800000000032,0.903999999999996,0.0440000000003238,2168.996,44.0000000003238,1,0,1,0,paced,0.92564852937216,64.8194191381649,0.0475342407016707,105344.547678185,105344.547678185
1086146,1086146,NaN,11,-24.2700293286842,179.358614267837,1086848,8.89414743863699,1088698,5.10400000000027,187.046555212861,-72.1961293692901,1087495,444,paced,NA,NA,NaN,11.7554858934163,0.178380809292165,0.218732427084495,1,0,1086146,1087210,1087209,1088697,1086848,1087495,2.4991806816345,-1.20013811176575,1.404,0.57,1733.99389026896,1871.64996451478,2.126,2.974,NaN,NaN,NaN,NaN,103485.793574923,112028.848757507,-0.030496607491519,-0.0398937102080148,-0.00201448954868385,3.47791909837666e-05,4.43012436732582e-05,1.13857815008287e-05,-0.00606578029465448,0.0119597422085111,1,0.947381974249233,0.900000000000091,0.0473819742491425,2172.292,47.3819742491425,1,0,1,0,paced,0.928284397740762,64.6353640608704,0.0510425192586019,103485.793574923,103485.793574923
1088698,1088698,NaN,11,8.89414743863699,145.500572704965,1089038,2.18971886577907,1090418,3.4399999999996,139.958639552757,-77.2773155499772,1089347,445,paced,NA,NA,NaN,17.4418604651183,0.15832884106839,0.214773557591822,1,0,1088698,1089217,1089216,1089629,1089038,1089347,2.33502899474972,-1.21562750468505,0.68,0.26,1232.31323918367,656.854286522941,1.036,0.824,NaN,1089630,NaN,1.576,79177.116425607,46135.0603556661,-0.0536167545187444,-0.0828075175557436,-0.0134486872315526,5.68888600613498e-05,0.00010560196624507,5.26520504248624e-05,-0.0135920570798856,0.00968502081693257,1,0.949999999999818,0.938808510638381,0.0111914893614373,2177.396,11.1914893614373,1,0,1,0,paced,0.945517457635828,63.4573159019443,0.011836364597033,79177.116425607,79177.116425607
1090418,1090418,NaN,11,2.18971886577907,167.748381874086,1090747,-21.2015411371296,1092371,3.9060000000004,177.254293009761,-84.2724110601583,1091227,446,paced,NA,NA,NaN,15.360983102917,0.188287802795747,0.17005935625899,1,0,1090418,1091038,1091037,1091550,1090747,1091227,2.34298643381546,-1.28384217153996,0.658,0.378,1535.40412171984,898.469026749837,1.238,1.024,NaN,1091551,NaN,1.64,100096.529298626,61150.9520706198,-0.0541818232202684,-0.0527033205334156,-0.0105501603320051,7.02295603842027e-05,4.64745836011164e-05,3.1156340699252e-05,-0.00882354461005402,0.0116599403499589,1,0.938808510638381,0.905482608695699,0.0333259019426819,2180.836,33.3259019426819,1,0,1,0,paced,0.924124567533409,64.9263120015808,0.0360621317877442,100096.529298626,100096.529298626
1092371,1092371,NaN,11,-21.2015411371296,203.945551575684,1092892,-42.7771108956304,1094097,3.45199999999977,235.934877592064,-79.9067981607316,1093365,447,paced,NA,NA,NaN,17.3812282734658,0.169856191887526,0.156675502153086,1,0,1092371,1093163,1093162,1093785,1092892,1093365,2.65766500518297,-1.19128643008233,1.042,0.404,1747.60063686162,1093.07140603016,1.582,1.244,NaN,1093786,NaN,0.622,116666.72968366,75820.892918992,-0.0426432626648721,-0.0566501857857172,-0.00955515375504221,4.72316521454674e-05,5.53628811218516e-05,2.28670427686632e-05,-0.00986076704964598,0.0125251064589758,1,0.905999999999949,0.893999999999778,0.012000000000171,2184.742,12.000000000171,1,0,1,0,paced,0.901576005902641,66.5501295588819,0.013310025911966,116666.72968366,116666.72968366
1094097,1094097,NaN,11,-42.7771108956304,152.516965321927,1094960,-40.0572647966855,1095999,3.80400000000009,193.934153168085,-55.4928409530816,1095443,448,paced,NA,NA,NaN,15.7728706624602,0.138611639438891,0.164613329553089,1,0,1094097,1095235,1095234,1095998,1094960,1095443,1.91324325881641,-0.803942542606406,1.726,0.416,1493.29614140309,1032.82906241438,2.274,1.526,NaN,NaN,NaN,NaN,103920.535825103,72849.5680851029,-0.0213517244765866,-0.0388843736751125,-0.00639793607455382,2.21721680683648e-05,3.79654373757677e-05,1.41569750376108e-05,-0.00669776797512022,0.00843908777676039,1,0.902734513274362,0.884000000000015,0.0187345132743477,2188.194,18.7345132743477,1,0,1,0,paced,0.895143775858282,67.0283384839165,0.0209290549514068,103920.535825103,103920.535825103
1095999,1095999,NaN,11,-40.0572647966855,193.588941575509,1096878,7.95824292119663,1098507,5.01600000000008,209.638452513253,-117.554424834688,1097587,449,paced,NA,NA,NaN,11.9617224880381,0.125496377728116,0.122621939142892,1,0,1095999,1097133,1097132,1097911,1096878,1097587,2.44086142409671,-1.57188389870541,1.758,0.908,1947.32623804766,1604.17748530659,2.266,1.556,NaN,1097912,NaN,1.19,143041.208178075,121722.879728024,-0.0251273173497914,-0.040751729264858,-0.0057304109804615,2.65979170088948e-05,5.13587658570788e-05,4.537758055231e-05,-0.00623806729172881,0.0107322027729642,1,0.898239999999733,0.85799999999972,0.0402400000000129,2191.998,40.2400000000129,1,0,1,0,paced,0.879633502824057,68.2102259718058,0.0457463248851058,143041.208178075,143041.208178075
1098507,1098507,NaN,11,7.95824292119663,187.746523539715,1098830,6.46836834605441,1100435,3.85599999999977,180.533217906089,-96.9081552248853,1099505,450,paced,NA,NA,NaN,15.5601659751047,0.125496377728123,0.122117897311255,1,0,1098507,1099101,1099100,1099903,1098830,1099505,2.33125002503978,-1.32533946035983,0.646,0.808,1536.52424036925,1465.36746170194,1.186,1.604,NaN,1099904,NaN,1.062,116869.270545206,112899.672133294,-0.0552191992802617,-0.0384779214469195,-0.00438520952395462,6.53079295612787e-05,4.02271792956328e-05,2.86751699876263e-05,-0.00635199407581835,0.0106956204400297,1,0.896000000000186,0.871999999999844,0.024000000000342,2197.014,24.000000000342,1,0,1,0,paced,0.881551813238302,68.0617963674708,0.0272247185473763,116869.270545206,116869.270545206
1100435,1100435,NaN,11,6.46836834605441,175.950988495469,1100830,8.9515671565058,1102601,4.33200000000033,168.241020744189,-152.080022815118,1101759,451,paced,NA,NA,NaN,13.8504155124643,0.105921245683905,0.102352875400208,1,0,1100435,1101152,1101151,1102098,1100830,1101759,2.39862575214151,-1.54831019850369,0.79,1.214,1672.40121301235,1808.45945500205,1.432,1.892,NaN,1102099,NaN,1.004,121927.830610483,131516.858735925,-0.0455664249010492,-0.0298267672405535,-0.00433729400846754,5.64770246877864e-05,2.97736080145851e-05,2.92738177642416e-05,-0.00423143530769734,0.0112495538589301,1,0.887768707482921,0.828000000000429,0.0597687074824917,2200.87,59.7687074824917,1,0,1,0,paced,0.865054119070207,69.3598223247469,0.0690924488594233,121927.830610483,121927.830610483
1102601,1102601,NaN,11,8.9515671565058,186.194307844401,1102920,5.49528520273637,1104517,3.83199999999988,178.97088166478,-112.710883541284,1103502,452,paced,NA,NA,NaN,15.6576200417541,0.103825917406415,0.142068532178811,1,0,1102601,1103191,1103190,1103902,1102920,1103502,2.31577352534276,-1.5701743055414,0.638,0.622,1537.25625659824,1441.3033898138,1.178,1.422,NaN,1103903,NaN,1.228,118426.281429855,113106.647056373,-0.0557325560014094,-0.0468980834634408,-0.00427242297576928,6.5330632426155e-05,4.42803193675822e-05,3.20139005520973e-05,-0.0083116237466763,0.0106152003977528,1,0.91399999999976,0.85633874709985,0.0576612528999095,2205.202,57.6612528999095,1,0,1,0,paced,0.883732822373581,67.8938232019589,0.0652473818331649,118426.281429855,118426.281429855
1104517,1104517,NaN,11,5.49528520273637,221.3596891936,1104829,3.54785915170887,1106470,3.90599999999995,216.838117016377,-153.667182458989,1105273,453,paced,NA,NA,NaN,15.3609831029188,0.0545031672831404,0.132953546878623,1,0,1104517,1105041,1105040,1105604,1104829,1105273,2.43158478419782,-2.10007748238225,0.624,0.464,1388.27725122779,1406.89645406654,1.046,1.126,NaN,1105605,NaN,1.73,105588.556367038,105891.567248795,-0.0601571099512182,-0.0718180134348367,-0.00770684359138868,7.57540708191067e-05,7.30358678589063e-05,5.43602741222709e-05,-0.0122715373724985,0.0121086835560191,1,0.893999999999778,0.842000000000098,0.0519999999996799,2209.034,51.9999999996799,1,0,1,0,paced,0.873726324418655,68.6713886524155,0.0595152034983937,105588.556367038,105588.556367038
1106470,1106470,NaN,11,3.54785915170887,172.955653036476,1106826,4.45600925107547,1108572,4.20399999999972,168.953718835084,-104.374348282852,1107282,454,paced,NA,NA,NaN,14.2721217887735,0.0558059934300504,0.140863844676667,1,0,1106470,1107083,1107082,1107825,1106826,1107282,2.05119637240099,-1.40847737036647,0.712,0.398,1353.41188212607,1263.67353476606,1.224,1.484,NaN,1107826,NaN,1.492,100434.843666297,93289.7040668305,-0.0443522522659618,-0.0540604722881096,-0.00567575140049602,5.1623943294441e-05,5.30264441270939e-05,2.26997359798375e-05,-0.00936526981728856,0.00934380312439376,1,0.930000000000291,0.868163636363647,0.0618363636366437,2212.94,61.8363636366437,1,0,1,0,paced,0.902299082168759,66.4967982188173,0.0685320032555217,100434.843666297,100434.843666297
1108572,1108572,NaN,11,4.45600925107547,148.384497478299,1108909,8.75790491663292,1110507,3.87000000000035,141.777540394444,-98.1817792115593,1109725,455,paced,NA,NA,NaN,15.5038759689909,0.0483034190502095,0.141822840612366,1,0,1108572,1109242,1109241,1110141,1108909,1109725,1.94098460271779,-1.40261694763035,0.674,0.966,1328.08328761082,1635.11089372502,1.338,1.798,NaN,1110142,NaN,0.73,90707.7100341674,110955.663786267,-0.0438214928724025,-0.028170679264668,-0.00236981740903508,5.34522439578586e-05,2.15330116100079e-05,1.71451898648368e-05,-0.00468835795207989,0.00919016937607886,1,0.894666666666843,0.83600000000024,0.058666666666603,2217.144,58.666666666603,1,0,1,0,paced,0.865776127439782,69.3019801521072,0.0677619361486535,90707.7100341674,90707.7100341674
1110507,1110507,NaN,11,8.75790491663292,164.301462337793,1110883,0.00105095784017173,1112382,3.75,159.921984400556,-105.424366869031,1111247,456,paced,NA,NA,NaN,16,0.0833100363727986,0.163142939966101,1,0,1110507,1111072,1111071,1111620,1110883,1111247,2.30653960415905,-1.54263878788812,0.752,0.35,1375.53747401892,1046.47546173378,1.128,1.096,NaN,1111621,NaN,1.522,94612.4765204268,72211.9190978742,-0.04788472149617,-0.0757012587671172,-0.00914254324546328,5.99017410575815e-05,8.53367067757692e-05,4.00552921584558e-05,-0.0126922470403633,0.0114328071340795,1,0.916000000000167,0.868027586207178,0.047972413792989,2221.014,47.972413792989,1,0,1,0,paced,0.89638714916901,66.9353638722093,0.0535175162176985,94612.4765204268,94612.4765204268
1112382,1112382,NaN,11,0.00105095784017173,155.316630657196,1112755,2.68074133053085,1114473,4.18199999999979,153.975734513011,-102.664145841987,1113217,457,paced,NA,NA,NaN,14.3472022955531,0.105962063430691,0.0957311479714668,1,0,1112382,1113028,1113027,1113543,1112755,1113217,2.28275074607583,-1.66304442481544,0.746,0.378,1586.75349474723,1167.08732144795,1.29,1.03,NaN,1113544,NaN,1.858,101334.218746583,75757.2108736621,-0.0466621888441801,-0.0608577442989477,-0.0131909200678351,5.22272904486748e-05,6.04971528106594e-05,3.95663414280386e-05,-0.0104973680508798,0.0100119772521063,1,0.89200000000028,0.843999999999596,0.0480000000006839,2224.764,48.0000000006839,1,0,1,0,paced,0.875880511669827,68.5024945761296,0.0548019956616846,101334.218746583,101334.218746583
1114473,1114473,NaN,11,2.68074133053085,167.104654134175,1114795,2.6952952849022,1116563,4.18000000000029,164.416635826459,-81.1556989034128,1115280,458,paced,NA,NA,NaN,14.3540669856449,0.105704819520442,0.0853584016760688,1,0,1114473,1115074,1115073,1115868,1114795,1115280,2.29423228653128,-1.34373488071784,0.644,0.412,1487.50877935529,1377.35089114378,1.2,1.588,NaN,1115869,NaN,1.388,90830.6747841193,84567.0853812009,-0.0542721969591059,-0.0525425568175642,-0.00530349922602193,6.88685636697227e-05,4.5607158853611e-05,1.99314080085419e-05,-0.00902617718669231,0.0113058885115764,1,0.932000000000244,0.877999999999702,0.0540000000005421,2228.946,54.0000000005421,1,0,1,0,paced,0.908222056743123,66.0631390247882,0.0594568251229062,90830.6747841193,90830.6747841193
1116563,1116563,NaN,11,2.6952952849022,131.074195579178,1116901,-11.1569912804235,1118211,3.29599999999982,135.305043576939,-83.0310014313425,1117362,459,paced,NA,NA,NaN,18.2038834951466,0.104634208412193,0.0987673549606207,1,0,1116563,1117172,1117171,1117705,1116901,1117362,2.08781591594915,-1.34354374700115,0.676,0.38,1385.91187965591,977.090738122623,1.216,1.066,NaN,1117706,NaN,1.01,85180.6089079817,61121.8536656952,-0.0471432150086127,-0.0528551414934274,-0.0101624481340897,5.39471061999256e-05,5.16293106137723e-05,3.07597642248357e-05,-0.00911821324022393,0.00932583712628299,1,0.902732026143837,0.867617511520684,0.0351145146231524,2233.126,35.1145146231524,1,0,1,0,paced,0.882013874534055,68.0261407811713,0.0398117485869511,85180.6089079817,85180.6089079817
1118211,1118211,NaN,11,-11.1569912804235,133.31641900134,1118866,12.2252871130162,1120530,4.63799999999992,132.782271085043,-72.6641522645551,1119800,460,paced,NA,NA,NaN,12.9366106080209,0.105410741855471,0.0902192409057678,1,0,1118211,1119201,1119200,1120187,1118866,1119800,2.16158721252686,-1.18526042965514,1.31,1.198,1632.97939399986,1749.32716112688,1.978,1.972,NaN,1120188,NaN,0.684,92424.6492586668,102595.030047889,-0.0269932237404341,-0.025059481245686,-0.00325484869771136,2.97383445692932e-05,2.24809560704942e-05,1.69477610716046e-05,-0.003934590640164,0.00958553181940669,1,0.895597285067851,0.856000000000222,0.0395972850676286,2236.422,39.5972850676286,1,0,1,0,paced,0.871363192910957,68.8576250272385,0.0454429167880574,92424.6492586668,92424.6492586668
1120530,1120530,NaN,11,12.2252871130162,145.202187801451,1120807,-0.690773763478552,1122468,3.8760000000002,139.434931126683,-80.2379599047217,1121240,461,paced,NA,NA,NaN,15.4798761609899,0.107397572272612,0.0997032250414345,1,0,1120530,1121048,1121047,1121798,1120807,1121240,2.40943244775738,-1.42023161610815,0.554,0.384,1567.36913231715,1300.11831896204,1.034,1.5,NaN,1121799,NaN,1.338,92904.1331723662,77633.7903926249,-0.068154107729796,-0.0626289884307598,-0.00529706425905534,5.51179509050275e-05,6.76927499389653e-05,2.44559264294371e-05,-0.010932558231732,0.0102535592268862,1,0.958000000000084,0.895597285067851,0.0624027149322331,2241.06,62.4027149322332,1,0,1,0,paced,0.936335460094685,64.0795981324179,0.0666456815871555,92904.1331723662,92904.1331723662
1122468,1122468,NaN,11,-0.690773763478552,127.61679899486,1122819,-0.943774269933559,1124468,4,128.434073011566,-87.5895952613703,1123262,462,paced,NA,NA,NaN,15,0.203033153878999,0.149535033606988,1,0,1122468,1123063,1123062,1123615,1122819,1123262,2.1220265380241,-1.43074224067232,0.702,0.398,1333.67150601514,1035.98435479383,1.188,1.104,NaN,1123616,NaN,1.704,77575.9996733639,61853.3478810455,-0.0456917463835064,-0.0565367630899927,-0.00927177906126203,5.96968069837361e-05,5.38063992598064e-05,3.31111677723266e-05,-0.0095465799277131,0.0106001517985462,1,0.947999999999865,0.909034482758517,0.0389655172413486,2244.936,38.9655172413486,1,0,0,0,paced,0.936860431041687,64.0436910472209,0.0415915924616681,77575.9996733639,77575.9996733639
1124468,1124468,NaN,11,-0.943774269933559,142.981167571471,1124784,10.8098238817783,1126680,4.42399999999998,138.048142765548,-74.8959912493711,1125799,463,paced,NA,NA,NaN,13.5623869801086,0.209197364410209,0.157577150332726,1,0,1124468,1125129,1125128,1126679,1124784,1125799,2.19362429767669,-1.11296543674813,0.632,1.34,1497.46684220839,1755.8774994137,1.32,3.1,NaN,NaN,NaN,NaN,89647.0384136951,108704.212490393,-0.0522913349207675,-0.0222632822377969,-0.00290622770046222,6.2100318675607e-05,1.86976991089433e-05,1.20270379420177e-05,-0.00327298103971505,0.0100268559824657,1,0.928934210526176,0.843999999999596,0.0849342105265797,2248.936,84.9342105265797,1,0,0,0,paced,0.888488046239879,67.5304527212523,0.095594094806368,89647.0384136951,89647.0384136951
1126680,1126680,NaN,11,10.8098238817783,168.105331686249,1126950,2.21354432671085,1128622,3.88400000000001,161.593647582005,-67.0804820721107,1127304,464,paced,NA,NA,NaN,15.447991761071,0.214858032742745,0.16307472262022,1,0,1126680,1127163,1127162,1128283,1126950,1127304,2.374515351419,-1.04054798170557,0.54,0.282,1419.42668202225,1214.62717920755,0.964,2.24,NaN,1128284,NaN,0.676,92470.2282668544,78090.440670675,-0.0696170925399022,-0.0685397663408014,-0.00236796542203579,5.56513076283784e-05,8.8682379803281e-05,1.86774386875684e-05,-0.0117715162964371,0.0100624155461178,1,0.947999999999865,0.90942105263181,0.0385789473680553,2253.36,38.5789473680553,1,0,0,0,paced,0.933764458123687,64.2560331762514,0.0413155020331103,92470.2282668544,92470.2282668544
1128622,1128622,NaN,11,2.21354432671085,159.169917220029,1128892,-63.8423166583343,1129791,2.33799999999974,189.984303385841,-63.8461759316032,1129325,465,paced,NA,NA,NaN,25.6629597946992,0.249173807546121,0.177615012700986,1,0,1128622,1129148,1129147,1129531,1128892,1129325,2.50676998935419,-1.04378101920052,0.54,0.354,1584.48259390457,626.476614050982,1.05,0.766,NaN,1129532,NaN,0.518,97716.7309245372,42769.4922598337,-0.0691208773808372,-0.0578106391490586,-0.017337177381728,6.0294018754875e-05,6.23243691215043e-05,4.15943023038115e-05,-0.0100993287034555,0.0111117139480585,1,0.90942105263181,0.855999999999767,0.0534210526320429,2257.244,53.4210526320429,1,0,0,0,paced,0.87682163917895,68.4289681264979,0.0609257917973672,97716.7309245372,97716.7309245372
1129791,1129791,NaN,12,-63.8423166583343,116.81665356802,1130824,25.6437560938871,1132581,5.57999999999993,135.915933850243,-178.622279471254,1131825,466,paced,NA,NA,NaN,10.7526881720432,0.174434451791438,0.526210966854749,1,0,1129791,1131375,1131374,1132109,1130824,1131825,1.53845166629286,-1.95767592712801,2.066,0.9,2215.40108830176,1841.74599010308,3.166,1.468,NaN,1132110,NaN,0.942,153074.164681894,133875.058677214,-0.0171257945091734,-0.0247806666252836,-0.00790396473952879,1.48712021074122e-05,2.56245589180655e-05,3.48401038113297e-05,-0.00403405431937857,0.00775865939989462,1,0.890172335600993,0.829999999999927,0.0601723356010659,2259.582,60.1723356010659,1,0,1,0,paced,0.859318824230849,69.8227460031546,0.0700232950848301,153074.164681894,153074.164681894
1132581,1132581,NaN,12,25.6437560938871,208.93277311957,1132829,2.11476057043731,1134486,3.8100000000004,195.053514787407,-76.3079929923574,1133228,467,paced,NA,NA,NaN,15.7480314960613,0.150737452533111,0.478035874408605,1,0,1132581,1133051,1133050,1133613,1132829,1133228,2.49682392011735,-1.09026672850913,0.496,0.354,1457.64552294368,842.701641076163,0.938,1.124,NaN,1133614,NaN,1.744,110617.249055824,65007.3926725932,-0.0806607505799954,-0.0631531966811835,-0.00755485162681243,6.53059449631925e-05,7.55691618693843e-05,2.93047181295841e-05,-0.0109093941688631,0.0109680362838169,1,0.949999999999818,0.890172335600993,0.0598276643988249,2265.162,59.8276643988249,1,0,1,0,paced,0.927437021256515,64.6944198094557,0.0645086006139467,110617.249055824,110617.249055824
1134486,1134486,NaN,12,2.11476057043731,106.175010533052,1134841,7.65772855076118,1136798,4.6239999999998,101.288765972453,-79.5907999838495,1135399,468,paced,NA,NA,NaN,12.9757785467134,0.137540281061182,0.482339876528439,1,0,1134486,1135175,1135174,1136135,1134841,1135399,1.29445505806655,-1.09647023740621,0.71,0.448,980.472215847424,1128.70154748361,1.376,1.92,NaN,1136136,NaN,1.324,71372.8197734324,83988.4811502933,-0.0277829341765658,-0.0303459603892363,-0.00198221054664598,3.35568398682989e-05,2.76074945741969e-05,1.19991626223425e-05,-0.00493388799269644,0.00611519377271574,1,0.91360784313731,0.772278481012752,0.141329362124557,2268.972,141.329362124557,1,0,1,0,paced,0.866892972834496,69.2126962384029,0.163029770171571,71372.8197734324,71372.8197734324
1136798,1136798,NaN,12,7.65772855076118,339.564853583257,1137037,14.0118577815299,1138822,4.04799999999977,328.730060417111,-115.329411992781,1137618,469,paced,NA,NA,NaN,14.8221343873526,0.125427363323749,0.457675715462391,1,0,1136798,1137325,1137324,1138558,1137037,1137618,3.7874999690478,-1.68520587104081,0.478,0.586,2198.22426647393,2464.68506133796,1.052,2.466,NaN,1138559,NaN,0.526,157454.471681439,180344.402526765,-0.115214512744206,-0.0641051441700307,-0.00315806351882116,0.000125282042589254,6.2355709092431e-05,1.83896976254046e-05,-0.010292083686303,0.0202922509689869,1,0.906674157303385,0.762000000000171,0.144674157303214,2273.596,144.674157303214,1,0,1,0,paced,0.83008173080906,72.2820389523806,0.174289051226563,157454.471681439,157454.471681439
1138822,1138822,NaN,12,14.0118577815299,166.045838065852,1139150,1.75697059947792,1141120,4.596,158.161423875348,-105.444704511229,1139654,470,paced,NA,NA,NaN,13.0548302872063,0.0898497358923398,0.458825762695217,1,0,1138822,1139455,1139454,1140168,1139150,1139654,2.07420852473622,-1.38841325751025,0.656,0.398,1560.73056822576,1243.77399213716,1.264,1.426,NaN,1140169,NaN,1.902,118355.714625024,94516.6736749203,-0.0504168320653022,-0.0485207158617678,-0.00664379112862225,5.13458773985134e-05,4.8315025800304e-05,2.41100056477938e-05,-0.00831399957260339,0.0084779106417322,1,0.91800000000012,0.897999999999683,0.0200000000004366,2277.644,20.0000000004366,1,0,1,0,paced,0.908432442081217,66.0478393556048,0.0220159464523488,118355.714625024,118355.714625024
1141120,1141120,NaN,12,1.75697059947792,118.527656302101,1141528,2.18933694926316,1143586,4.93200000000024,116.55450252773,-84.454489670093,1141994,471,paced,NA,NA,NaN,12.1654501216539,0.0616161569961972,0.467873819421408,1,0,1141120,1141808,1141807,1142368,1141528,1141994,1.62847631315736,-1.14899560946012,0.816,0.372,1311.96680182047,916.033967789341,1.374,1.12,NaN,1142369,NaN,2.434,100035.274839511,72646.103927527,-0.0297300835006064,-0.0426081047775559,-0.00933869791578091,3.11708448857763e-05,4.50606207034803e-05,2.4213962889714e-05,-0.00745802002283389,0.00645260724998475,1,0.912000000000262,0.885999999999967,0.0260000000002947,2282.24,26.0000000002947,1,0,1,0,paced,0.89823683940139,66.7975275206767,0.028945595259288,100035.274839511,100035.274839511
1143586,1143586,NaN,12,2.18933694926316,154.918994593973,1143949,25.5840033434398,1145932,4.69200000000001,141.032324447622,-110.589926624721,1145041,472,paced,NA,NA,NaN,12.7877237851662,0.0673002784849773,0.406934187161601,1,0,1143586,1144482,1144481,1145931,1143949,1145041,1.90968428796478,-1.52726911918831,0.726,1.118,1782.63191502541,2555.21463693999,1.79,2.898,NaN,NaN,NaN,NaN,135881.542811076,177178.7532636,-0.0400175975023124,-0.0221155306454522,-0.00398143187235758,4.27480557816684e-05,1.9938542607429e-05,1.46018191622457e-05,-0.00370933063080195,0.00794836302586144,1,0.90654101995585,0.824000000000069,0.0825410199557807,2287.172,82.5410199557807,1,0,1,0,paced,0.86664886240778,69.2321914936854,0.0952415949943786,135881.542811076,135881.542811076
1145932,1145932,NaN,12,25.5840033434398,157.443127165952,1146196,20.3021112924999,1148292,4.7199999999998,134.500069847982,-85.2476525065196,1147388,473,paced,NA,NA,NaN,12.7118644067802,0.0419243568569131,0.231824090797187,1,0,1145932,1146666,1146665,1147978,1146196,1147388,2.2461784406147,-1.27467629765464,0.528,1.444,1893.83956055097,1963.35384896191,1.466,2.624,NaN,1147979,NaN,0.626,131278.261628401,131286.474185945,-0.0682226020470402,-0.0202792255716217,-0.00152610161689018,4.96708372275071e-05,1.4763871535448e-05,1.13357678715125e-05,-0.00301105120039302,0.00898786612195712,1,0.923999999999978,0.861999999999625,0.0620000000003529,2291.864,62.0000000003529,1,0,1,0,paced,0.90046513562307,66.6322299735497,0.0688533043063933,131278.261628401,131278.261628401
1148292,1148292,NaN,12,20.3021112924999,169.899191456106,1148575,2.22301971043942,1150488,4.39200000000028,158.636625954636,-104.34453660975,1149016,474,paced,NA,NA,NaN,13.6612021857915,0.0531424926358576,0.259077769103666,1,0,1148292,1148837,1148836,1149388,1148575,1149016,2.40917698148386,-1.53337122273087,0.566,0.358,1697.62528953999,1086.47715684324,1.088,1.102,NaN,1149389,NaN,2.198,121512.796187634,79763.2750039099,-0.0680681856018745,-0.0632883771638058,-0.00980065895579838,4.79493526446831e-05,7.09656006502288e-05,3.84673144466358e-05,-0.0110121253166669,0.00923659290532686,1,0.929999999999836,0.86238620689662,0.0676137931032165,2296.584,67.6137931032165,1,0,1,0,paced,0.906946674607077,66.1560394672534,0.0745510127511182,121512.796187634,121512.796187634
1150488,1150488,NaN,12,2.22301971043942,212.761112660696,1150800,1.00824977057311,1152945,4.91399999999976,211.14547792019,-89.3083315875599,1151176,475,paced,NA,NA,NaN,12.2100122100128,0.0468960032256115,0.24150622930576,1,0,1150488,1151015,1151014,1152335,1150800,1151176,2.58971713143893,-1.13283587459368,0.624,0.322,1445.04575789027,1478.56932027875,1.052,2.64,NaN,1152336,NaN,1.218,103127.325710192,105388.023497951,-0.0628263776580865,-0.0703363909991,-0.00230789912367785,7.84826791220386e-05,8.64478307344399e-05,1.87841467507904e-05,-0.0120740599932462,0.0125407239133273,1,0.896000000000186,0.858000000000175,0.0380000000000109,2300.976,38.0000000000109,1,0,1,0,paced,0.875707947850572,68.5159934282544,0.0433934625045736,103127.325710192,103127.325710192
1152945,1152945,NaN,12,1.00824977057311,226.119934727281,1153198,21.971795582899,1155212,4.53400000000011,214.629912050544,-71.4719411435464,1154578,476,paced,NA,NA,NaN,13.2333480370531,0.0608188637811335,0.240207738107319,1,0,1152945,1153506,1153505,1155211,1153198,1154578,2.96688095728847,-1.01331179711265,0.506,2.144,1845.60176134563,2291.17647780194,1.12,3.41,NaN,NaN,NaN,NaN,122186.179699729,154853.365863175,-0.0891928425198753,-0.0201206653133994,-0.00272399480146927,8.16120610358456e-05,2.31432697405933e-05,1.06803083588255e-05,-0.00204358754155287,0.0139412655355968,0,0.917785557986995,0.844000000000051,0.0737855579869444,2305.89,73.7855579869444,0,0,0,0,paced,0.888771522049388,67.5089137213218,0.0830197144670037,122186.179699729,122186.179699729
1155212,1155212,NaN,12,21.971795582899,135.724069320912,1155514,6.38578848517086,1157357,4.28999999999996,121.545277286877,-48.8004906531867,1155938,477,paced,NA,NA,NaN,13.9860139860141,0.0689093548998023,0.237471074856586,2,0,1155212,1155767,1155766,1157356,1155514,1155938,1.79630688643634,-0.699841072102942,0.604,0.342,1258.24426166494,1025.53648163953,1.108,3.178,NaN,NaN,NaN,NaN,88233.8604879732,70581.1973011301,-0.0482552854280748,-0.041903472708132,-0.00192831120285014,3.36315265538697e-05,4.64556854738848e-05,1.17275683467166e-05,-0.00728287640425609,0.00674463118714019,1,0.955999999999676,0.891946188340635,0.0640538116590411,2310.424,64.0538116590411,1,0,0,0,paced,0.925527525852728,64.827893632574,0.0692078948165541,88233.8604879732,88233.8604879732
1157357,1157357,NaN,12,6.38578848517086,220.1479995204,1157744,5.49902178692155,1159720,4.72600000000011,214.205594384353,-68.5618404868662,1158159,478,paced,NA,NA,NaN,12.695725772323,0.136994747213544,0.275463337255047,1,0,1157357,1157971,1157970,1159719,1157744,1158159,2.58123683808928,-0.919504824701959,0.774,0.376,1544.09109402836,1608.38298220767,1.226,3.496,NaN,NaN,NaN,NaN,104968.331687813,109878.982574883,-0.0527050724460182,-0.0596630019428286,-0.00177614277852615,6.35630807775932e-05,7.83076400594337e-05,1.27426073536639e-05,-0.0102856754057377,0.012567224994626,1,0.891946188340635,0.847999999999956,0.0439461883406788,2314.714,43.9461883406788,1,0,1,0,paced,0.861880195147938,69.6152439025487,0.0509887436653949,104968.331687813,104968.331687813
1159720,1159720,NaN,12,5.49902178692155,165.386871304828,1160119,40.2985782523615,1162266,5.0920000000001,142.488071285186,-162.540143551426,1161380,479,paced,NA,NA,NaN,11.7831893165748,0.168458343737693,0.274550090262386,1,0,1159720,1160579,1160578,1161849,1160119,1161380,2.23545819105371,-2.27688965796121,0.798,1.602,2108.08829424492,3058.63083122531,1.716,2.54,NaN,1161850,NaN,0.832,140307.086684189,194103.082103252,-0.0430032567628647,-0.0255872075922584,-0.004045098563581,4.59755615029386e-05,2.63074337719604e-05,2.52623483004093e-05,-0.00359228966504596,0.00931250464498445,1,0.936623655913875,0.788000000000011,0.148623655913865,2319.44,148.623655913864,1,0,1,0,paced,0.856035005748512,70.090591619599,0.173618666194508,140307.086684189,140307.086684189
1162266,1162266,NaN,12,40.2985782523615,160.667287985684,1162511,6.78279798329833,1164405,4.27799999999979,137.126599867854,-39.8512526046511,1163456,480,paced,NA,NA,NaN,14.0252454417959,0.168392879732804,0.30013070599321,1,0,1162266,1162770,1162769,1163899,1162511,1163456,2.1718841053025,-0.585062846571325,0.49,1.372,1392.84720197814,909.864691902128,1.006,2.258,NaN,1163900,NaN,1.01,90636.8959659729,61198.0333953779,-0.0780389026634734,-0.0208030755517006,-0.00172147360125649,4.62379802742458e-05,2.76174134932893e-05,1.33352289937533e-05,-0.00243824507565216,0.0077125775302993,1,0.954000000000178,0.865898617511468,0.0881013824887102,2324.532,88.1013824887102,1,0,1,0,paced,0.927098548782534,64.7180389601429,0.0950291450724467,90636.8959659729,90636.8959659729
1164405,1164405,NaN,12,6.78279798329833,234.544178224405,1164642,-50.5965539298179,1166027,3.24400000000014,256.451056197665,-64.2493581107346,1165126,481,paced,NA,NA,NaN,18.4956843403198,0.164124693290746,0.284919082545844,1,0,1164405,1164921,1164920,1165629,1164642,1165126,2.73201711534402,-0.878113604786263,0.474,0.41,1636.93634614494,959.555325268196,1.03,1.416,NaN,1165630,NaN,0.794,110958.824702879,65944.565849366,-0.0894337598181024,-0.0510737828751587,-0.00714140514872738,8.53878553508989e-05,5.52746904937134e-05,1.77064401581452e-05,-0.00872585535135361,0.0137399215506322,1,0.879205607476306,0.829999999999927,0.0492056074763791,2328.81,49.2056074763791,1,0,1,0,paced,0.846806995087491,70.8543981663742,0.0581072284024948,110958.824702879,110958.824702879
1166027,1166027,NaN,12,-50.5965539298179,163.875939430951,1167020,12.4951791411641,1168885,5.71599999999989,182.926626825278,-66.5024368516386,1167523,482,paced,NA,NA,NaN,10.4968509447168,0.166055201759688,0.290183609712123,1,0,1166027,1167327,1167326,1168884,1167020,1167523,2.31166089846566,-0.95315334002341,1.986,0.392,2134.87919181705,1782.54827954169,2.598,3.114,NaN,NaN,NaN,NaN,141605.407087089,117384.107920036,-0.0227381087362286,-0.0450032144366766,-0.0023705190089311,2.3102001629503e-05,4.10033488890288e-05,1.29459267009257e-05,-0.00778603659667079,0.0093017418278607,1,0.908000000000357,0.879205607476306,0.0287943925240501,2332.054,28.7943925240501,1,0,1,0,paced,0.89486183019476,67.0494572183747,0.0321774731611731,141605.407087089,141605.407087089
1168885,1168885,NaN,12,12.4951791411641,142.65175050786,1169198,14.8070504405719,1171300,4.82999999999993,129.000635716992,-60.9582017122283,1170533,483,paced,NA,NA,NaN,12.4223602484474,0.162884926130943,0.276262109470843,1,0,1168885,1169598,1169597,1170943,1169198,1170533,2.0492602740634,-1.0053961914142,0.626,1.87,1465.17987559896,1764.75213419954,1.424,2.69,NaN,1170944,NaN,0.712,87604.5411901217,105373.910090058,-0.0523369988401486,-0.0160419211214923,-0.00201270348964136,5.67868747023689e-05,1.78617762768595e-05,1.42021930508503e-05,-0.00197832365170297,0.00900642681391983,1,0.898000000000138,0.868050343249482,0.029949656750656,2337.77,29.949656750656,1,0,1,0,paced,0.883463444173436,67.914524812213,0.0339002784418281,87604.5411901217,87604.5411901217
1171300,1171300,NaN,12,14.8070504405719,258.024898813896,1171656,6.71459101733309,1173611,4.6220000000003,247.264078084944,-85.7203424754412,1172137,484,paced,NA,NA,NaN,12.9813933362173,0.159049461939394,0.257163777270721,1,0,1171300,1171894,1171893,1172958,1171656,1172137,3.16659236657333,-1.42304942900952,0.712,0.486,1975.39045094626,1691.84108231472,1.186,2.128,NaN,1172959,NaN,1.304,120397.389818643,102435.968008743,-0.0718186923501389,-0.0662514833643177,-0.00240292475718746,8.80376828244638e-05,7.80038496453032e-05,1.84645954054898e-05,-0.0114264137534875,0.0160011486771388,1,0.884000000000015,0.837999999999738,0.0460000000002765,2342.6,46.0000000002765,1,0,1,0,paced,0.865106660745484,69.3556098022601,0.0531726341820524,120397.389818643,120397.389818643
1173611,1173611,NaN,12,6.71459101733309,174.420739841416,1173922,9.48584242014403,1175834,4.44599999999991,166.320523122677,-58.5353907516602,1174799,485,paced,NA,NA,NaN,13.4952766531717,0.0941904747740883,0.214418694459156,1,0,1173611,1174172,1174171,1175337,1173922,1174799,2.32453761063148,-0.99840371284399,0.622,1.254,1364.03964003428,1538.68123860458,1.12,2.33,NaN,1175338,NaN,0.992,82093.9526512995,91098.2021314213,-0.0582145695613943,-0.0267452975848626,-0.00197823402413151,7.27774041039846e-05,3.22677860206958e-05,1.64044212794197e-05,-0.00340704729739783,0.0115352009971048,1,0.882669683257917,0.829999999999927,0.0526696832579896,2347.222,52.6696832579896,1,0,1,0,paced,0.845654974384665,70.9509218504374,0.0622827096787485,82093.9526512995,82093.9526512995
1175834,1175834,NaN,12,9.48584242014403,168.110211434398,1176182,4.92119038025847,1178263,4.85799999999972,160.906695034197,-64.6347411391301,1177069,486,paced,NA,NA,NaN,12.3507616303012,0.0406933400509233,0.215293789767317,1,0,1175834,1176458,1176457,1177785,1176182,1177069,2.34775769860176,-0.994094441250027,0.696,1.222,1468.81462333279,1614.22624583068,1.246,2.654,NaN,1177786,NaN,0.954,87092.24737053,96486.3009975731,-0.0527509332259316,-0.0262847667879841,-0.00192042858827354,6.30102730760111e-05,2.96686044013179e-05,1.33905957774122e-05,-0.0035933949451588,0.011128733942577,1,0.855999999999767,0.829999999999927,0.0259999999998399,2351.668,25.9999999998399,1,0,1,0,paced,0.844591819841482,71.0402333890247,0.0307841011350545,87092.24737053,87092.24737053
1178263,1178263,NaN,12,4.92119038025847,166.020974287702,1178597,9.22602820363761,1180546,4.56600000000026,158.947364995754,-81.3589941387109,1179588,487,paced,NA,NA,NaN,13.1406044678048,0.03702343589145,0.18019762078359,1,0,1178263,1178902,1178901,1180032,1178597,1179588,2.46267945463754,-1.41561280840252,0.668,1.372,1643.46850453407,1946.49428511387,1.276,2.26,NaN,1180033,NaN,1.026,97380.4694669908,111951.07744447,-0.0571881164504368,-0.0273675673799174,-0.00259092621660665,6.53564120701156e-05,2.83150413400927e-05,2.02180176502962e-05,-0.00370351105724826,0.0109869005702203,1,0.845274881516608,0.789999999999964,0.0552748815166447,2356.526,55.2748815166447,1,0,1,0,paced,0.822689787204714,72.9314997380293,0.0671880001141796,97380.4694669908,97380.4694669908
1180546,1180546,NaN,12,9.22602820363761,164.872019967482,1180902,4.40039585915367,1182744,4.39599999999973,158.058807936086,-66.7747781042085,1181328,488,paced,NA,NA,NaN,13.6487716105559,0.043084160129853,0.0947635057988449,1,0,1180546,1181128,1181127,1182300,1180902,1181328,2.34235307806482,-1.07669100164363,0.712,0.4,1448.89144972773,1383.17378174664,1.162,2.344,NaN,1182301,NaN,0.886,89020.1502320534,86032.3185193683,-0.05202768916346,-0.0561448658048103,-0.00188428406605549,6.29747605025424e-05,6.46871090215982e-05,1.53173583604734e-05,-0.0096789679361357,0.0114623282655804,1,0.890000000000327,0.845274881516608,0.0447251184837191,2361.092,44.7251184837191,1,0,1,0,paced,0.868364292236696,69.0954251993187,0.051505017978708,89020.1502320534,89020.1502320534
1182744,1182744,NaN,12,4.40039585915367,193.601282568773,1183126,6.52521028649453,1185148,4.80799999999999,188.138479495949,-65.8319726686888,1183521,489,paced,NA,NA,NaN,12.4792013311148,0.0451007126364342,0.123967620711645,1,0,1182744,1183344,1183343,1185147,1183126,1183521,2.58063173785766,-0.996857614034533,0.764,0.354,1518.44916356462,1747.130402553,1.198,3.606,NaN,NaN,NaN,NaN,94283.5268180531,107147.486286233,-0.051623206245493,-0.0635872250607361,-0.00193288210818548,6.55242572813324e-05,7.78019623370515e-05,1.31299747745895e-05,-0.0108262045783456,0.0126345163501551,1,0.867999999999938,0.849901639344363,0.0180983606555747,2365.488,18.0983606555747,1,0,1,0,paced,0.860491202545862,69.7276158344014,0.0210325923170726,94283.5268180531,94283.5268180531
1185148,1185148,NaN,12,6.52521028649453,176.808153813076,1185527,11.0883089600923,1187461,4.6260000000002,168.001394189783,-77.6961947288345,1186636,490,paced,NA,NA,NaN,12.9701686121914,0.0416271593659871,0.139786619583376,1,0,1185148,1185858,1185857,1187095,1185527,1186636,2.47010190458687,-1.30236995314411,0.758,1.556,1803.2049536837,2060.31579808416,1.418,2.474,NaN,1187096,NaN,0.73,109225.329029986,125091.626226227,-0.0504133006271989,-0.0237791883856881,-0.00210436720461516,5.650498634335e-05,2.47089240872354e-05,1.71271659653573e-05,-0.00314398793182732,0.0109445220812618,1,0.858835680751264,0.805999999999585,0.0528356807516789,2370.296,52.8356807516789,1,0,1,0,paced,0.832565133435727,72.0664337123985,0.0634613180756719,109225.329029986,109225.329029986
1187461,1187461,NaN,12,11.0883089600923,207.45602286839,1187790,3.61038005182762,1189639,4.35599999999977,200.10667836243,-95.2843128314734,1188343,491,paced,NA,NA,NaN,13.7741046831963,0.0461315907889918,0.158728220295306,1,0,1187461,1188059,1188058,1188941,1187790,1188343,2.86382293574474,-1.44959202378007,0.658,0.568,1844.08370428086,1580.17634823173,1.194,1.764,NaN,1188942,NaN,1.394,113201.191615934,98675.8564572342,-0.0685479128718029,-0.0535808869351714,-0.00425908924226162,7.89528183210113e-05,5.09265463663334e-05,1.87037929222776e-05,-0.00923787129718969,0.0132506962960073,1,0.885999999999967,0.858835680751264,0.0271643192487031,2374.922,27.1643192487031,1,0,1,0,paced,0.868882050459078,69.0542519186565,0.0312635290766459,113201.191615934,113201.191615934
1189639,1189639,NaN,12,3.61038005182762,142.007111548519,1190059,5.03671842361028,1192060,4.8420000000001,137.6835623108,-82.6096955053462,1190578,492,paced,NA,NA,NaN,12.3915737298634,0.0455929513989745,0.160672444867413,1,0,1189639,1190336,1190335,1191521,1190059,1190578,2.08718924210414,-1.33883219531395,0.84,0.484,1589.46099382145,1609.73824176238,1.392,2.37,NaN,1191522,NaN,1.076,97732.6629938461,98531.8053087622,-0.0378578926516939,-0.0457463763752499,-0.00196404924273104,3.7720192381219e-05,3.94916169622621e-05,1.34441349030229e-05,-0.00790392574870565,0.00804097166323237,1,0.878000000000156,0.83199999999988,0.0460000000002765,2379.278,46.0000000002765,1,0,1,0,paced,0.848301792781583,70.7295452049676,0.0542259846574678,97732.6629938461,97732.6629938461
1192060,1192060,NaN,12,5.03671842361028,149.440248209538,1192401,11.5565784379851,1194297,4.47400000000016,141.143599778741,-99.519965791901,1193196,493,paced,NA,NA,NaN,13.4108180599012,0.0474098120857044,0.154319600072228,1,0,1192060,1192788,1192787,1193865,1192401,1193196,2.17583052637294,-1.5412428262549,0.682,0.816,1648.80128122928,1891.05503020286,1.454,2.154,NaN,1193866,NaN,0.862,99858.1293418313,116475.310871208,-0.0492015796798925,-0.031951994352178,-0.00209059786958027,5.44562733159949e-05,2.04972435668561e-05,1.15149611803236e-05,-0.00538637510811387,0.00949650590394358,1,0.86200000000008,0.800000000000182,0.0619999999998981,2384.12,61.9999999998981,1,0,1,0,paced,0.825753722801974,72.6608894918525,0.0750829191414575,99858.1293418313,99858.1293418313
1194297,1194297,NaN,12,11.5565784379851,149.779990186431,1194689,17.6331040382362,1196715,4.83599999999979,135.185148948321,-81.9391587305065,1195805,494,paced,NA,NA,NaN,12.4069478908194,0.0494602404765806,0.151195848061683,1,0,1194297,1195153,1195152,1196285,1194689,1195805,2.00091822974262,-1.4177027784122,0.784,1.304,1645.3118970843,1931.31122264364,1.71,2.264,NaN,1196286,NaN,0.858,99418.5836103801,112528.663662045,-0.0409037384662067,-0.021632333345768,-0.00249765551650336,4.41166309868822e-05,2.32204836276698e-05,1.66502066110595e-05,-0.00309294842316551,0.00873995797381233,1,0.873999999999796,0.807999999999993,0.0659999999998035,2388.594,65.9999999998035,1,0,1,0,paced,0.843650122791769,71.1195297423187,0.0782314827163177,99418.5836103801,99418.5836103801
1196715,1196715,NaN,12,17.6331040382362,163.36373680843,1196965,3.74002466279472,1198920,4.41000000000031,152.677172457914,-63.6505223807717,1197804,495,paced,NA,NA,NaN,13.6054421768698,0.0431479757114076,0.0550861400855512,1,0,1196715,1197230,1197229,1198296,1196965,1197804,2.34607106105404,-1.06350543081154,0.5,1.148,1440.9285442272,1371.98716537635,1.028,2.132,NaN,1198297,NaN,1.246,86052.439651615,82732.7413381852,-0.0757391347352996,-0.0280924515005751,-0.00203504570742852,5.92277104771429e-05,3.05218109249307e-05,1.41354680181969e-05,-0.00396957074510635,0.0100512881897614,1,0.867999999999938,0.80548292682895,0.0625170731709879,2393.43,62.5170731709879,1,0,1,0,paced,0.847999520452404,70.7547569932472,0.073723005335705,86052.439651615,86052.439651615
1198920,1198920,NaN,12,3.74002466279472,151.451825738034,1199297,22.8812011841378,1201351,4.86200000000008,138.141212814568,-113.851808658635,1200385,496,paced,NA,NA,NaN,12.3406005758945,0.0440237855729471,0.0597987978634672,1,0,1198920,1199658,1199657,1200808,1199297,1200385,2.37852470034166,-1.80006233972414,0.754,1.454,1829.46646915184,2245.51346542963,1.474,2.3,NaN,1200809,NaN,1.084,108178.770091147,130212.684682872,-0.0484576335393331,-0.0267609203917436,-0.00436798946036739,5.47174271925583e-05,2.14481101975837e-05,1.91015994899723e-05,-0.00360140181777655,0.0105343315460118,1,0.872000000000298,0.759999999999764,0.112000000000535,2397.84,112.000000000535,1,0,1,0,paced,0.811188113368109,73.9655808698624,0.138069084291069,108178.770091147,108178.770091147
1201351,1201351,NaN,12,22.8812011841378,162.038866607076,1201609,3.72419261018314,1203585,4.46799999999985,148.736169709915,-82.1657466656172,1202147,497,paced,NA,NA,NaN,13.428827215757,0.0605314525069758,0.0790968910018468,1,0,1201351,1201874,1201873,1202864,1201609,1202147,2.42597130981648,-1.2610073177633,0.516,0.546,1629.7956785675,1412.33047412955,1.044,1.98,NaN,1202865,NaN,1.44,97751.003364273,85131.4426182487,-0.0804372028613946,-0.0473436927645919,-0.00214081086111308,5.9213261766362e-05,4.51460608182219e-05,1.58890569948774e-05,-0.00824935280984373,0.0100673619792919,1,0.908000000000357,0.864000000000033,0.0440000000003238,2402.702,44.0000000003238,1,0,1,0,paced,0.87932717926556,68.2339877747368,0.0500382577018419,97751.003364273,97751.003364273
1203585,1203585,NaN,12,3.72419261018314,138.926982327793,1203933,13.2817829256069,1205945,4.7199999999998,130.423994559898,-77.3733204343592,1205106,498,paced,NA,NA,NaN,12.7118644067802,0.0905201657672753,0.118058173505532,2,0,1203585,1204259,1204258,1205488,1203933,1205106,2.31600878319678,-1.28765627872636,0.696,1.694,1542.69171009497,1884.74489717832,1.346,2.458,NaN,1205489,NaN,0.912,86180.9968543453,102033.861270336,-0.0510672825558998,-0.0219030873879486,-0.00246537469996461,5.61300903914103e-05,2.77566301936855e-05,2.00150215791461e-05,-0.0026364488421818,0.00994201233079295,1,0.871174311926887,0.833999999999833,0.0371743119270542,2407.17,37.1743119270542,1,0,0,0,paced,0.848546071317599,70.7091836590954,0.0438094208241763,86180.9968543453,86180.9968543453
1205945,1205945,NaN,12,13.2817829256069,138.417267898213,1206274,-0.593616922410353,1208148,4.40599999999995,132.073184896615,-106.079276368997,1206743,499,paced,NA,NA,NaN,13.6177939173855,0.0964458580098014,0.145776668382214,1,0,1205945,1206547,1206546,1207178,1206274,1206743,2.23937455745549,-1.62963602751293,0.658,0.392,1584.53258822546,1240.82773610752,1.202,1.262,NaN,1207179,NaN,1.938,93363.9103010917,75416.6257052506,-0.0545235927848725,-0.0585342762529302,-0.00775028612703318,5.41104007897431e-05,5.98274311834957e-05,3.32658031376031e-05,-0.0100598878943807,0.00904378706374076,1,0.840356807511802,0.820697336561891,0.0196594709499109,2411.89,19.6594709499109,1,0,1,0,paced,0.828896964561612,72.3853537474744,0.0237176293199583,93363.9103010917,93363.9103010917
1208148,1208148,NaN,12,-0.593616922410353,163.104527794058,1208464,7.64074401893399,1210730,5.16400000000021,159.580964245796,-55.2504452030446,1209772,500,paced,NA,NA,NaN,11.6189000774589,0.0955824500162581,0.164399954660053,2,0,1208148,1208811,1208810,1210411,1208464,1209772,2.55439693351893,-1.09514718253902,0.632,1.922,1707.0459899689,2099.29721521488,1.324,3.2,NaN,1210412,NaN,0.636,93052.3181178019,112115.475222912,-0.0613254076570421,-0.0196183961204605,-0.00208072526902436,7.69924258685621e-05,2.31728384449972e-05,1.35157338211691e-05,-0.00221399255511745,0.0124277787694747,0,0.881999999999607,0.813999999999851,0.0679999999997563,2416.296,67.9999999997563,0,0,0,0,paced,0.841022333661665,71.3417439686416,0.080853976497504,93052.3181178019,93052.3181178019
1210730,1210730,NaN,12,7.64074401893399,115.246149510111,1211052,0.947575784894359,1212662,3.86400000000003,110.951989608197,-65.7348682855031,1211425,501,paced,NA,NA,NaN,15.5279503105589,0.09493927735631,0.177217751965096,1,0,1210730,1211257,1211256,1211860,1211052,1211425,1.94709659320602,-1.17769036985643,0.644,0.336,1159.88295548586,864.390561935027,1.052,1.206,NaN,1211861,NaN,1.602,68629.630747842,51782.5939386285,-0.047416106684769,-0.0600153800463793,-0.00583983155850567,5.03515032327425e-05,6.78405247585015e-05,2.88023313712352e-05,-0.0101881290727922,0.00823596225851708,1,0.880000000000109,0.836325471698316,0.0436745283017927,2421.46,43.6745283017927,1,0,1,0,paced,0.860369593586537,69.7374714858111,0.050762519535042,68629.630747842,68629.630747842
1212662,1212662,NaN,12,0.947575784894359,180.770763320526,1213019,13.2545766254826,1215201,5.07799999999997,173.669687115337,-71.1786441793088,1213711,502,paced,NA,NA,NaN,11.8156754627807,0.0966645336235916,0.176370658353581,1,0,1212662,1213379,1213378,1214797,1213019,1213711,2.75128269913689,-1.35360522791487,0.714,0.664,1887.19349979791,2386.57785097415,1.432,2.836,NaN,1214798,NaN,0.806,101295.200835379,130500.474968591,-0.0587620155791237,-0.0403984048219236,-0.00276687027216535,7.39346290634806e-05,3.5148722601019e-05,1.36699367679085e-05,-0.00637668040598047,0.0134509470731448,1,0.871999999999844,0.807999999999993,0.0639999999998508,2425.324,63.9999999998508,1,0,1,0,paced,0.834948332909772,71.8607339341605,0.0766514495295926,101295.200835379,101295.200835379
1215201,1215201,NaN,12,13.2545766254826,123.003845280977,1215528,-0.574043590046073,1217467,4.53200000000015,116.663578763259,-70.4945574608404,1215978,503,paced,NA,NA,NaN,13.2391879964691,0.0962124192276394,0.264989826865242,2,0,1215201,1215806,1215805,1217030,1215528,1215978,2.09548577799407,-1.15478582415213,0.654,0.344,1508.27808583959,1458.97492835672,1.208,2.448,NaN,1217031,NaN,0.872,92247.5589026897,91777.5727174957,-0.050223627083724,-0.0509837151994883,-0.002390525472335,4.98711519570705e-05,5.76491379795906e-05,1.80739728727024e-05,-0.00892041951272145,0.00801980123507495,1,0.853215596330281,0.809999999999945,0.0432155963303356,2430.402,43.2155963303356,1,0,0,0,paced,0.826352542967832,72.6082354445367,0.0522968032204843,92247.5589026897,92247.5589026897
1217467,1217467,NaN,12,-0.574043590046073,167.298479472783,1217820,1.25125320692635,1219727,4.51999999999998,166.959874664343,-95.2374596627024,1218180,504,paced,NA,NA,NaN,13.2743362831859,0.0917153400871029,0.289552405924757,1,0,1217467,1218014,1218013,1218579,1217820,1218180,2.28698887302537,-1.38675086605983,0.706,0.332,1292.94483132056,995.303708987165,1.092,1.13,NaN,1218580,NaN,2.294,82885.5487348474,69205.5797936213,-0.0499319078313088,-0.073004157706271,-0.00940583106439164,5.98012442038728e-05,9.3452006064164e-05,3.88284289411494e-05,-0.0124997524093982,0.010742658821759,1,0.911999999999807,0.83600000000024,0.0759999999995671,2434.934,75.9999999995671,1,0,1,0,paced,0.881432099930269,68.0710403044621,0.0862233177184942,82885.5487348474,82885.5487348474
1219727,1219727,NaN,12,1.25125320692635,168.243445888055,1220157,7.42336468020748,1222164,4.8739999999998,163.906136944489,-61.45567560513,1220542,505,paced,NA,NA,NaN,12.3102174805093,0.0591001933394646,0.2574192312531,1,0,1219727,1220371,1220370,1222163,1220157,1220542,2.09516231715485,-0.979439222603632,0.86,0.342,1342.8746344235,1653.74080006575,1.286,3.584,NaN,NaN,NaN,NaN,86531.9973418448,103129.730300642,-0.0366429824788012,-0.0569789079389427,-0.00338748345599619,4.02121231912634e-05,7.74147909239893e-05,1.61091393015309e-05,-0.00991805254069207,0.0088297837995257,1,0.911456140350697,0.884000000000015,0.0274561403506823,2439.454,27.4561403506823,1,0,1,0,paced,0.89522309362563,67.0223996981597,0.0306696068792034,86531.9973418448,86531.9973418448
1222164,1222164,NaN,12,7.42336468020748,253.48131320175,1222429,18.1159623160729,1224378,4.42799999999988,240.71164970361,-101.016841464942,1223560,506,paced,NA,NA,NaN,13.5501355013554,0.0426982461386053,0.297759005414081,1,0,1222164,1222827,1222826,1223892,1222429,1223560,3.1659253617498,-1.69339013584793,0.53,1.466,2269.81769052095,2505.99125815837,1.324,2.13,NaN,1223893,NaN,0.97,154729.11384145,166358.707315657,-0.0939354789438625,-0.0293482588239147,-0.00569787755763844,8.13359910032389e-05,2.63558436486926e-05,1.77328286424986e-05,-0.0042635111979222,0.0145550426777477,1,0.913516629711518,0.818000000000211,0.0955166297113073,2444.328,95.5166297113073,1,0,1,0,paced,0.868237693679564,69.1055000684454,0.110012074350874,154729.11384145,154729.11384145
1224378,1224378,NaN,13,18.1159623160729,145.137870921028,1224671,16.0500542701415,1226677,4.59799999999996,128.054862627921,-99.0207093828637,1225834,507,paced,NA,NA,NaN,13.0491518051328,0.271558223226185,0.700023632881363,1,0,1224378,1225134,1225133,1226176,1224671,1225834,1.93840916032371,-1.28737644074062,0.586,1.4,1639.67222578201,1609.56202101167,1.51,2.084,NaN,1226177,NaN,1,110968.738401491,106988.491041251,-0.0527705446842876,-0.0196113110103179,-0.00436415399417247,3.87669388916772e-05,1.93378989415725e-05,2.00656344157777e-05,-0.00272541028210078,0.00762276473496448,1,0.915999999999713,0.860000000000127,0.0559999999995853,2448.756,55.9999999995853,1,0,0,0,paced,0.878157216323605,68.3248954568628,0.063769902425933,110968.738401491,110968.738401491
1226677,1226677,NaN,13,16.0500542701415,52.7907513341341,1226947,3.88398026478746,1228447,3.53999999999996,42.8237340666696,-26.6119666414713,1227320,508,paced,NA,NA,NaN,16.9491525423731,0.236555014868342,0.630729518076447,1,0,1226677,1227177,1227176,1227955,1226947,1227320,0.858114004155379,-0.382164719895352,0.54,0.286,583.669519747257,332.297723861197,0.998,1.556,NaN,1227956,NaN,0.982,41250.4994154186,24411.7667759264,-0.0278902151833694,-0.0240221514126763,-0.00154649730634317,1.32950951438297e-05,2.86347456204514e-05,1.12961807563001e-05,-0.00409507981808377,0.00275744671559397,1,0.884000000000015,0.755115789473881,0.128884210526133,2453.354,128.884210526133,1,0,0,0,paced,0.848304335233356,70.7293332215436,0.151931571221641,41250.4994154186,41250.4994154186
1228447,1228447,NaN,13,3.88398026478746,272.71936253564,1228702,-0.553178906698543,1231394,5.89400000000023,271.053961856596,-130.463746967119,1229194,509,paced,NA,NA,NaN,10.1798439090597,0.214425631416774,0.564575085068232,1,0,1228447,1228962,1228961,1230053,1228702,1229194,3.46132790338733,-2.03850481630084,0.51,0.464,2145.94686780911,2481.43936567284,1.028,2.182,NaN,1230054,NaN,2.68,152158.321325652,175021.996220483,-0.101861645748792,-0.0779628280050754,-0.00469839668515661,9.65358946029172e-05,7.81533679182169e-05,2.85091845859107e-05,-0.0136291617440879,0.0167736590489016,1,0.917110132158733,0.728000000000065,0.189110132158667,2456.894,189.110132158667,1,0,0,0,paced,0.826197347527204,72.6218743979015,0.228892204416622,152158.321325652,152158.321325652
1231394,1231394,NaN,13,-0.553178906698543,112.090782554867,1231852,9.07861026159923,1234763,6.73799999999983,107.828066877417,-99.4071514633405,1234382,510,paced,NA,NA,NaN,8.90471950133593,0.195708279342707,0.506485810789481,2,0,1231394,1232427,1232426,1234762,1231852,1234382,1.96063142671781,-1.60798402380097,0.916,3.91,2055.22855719925,3109.50855753249,2.064,4.67,NaN,NaN,NaN,NaN,122407.880825384,181262.18754289,-0.0315975593692223,-0.0102791651598109,-0.00280283450025596,3.16636869533511e-05,1.20210374940145e-05,1.31291889122296e-05,-0.000852358392935715,0.00897753408275936,1,0.94399999999996,0.788000000000011,0.155999999999949,2462.788,155.999999999949,1,0,0,0,paced,0.871642690874463,68.8355453767482,0.178972417979487,122407.880825384,122407.880825384
1234763,1234763,NaN,13,9.07861026159923,128.833398231105,1235024,17.842224797381,1237297,5.06800000000021,115.372980701615,-75.2914861025264,1236022,511,paced,NA,NA,NaN,11.8389897395417,0.186575447575636,0.537121887897653,1,0,1234763,1235530,1235529,1236914,1235024,1236022,2.19184008745549,-1.27535798900354,0.522,0.984,1985.85804387014,1628.88982996777,1.532,2.768,NaN,1236915,NaN,0.764,119884.541628141,94094.8607737769,-0.062528936948351,-0.0240388079903123,-0.00363313493869364,4.18900945344347e-05,1.95760157240094e-05,1.43292658910475e-05,-0.00378074487038057,0.00995698020794333,1,0.941389830508497,0.894017738359133,0.047372092149364,2469.526,47.372092149364,1,0,1,0,paced,0.92103270148171,65.1442667599914,0.0514336701326177,119884.541628141,119884.541628141
1237297,1237297,NaN,13,17.842224797381,145.50105184579,1237607,8.32327869391743,1240252,5.90999999999985,132.41830010014,-50.4529726059439,1239971,512,paced,NA,NA,NaN,10.1522842639596,0.10805897090947,0.412543774516127,2,0,1237297,1238072,1238071,1240251,1237607,1239971,2.69793271985453,-1.05780549871223,0.62,3.798,2195.40117266479,2488.09228197468,1.548,4.358,NaN,NaN,NaN,NaN,106306.370430966,121738.79683531,-0.0706319937573828,-0.0114514654173684,-0.00204222098494785,6.88958301604895e-05,1.46477598732561e-05,1.32013203030198e-05,-0.0008885936740336,0.0108755805261669,1,0.921048888889082,0.791999999999916,0.129048888889165,2474.594,129.048888889165,1,0,0,0,paced,0.84833008999123,70.7271859243143,0.152121079296503,106306.370430966,106306.370430966
1240252,1240252,NaN,13,8.32327869391743,172.36899297797,1240509,18.259791632642,1242901,5.29800000000023,159.07745781469,-62.0599547793049,1242550,513,paced,NA,NA,NaN,11.3250283125703,0.106666541806457,0.176198256240188,1,0,1240252,1240808,1240807,1242900,1240509,1242550,2.91924997767646,-1.19737782711697,0.514,3.484,1662.14068368044,1703.88307690469,1.11,4.184,NaN,NaN,NaN,NaN,80096.9076422332,83859.6286501158,-0.0819774799472588,-0.0144905392882772,-0.00303941536453348,9.47819156571727e-05,2.06311790830064e-05,1.12567694646805e-05,-0.000976665714906079,0.0158176058599608,1,0.932000000000244,0.884000000000015,0.0480000000002292,2480.504,48.0000000002292,1,0,1,0,paced,0.902691835674886,66.4678660299855,0.0531742928242423,80096.9076422332,80096.9076422332
1242901,1242901,NaN,13,18.259791632642,107.073856435366,1243144,4.17839353209889,1245421,5.03999999999996,95.854763852996,-33.2147793794027,1243864,514,paced,NA,NA,NaN,11.904761904762,0.0581779243794336,0.176676110258515,1,0,1242901,1243538,1243537,1244753,1243144,1243864,2.12351698280217,-0.840371572860946,0.486,0.652,1555.91167927162,1137.9450359018,1.272,2.43,NaN,1244754,NaN,1.334,71242.5083109971,48678.4977245756,-0.0695858860361492,-0.027962800412417,-0.00176096131032083,4.3365288752757e-05,2.17873408028952e-05,9.59591213167394e-06,-0.0045732982255557,0.00916569379160348,1,0.907999999999902,0.869999999999891,0.0380000000000109,2485.802,38.0000000000109,1,0,1,0,paced,0.895513921782356,67.0006334246385,0.0424337345022832,71242.5083109971,71242.5083109971
1245421,1245421,NaN,13,4.17839353209889,131.999949822518,1245755,4.7948858880053,1248111,5.38000000000011,127.513310112466,-68.1750597303003,1246170,515,paced,NA,NA,NaN,11.1524163568771,0.053522812521121,0.170018598265491,1,0,1245421,1245988,1245987,1246562,1245755,1246170,3.05515994292799,-1.56437297484762,0.668,0.364,2144.17497585214,1294.28951728835,1.132,1.148,NaN,1246563,NaN,3.096,96055.9797182511,59462.4725598888,-0.0693005709250022,-0.079316944500608,-0.0131378044678023,5.12959872672845e-05,9.40970058835081e-05,4.14317766023272e-05,-0.0138355165614166,0.0113182527507159,1,0.888000000000375,0.849999999999909,0.0380000000004657,2490.842,38.0000000004657,1,0,1,0,paced,0.867077258689414,69.1979859911099,0.04382539112824,96055.9797182511,96055.9797182511
1248111,1248111,NaN,13,4.7948858880053,152.994713770242,1248522,4.4535748983976,1250918,5.61399999999958,148.37048337704,-59.7107249796124,1248926,516,paced,NA,NA,NaN,10.6875667972933,0.0398005558453563,0.183964043515,1,0,1248111,1248752,1248751,1250384,1248522,1248926,3.04599088732521,-1.29348895781812,0.822,0.348,1945.33223171159,2093.56254459196,1.28,3.264,NaN,1250385,NaN,1.066,89794.9104549212,99462.3494195407,-0.0568244091875514,-0.0757928729722946,-0.0025352425774063,6.06384918220121e-05,9.65475999137714e-05,1.77543601790026e-05,-0.0132969376485004,0.0126304079637314,1,0.882414414414599,0.844000000000051,0.0384144144145478,2496.222,38.4144144145478,1,0,1,0,paced,0.860935748449087,69.6916118398912,0.0446193743072565,89794.9104549212,89794.9104549212
1250918,1250918,NaN,13,4.4535748983976,112.68217844936,1251283,5.98061297312205,1253520,5.20400000000018,107.465084513601,-64.4497674314352,1251744,517,paced,NA,NA,NaN,11.5295926210603,0.0395047981362436,0.180700304420534,1,0,1250918,1251569,1251568,1252008,1251283,1251744,2.15502807093991,-1.30260880844666,0.73,0.35,1597.27449696419,832.93522287343,1.3,0.878,NaN,1252009,NaN,3.022,78839.4556702718,43394.6773951689,-0.0456230118087706,-0.0531255648282802,-0.014564936624921,5.08299307372401e-05,5.36895484181561e-05,3.63519103998424e-05,-0.00912404064580196,0.00952724294734719,1,0.875999999999749,0.818000000000211,0.057999999999538,2501.836,57.999999999538,1,0,1,0,paced,0.842154588191586,71.2458268841614,0.0688709659874741,78839.4556702718,78839.4556702718
1253520,1253520,NaN,13,5.98061297312205,140.576307721936,1253935,1.33592324005342,1256305,5.57000000000016,136.918039615348,-65.7905304244899,1254331,518,paced,NA,NA,NaN,10.7719928186711,0.0282369124156243,0.143734182518899,1,0,1253520,1254174,1254173,1255645,1253935,1254331,2.73927818036486,-1.35912516082345,0.83,0.314,1970.58984996716,2092.21445545673,1.306,2.942,NaN,1255646,NaN,1.318,99063.3647365564,104224.907537738,-0.0505268510030528,-0.0737743693612975,-0.00293458474661295,4.99153753330402e-05,8.84920047725394e-05,2.03223728464541e-05,-0.0129137602861919,0.0106328099157933,1,0.874945205479228,0.829999999999927,0.0449452054793006,2507.04,44.9452054793006,1,0,1,0,paced,0.84633270534765,70.8941053806418,0.0531058355600689,99063.3647365564,99063.3647365564
1256305,1256305,NaN,13,1.33592324005342,161.192560643474,1256676,5.48307292340576,1259083,5.55600000000004,157.783062561744,-68.5803809242105,1257183,519,paced,NA,NA,NaN,10.7991360691144,0.0278369121447257,0.142973855081205,1,0,1256305,1256979,1256978,1258549,1256676,1257183,3.06958031524205,-1.45530666338351,0.742,0.408,2156.90865614533,2494.91335993218,1.346,3.14,NaN,1258550,NaN,1.066,104858.892940143,124162.951014726,-0.0622080920411794,-0.0617463120078471,-0.00277249652574008,7.51473488328306e-05,5.08340719328542e-05,1.69501693165948e-05,-0.0105011669777945,0.0142982035045787,1,0.842326241134564,0.789999999999964,0.0523262411346,2512.61,52.3262411346,1,0,1,0,paced,0.824269933509291,72.7916882089254,0.0634819238302476,104858.892940143,104858.892940143
1259083,1259083,NaN,13,5.48307292340576,114.056207008536,1259494,1.81175575888469,1261745,5.32399999999961,110.408792667391,-73.4288320427765,1259939,520,paced,NA,NA,NaN,11.2697220135245,0.029504591257688,0.14135635838661,2,0,1259083,1259770,1259769,1261000,1259494,1259939,2.17402930391408,-1.44736367538354,0.822,0.338,1783.31595796976,1941.96110368228,1.372,2.46,NaN,1261001,NaN,1.488,92275.9914640553,102565.596876847,-0.0402611368708578,-0.0578123355319367,-0.00313499168156705,3.89304707215731e-05,6.51371431378785e-05,2.15097987595934e-05,-0.00999403314045939,0.00817145443657252,1,0.837885714285748,0.814801955990144,0.0230837582956039,2518.166,23.0837582956039,1,0,0,0,paced,0.824110402007459,72.8057792424964,0.0280105168426148,92275.9914640553,92275.9914640553
1261745,1261745,NaN,13,1.81175575888469,124.504337216096,1262137,0.969425249307503,1264517,5.54400000000032,123.113746712,-79.9389005095292,1262627,521,paced,NA,NA,NaN,10.8225108225102,0.0508205267872162,0.121240893654915,1,0,1261745,1262417,1262416,1263121,1262137,1262627,2.35367037178147,-1.62670488518509,0.784,0.42,1770.54290859071,1490.09899697476,1.342,1.408,NaN,1263122,NaN,2.79,91354.9198022392,76140.7006645275,-0.0451970734098854,-0.0573100825997017,-0.00903341516202396,4.72254079778689e-05,5.95192830691484e-05,2.83771968837517e-05,-0.0101917037400387,0.00942574396685059,1,0.818000000000211,0.789999999999964,0.0280000000002474,2523.49,28.0000000002474,1,0,1,0,paced,0.806170071390626,74.4259829647376,0.0347321253838511,91354.9198022392,91354.9198022392
1264517,1264517,NaN,13,0.969425249307503,140.432268921764,1264955,7.46424231219937,1267222,5.40999999999985,136.215435141011,-68.1947357399172,1265432,522,paced,NA,NA,NaN,11.0905730129393,0.0527848200081523,0.120843691403119,1,0,1264517,1265229,1265228,1265709,1264955,1265432,2.72113766445345,-1.44057495515194,0.876,0.406,2083.33514135589,1048.43135863174,1.422,0.96,NaN,1265710,NaN,3.024,102509.996581334,52430.4707044274,-0.0463671159789383,-0.0612801608010915,-0.0162759557491204,4.5571595877948e-05,6.39137378864692e-05,3.57913406027446e-05,-0.0108298816495589,0.0102191942383631,1,0.861256470588271,0.764000000000124,0.0972564705881476,2529.034,97.2564705881476,1,0,1,0,paced,0.804538584915122,74.5769079631277,0.120884780931182,102509.996581334,102509.996581334
1267222,1267222,NaN,13,7.46424231219937,122.594469103402,1267610,6.1243381600024,1270054,5.66400000000021,115.800178867301,-61.4037601724027,1268172,523,paced,NA,NA,NaN,10.5932203389826,0.0579977083823351,0.132520138877038,1,0,1267222,1267961,1267960,1270053,1267610,1268172,2.57579080990711,-1.35330494030365,0.776,0.422,2158.26734971556,2419.09167860674,1.476,4.184,NaN,NaN,NaN,NaN,102590.05855099,113916.21436364,-0.0515061727311374,-0.0489550622864709,-0.00185838158532939,5.15177292204623e-05,4.21745084250114e-05,1.18040867241888e-05,-0.00856785001757469,0.0102504048364336,1,0.876000000000204,0.851999999999862,0.024000000000342,2534.444,24.000000000342,1,0,1,0,paced,0.861664286601518,69.6326875013532,0.0278530750009382,102590.05855099,102590.05855099
1270054,1270054,NaN,13,6.1243381600024,116.089121495014,1270414,-41.7952779497155,1272477,4.846,133.92459138987,-48.9954296230787,1271889,524,paced,NA,NA,NaN,12.3813454395378,0.0653252994419048,0.153188381505518,1,0,1270054,1270918,1270917,1272138,1270414,1271889,2.485471274356,-1.03402336463764,0.72,1.942,2215.03813489161,1768.22068651572,1.726,2.44,NaN,1272139,NaN,0.676,98661.2609623504,79364.997050134,-0.0532826362405231,-0.0167637236692096,-0.00596438314663555,5.53644168266619e-05,1.73794995292821e-05,1.27795826869669e-05,-0.0021326157578561,0.0101694586381578,1,0.867889400921598,0.784000000000106,0.0838894009214927,2540.108,83.8894009214927,1,0,1,0,paced,0.826046773321469,72.6351121241533,0.101555267366011,98661.2609623504,98661.2609623504
1272477,1272477,NaN,13,-41.7952779497155,115.818620452489,1273289,1.94713137265825,1275311,5.66799999999967,135.742693741017,-60.8045372922528,1273666,525,paced,NA,NA,NaN,10.5857445306993,0.0702422927811294,0.154132376247921,1,0,1272477,1273523,1273522,1274007,1273289,1273666,2.69601907107951,-1.34258979267649,1.624,0.286,2353.52283184195,796.438162608963,2.09,0.968,NaN,1274008,NaN,2.606,107005.279043934,38189.913335161,-0.031925908050633,-0.0769452482498201,-0.0100498127395252,2.73589211489985e-05,8.51994047361057e-05,4.83628173575463e-05,-0.0131222024562226,0.0106778295054875,1,0.925999999999931,0.85973913043481,0.0662608695651207,2544.954,66.2608695651207,1,0,1,0,paced,0.904364687586597,66.3449168499901,0.0732678646950995,107005.279043934,107005.279043934
1275311,1275311,NaN,13,1.94713137265825,98.1203084608924,1275735,8.41791616854288,1278209,5.79600000000028,92.9377846902919,-49.0691239564795,1276294,526,paced,NA,NA,NaN,10.3519668737055,0.0704870059724811,0.199743401679801,1,0,1275311,1276069,1276068,1278208,1275735,1276294,2.33538944016743,-1.15791749942668,0.848,0.45,1928.36766403453,2422.82240820895,1.514,4.278,NaN,NaN,NaN,NaN,80794.0906343635,106622.318944463,-0.041099402448965,-0.0432577540435038,-0.00169816826966449,4.21890924032193e-05,3.5448423797573e-05,1.02678064938305e-05,-0.00752349216039761,0.00906067497493557,1,0.885665914221195,0.827999999999975,0.0576659142212202,2550.622,57.6659142212202,1,0,1,0,paced,0.848397825028216,70.7215391529375,0.0679703701730994,80794.0906343635,80794.0906343635
1278209,1278209,NaN,13,8.41791616854288,100.569468776151,1278603,-0.762827088244315,1280728,5.03800000000001,96.7419242360013,-51.7993821575621,1279176,527,paced,NA,NA,NaN,11.9094878920206,0.0694792044796699,0.200570195173564,1,0,1278209,1278925,1278924,1280727,1278603,1279176,2.08244129050578,-1.00054369257363,0.788,0.502,1680.69052451157,1747.95974775955,1.43,3.604,NaN,NaN,NaN,NaN,77697.9456688212,83044.2281908295,-0.0410536267328417,-0.0370326327226369,-0.00110598165458051,3.86355199361926e-05,3.01457008470954e-05,9.39181968093283e-06,-0.00648619980878804,0.00775030389198639,1,0.865999999999985,0.820000000000164,0.0459999999998217,2556.418,45.9999999998217,1,0,1,0,paced,0.840930374879556,71.3495454467246,0.0547013181756102,77697.9456688212,77697.9456688212
1280728,1280728,NaN,13,-0.762827088244315,117.493233574929,1281310,4.27925827180164,1283637,5.81799999999976,115.73501798315,-56.4628513754221,1281784,528,paced,NA,NA,NaN,10.3128222756965,0.0489756181234016,0.209665637581639,1,0,1280728,1281588,1281587,1283281,1281310,1281784,2.29347999535646,-1.13019758747673,1.164,0.392,1737.08186129358,1988.43416929692,1.718,3.386,NaN,1283282,NaN,0.71,86572.527389265,102093.798069701,-0.0296413259924255,-0.0506054753784293,-0.0020805425543858,3.06667752028587e-05,5.25139424176967e-05,1.46684912448277e-05,-0.00882677910923999,0.00889679337819094,1,0.876000000000204,0.828520286396143,0.0474797136040603,2561.456,47.4797136040603,1,0,1,0,paced,0.85258369527404,70.3743225827402,0.0556892113551377,86572.527389265,86572.527389265
1283637,1283637,NaN,13,4.27925827180164,171.717373413388,1283983,13.4357410235894,1286325,5.3760000000002,162.859873765693,-83.9313438649609,1284650,529,paced,NA,NA,NaN,11.1607142857139,0.0519860121046527,0.20863570057391,1,0,1283637,1284388,1284387,1286324,1283983,1284650,2.98640890586939,-1.48064303626592,0.692,0.524,2395.48779842013,2784.95051090327,1.5,3.872,NaN,NaN,NaN,NaN,125833.942995704,149769.02076084,-0.0660671954447802,-0.0460201929402583,-0.00241270587919227,7.30148345699188e-05,3.10748648101051e-05,1.23514083727562e-05,-0.00788675955248934,0.0129140850502054,1,0.846000000000004,0.760000000000218,0.0859999999997854,2567.274,85.9999999997854,1,0,1,0,paced,0.808655493906783,74.1972328786484,0.106349367125797,125833.942995704,125833.942995704
1286325,1286325,NaN,13,13.4357410235894,155.902012748683,1286736,15.4028940962651,1289114,5.57799999999997,141.482695188756,-70.557185029998,1287419,530,paced,NA,NA,NaN,10.7565435640015,0.0493560106924472,0.187758406305542,1,0,1286325,1287135,1287134,1289113,1286736,1287419,2.60988830624542,-1.22741492881923,0.822,0.568,2285.51703349434,2493.99442260812,1.618,3.956,NaN,NaN,NaN,NaN,123966.11872925,137057.150279816,-0.0509634357153322,-0.038189984309544,-0.00221527099016875,5.04049822616996e-05,2.58921595367243e-05,1.11079788013256e-05,-0.00659228816186616,0.010579869590376,1,0.845087470449198,0.756000000000313,0.0890874704488851,2572.65,89.0874704488851,1,0,1,0,paced,0.800392226810984,74.9632467559799,0.111304767168764,123966.11872925,123966.11872925
1289114,1289114,NaN,13,15.4028940962651,128.160518325214,1289538,23.0091543814381,1291925,5.62199999999984,108.954494086362,-79.5468977552805,1290728,531,paced,NA,NA,NaN,10.672358591249,0.0381606023732315,0.164640703074733,1,0,1289114,1289997,1289996,1291924,1289538,1290728,2.36194996825399,-1.21594036703914,0.848,1.462,2258.578836346,2659.89351476643,1.764,3.854,NaN,NaN,NaN,NaN,121328.736160559,150967.242418855,-0.0444399926072777,-0.021016252132639,-0.00268228083003267,3.96469782200421e-05,2.06583719757891e-05,1.09962728826343e-05,-0.00321132441692072,0.00859806478958602,1,0.824384615384742,0.735999999999876,0.0883846153848653,2578.228,88.3846153848653,1,0,1,0,paced,0.780101391166757,76.91307909381,0.113298881896202,121328.736160559,121328.736160559
1291925,1291925,NaN,13,23.0091543814381,128.706144381187,1292336,1.01267287293623,1294561,5.27199999999993,116.695230753999,-56.9167426658614,1293156,532,paced,NA,NA,NaN,11.3808801213962,0.0274625215803472,0.16838458000262,2,0,1291925,1292567,1292566,1293810,1292336,1293156,2.28887379169214,-0.97967214220641,0.822,1.178,1786.64806245795,1561.3325153694,1.282,2.486,NaN,1293811,NaN,1.5,101706.828607093,89815.7845309376,-0.0458459258108954,-0.0291090888434693,-0.00272752609286906,3.68219369483731e-05,3.87445799533781e-05,1.71759832710301e-05,-0.0037475648871343,0.00762016882703098,1,0.807999999999993,0.766000000000076,0.0419999999999163,2583.85,41.9999999999163,1,0,0,0,paced,0.791036734617493,75.84982766826,0.0530948793676762,101706.828607093,101706.828607093
1294561,1294561,NaN,13,1.01267287293623,109.59731618766,1294915,2.37982819947298,1297177,5.23199999999997,107.901065651455,-63.6282870175607,1295479,533,paced,NA,NA,NaN,11.4678899082569,0.0271561929921084,0.186106074262595,1,0,1294561,1295280,1295279,1296733,1294915,1295479,1.92919423667675,-1.1805576473545,0.708,0.398,1577.56509756455,1868.15809186479,1.436,2.906,NaN,1296734,NaN,0.886,87366.5919589346,104434.807029626,-0.0410944571530037,-0.0386702062417143,-0.00265740142523,5.04225995128882e-05,3.70161234906597e-05,1.58941246886044e-05,-0.00643167979207315,0.00913940649300904,1,0.869999999999891,0.774000000000342,0.0959999999995489,2589.122,95.9999999995489,1,0,1,0,paced,0.820130968258372,73.1590469354131,0.117054475096111,87366.5919589346,87366.5919589346
1297177,1297177,NaN,13,2.37982819947298,147.453128756076,1297546,6.39612111017273,1299892,5.43000000000029,143.065154101254,-99.7504256810933,1298054,534,paced,NA,NA,NaN,11.0497237569055,0.035148031153322,0.170169416513266,1,0,1297177,1297869,1297868,1299381,1297546,1298054,2.82481067080761,-1.76046823134776,0.738,0.37,2249.614042935,2516.35735790318,1.382,3.024,NaN,1299382,NaN,1.02,120336.418566298,135303.174239614,-0.0573309268139895,-0.0638084043432536,-0.0031495791918774,7.0691690194386e-05,6.25868305270932e-05,2.20145517719316e-05,-0.0107525604983986,0.0132454213791393,1,0.860000000000127,0.805999999999585,0.0540000000005421,2594.354,54.0000000005421,1,0,1,0,paced,0.831309658610313,72.1752711261662,0.0649577440142016,120336.418566298,120336.418566298
1299892,1299892,NaN,13,6.39612111017273,118.914904776884,1300320,7.17745741541717,1302651,5.51800000000003,112.128115514089,-84.9279802844511,1300810,535,paced,NA,NA,NaN,10.8735048930771,0.034928898337115,0.20577874773677,1,0,1299892,1300618,1300617,1302262,1300320,1300810,2.41378647129308,-1.56514020073541,0.856,0.384,2189.44962457166,2363.96207731666,1.45,3.288,NaN,1302263,NaN,0.776,113264.596341807,125074.077705444,-0.0432533167957143,-0.0574038540889392,-0.00252828724867171,4.25014557378533e-05,6.38935288507229e-05,1.73387551540123e-05,-0.0100666360807807,0.00917064565583825,1,0.869999999999891,0.790000000000418,0.0799999999994725,2599.784,79.9999999994725,1,0,1,0,paced,0.836602855121371,71.7186173017488,0.0956248230683679,113264.596341807,113264.596341807
1302651,1302651,NaN,13,7.17745741541717,85.6836845676321,1303090,3.57487235626956,1305355,5.4079999999999,80.3075196817887,-70.1526932027513,1303569,536,paced,NA,NA,NaN,11.0946745562132,0.0332831817462121,0.203659777769161,1,0,1302651,1303354,1303353,1304486,1303090,1303569,1.76216697766805,-1.43841062612643,0.878,0.43,1601.30129513446,1667.9919532326,1.404,2.264,NaN,1304487,NaN,1.736,87363.5638291144,90137.1938278829,-0.0307300755844342,-0.047660694040854,-0.00224598716428698,3.01439954823026e-05,5.18707363349986e-05,1.56844566381606e-05,-0.00852465068616985,0.00669708500849864,1,0.868289655172345,0.804000000000087,0.0642896551722573,2605.302,64.2896551722573,1,0,1,0,paced,0.830731374700667,72.2255133575754,0.0773892224732964,87363.5638291144,87363.5638291144
1305355,1305355,NaN,13,3.57487235626956,129.981144613588,1305851,0.0905761907084082,1308244,5.77799999999979,128.148420340099,-78.0768113407836,1306264,537,paced,NA,NA,NaN,10.384215991693,0.029186191533409,0.206130776129552,1,0,1305355,1306086,1306085,1307511,1305851,1306264,2.50011840924047,-1.56884378418059,0.992,0.356,1894.751952662,1973.73790087998,1.46,2.85,NaN,1307512,NaN,1.464,97320.0068150352,102982.14948367,-0.0372990582697466,-0.0697464577156802,-0.00238158957344219,3.23530156657567e-05,8.17688197164685e-05,1.73499031983575e-05,-0.0121305494620264,0.00787315092888696,1,0.91800000000012,0.860676056338015,0.0573239436621054,2610.71,57.3239436621054,1,0,1,0,paced,0.885084122376601,67.7901664746734,0.0647666613973154,97320.0068150352,97320.0068150352
1308244,1308244,NaN,13,0.0905761907084082,155.567154883689,1308612,-1.24862966430583,1310884,5.2800000000002,156.146181620488,-72.3858227616034,1309009,538,paced,NA,NA,NaN,11.3636363636359,0.0294099854510864,0.273857590019713,1,0,1308244,1308843,1308842,1310125,1308612,1309009,3.0078842448433,-1.50509244317464,0.736,0.332,1928.71838077005,1963.80747130807,1.196,2.564,NaN,1310126,NaN,1.516,95189.7624162701,97393.1013771409,-0.0618575193199348,-0.0804833217891025,-0.00286413004531164,7.24819537835558e-05,9.15596880244269e-05,2.26511105606655e-05,-0.0139129799056372,0.0136447350032767,1,0.905128540305018,0.833999999999833,0.0711285403051856,2616.488,71.1285403051856,1,0,1,0,paced,0.844242153859611,71.0696566449552,0.0842513489524399,95189.7624162701,95189.7624162701
1310884,1310884,NaN,13,-1.24862966430583,128.46488985097,1311288,1.39953562957805,1313564,5.36000000000013,128.389436868334,-73.4520907826471,1311727,539,paced,NA,NA,NaN,11.194029850746,0.190225095152249,0.296207741062313,1,0,1310884,1311530,1311529,1312193,1311288,1311727,2.52319408372283,-1.56298335557599,0.808,0.394,1748.64860656868,1397.55946209774,1.29,1.326,NaN,1312194,NaN,2.74,85715.1033859435,70491.0380853841,-0.0467114216778348,-0.0658230767181125,-0.00925485292776866,5.22956690061113e-05,7.02914077967499e-05,3.04006372820842e-05,-0.0115005764673788,0.010752308209357,1,0.947999999999865,0.841999999999643,0.106000000000222,2621.768,106.000000000222,1,0,1,0,paced,0.898806919869785,66.7551602836931,0.117934116501438,85715.1033859435,85715.1033859435
1313564,1313564,NaN,13,1.39953562957805,155.559205617684,1313989,0.825010255887574,1316273,5.41799999999967,154.446932674951,-81.0888856460879,1314411,540,paced,NA,NA,NaN,11.0741971207094,0.258631793054834,0.253639761966638,1,0,1313564,1314227,1314226,1315644,1313989,1314411,2.78595567292493,-1.54490515193191,0.85,0.368,1899.54334491323,1939.28276413661,1.324,2.834,NaN,1315645,NaN,1.256,99977.4316360461,112525.965732483,-0.0490899923785077,-0.0725522918414203,-0.00259591722463872,5.70887178852842e-05,7.75156153075255e-05,1.86382429403137e-05,-0.0125439753821676,0.0123590062094789,1,0.945607594936627,0.922000000000025,0.0236075949366011,2627.128,23.6075949366011,1,0,0,0,paced,0.932447012849691,64.3468198977135,0.0253178943267274,99977.4316360461,99977.4316360461
1316273,1316273,NaN,13,0.825010255887574,73.6601622869919,1316677,-1.43859647994968,1319037,5.52800000000025,73.966955399023,-77.2260148734593,1317312,541,paced,NA,NA,NaN,10.8538350217072,0.249367155046978,0.450511275237202,2,0,1316273,1316973,1316972,1317899,1316677,1317312,1.29175947556141,-1.12300916967743,0.808,0.678,1054.75103784093,1271.08396038552,1.398,1.852,NaN,1317900,NaN,2.274,72711.9381371513,87841.8040552904,-0.0235646887201782,-0.0272795102526421,-0.00204938814581579,2.86149544439745e-05,3.10890502671571e-05,1.47458868839435e-05,-0.00505332386180541,0.00593915249076515,1,0.936000000000149,0.881999999999607,0.0540000000005421,2632.546,54.0000000005421,1,0,0,0,paced,0.909845652822298,65.9452510586635,0.0593507259533929,72711.9381371513,72711.9381371513
1319037,1319037,NaN,13,-1.43859647994968,95.0254135605867,1319434,10.4924887548398,1320502,2.92999999999984,90.4984674231417,-101.724767365568,1319967,542,paced,NA,NA,NaN,20.4778156996598,0.27020370952831,0.499800162714633,1,0,1319037,1319643,1319642,1320277,1319434,1319967,1.41424985297697,-1.60761283062488,0.794,0.648,932.431758997384,1257.70299817258,1.21,1.268,NaN,1320278,NaN,0.448,68593.8778772187,91784.8367138295,-0.0267815086031267,-0.0409003627870815,-0.00581220803668461,2.98311047212346e-05,4.38740117944055e-05,4.17277083119756e-05,-0.00685230690094183,0.00849151472384224,1,0.935679487179618,0.864000000000033,0.0716794871795857,2638.074,71.6794871795857,1,0,0,0,paced,0.904587827196488,66.3285511877303,0.0792399422416902,68593.8778772187,68593.8778772187
1320502,1320502,NaN,13,10.4924887548398,115.989044994304,1320760,-7.89128335613711,1322009,3.01400000000012,114.688442294952,-102.701268385744,1321384,543,paced,NA,NA,NaN,19.9071001990702,0.293832824139201,0.54971978505363,2,0,1320502,1321172,1321171,1322008,1320760,1321384,1.68264502570027,-1.43371409580781,0.516,0.424,1513.01297714762,1553.57314897642,1.338,1.672,NaN,NaN,NaN,NaN,106122.152876406,111819.390211285,-0.0512978045589661,-0.036436559636709,-0.00392084793141741,4.01862928782693e-05,4.49412085761677e-05,2.65578128260047e-05,-0.00572987435600274,0.00794434057104962,1,0.945999999999913,0.869652777777787,0.0763472222221255,2641.004,76.3472222221255,1,0,0,0,paced,0.909236438705532,65.9894362410521,0.0839685025501399,106122.152876406,106122.152876406
1322009,1322009,NaN,13,-7.89128335613711,226.989695296875,1322302,-71.5204948850074,1324324,4.63000000000011,266.695584417447,-169.155953831911,1323383,544,paced,NA,NA,NaN,12.9589632829371,0.315732484682738,0.647928509087127,1,0,1322009,1323029,1322577,1323788,1322302,1323383,3.19787215581617,-2.53394642465154,0.586,0.708,2412.39882327975,2499.80301410885,1.136,1.518,1322578,1323789,0.902,1.07,157782.323928263,174110.300330866,-0.0815266698240712,-0.0382821248367332,-0.0262625334721737,7.84642377038591e-05,4.59748477928989e-05,4.44102360376213e-05,-0.00443499435325539,0.0155666358533533,1,1.00800000000027,0.769999999999982,0.238000000000284,2644.018,238.000000000284,1,0,0,0,paced,0.889118155333627,67.4825945686442,0.267680958455941,157782.323928263,157782.323928263
1324324,1324324,NaN,14,-71.5204948850074,134.873507135532,1325478,5.21530511445346,1328232,7.8159999999998,168.026102020809,-46.7763151807374,1326086,545,paced,NA,NA,NaN,7.67656090071667,0.157095664499539,0.273242186967024,2,0,1324324,1325914,1325913,1327782,1325478,1326086,2.12550441560126,-0.695828528960516,2.308,0.344,3185.09304165499,1393.00211084721,3.178,3.736,NaN,1327783,NaN,0.898,211130.140740722,90617.3614669283,-0.0203806453034408,-0.0321011136763818,-0.00186193984607682,1.70610115567505e-05,2.53981345676952e-05,9.74985468245391e-06,-0.00534984223113366,0.00630295083933952,0,1.01399999999967,0.875999999999749,0.13799999999992,2648.648,137.99999999992,0,0,0,0,paced,0.942122192565644,63.6860064155843,0.146477814755759,211130.140740722,211130.140740722
1328232,1328232,NaN,14,5.21530511445346,87.779922998825,1328692,-37.0570938860916,1331235,6.00599999999986,103.700817384644,-59.706307379954,1330969,546,paced,NA,NA,NaN,9.99000999001023,0.13825134447234,0.237451475035239,2,0,1328232,1330694,1329160,1331234,1328692,1330969,1.38265912649295,-1.0433424399295,0.92,0.55,1395.15455055575,933.468214546661,1.856,1.08,1329161,NaN,3.066,NaN,90586.791327258,50215.7570145948,-0.0231361367028519,-0.00774774648702238,-0.0147318684240633,2.17483372583675e-05,9.3024910283286e-06,1.39666908430627e-05,-0.000584208648211834,0.00507332615089995,1,1.01588333333341,0.830000000000382,0.185883333333029,2656.464,185.883333333029,1,0,0,0,paced,0.887429161323147,67.6110303954184,0.209462728333019,90586.791327258,90586.791327258
1331235,1331235,NaN,14,-37.0570938860916,157.296855812269,1332297,2.23698254989346,1335329,8.1880000000001,174.706911480368,-42.4099875947539,1333883,547,paced,NA,NA,NaN,7.32779677576933,0.126469590625713,0.215253745649951,2,0,1331235,1332588,1332587,1334487,1332297,1333883,2.6376645354948,-0.761706658820637,2.124,2.59,2336.21483036743,1556.70914464649,2.704,3.798,NaN,1334488,NaN,1.682,119594.833685803,78539.1247438444,-0.0236383298132258,-0.0153895876401623,-0.0015972499332201,2.65196462477839e-05,2.07073968346577e-05,1.1501459608493e-05,-0.00114294493967817,0.0106820611122094,0,1.01600000000008,0.878310112359699,0.137689887640378,2662.47,137.689887640378,0,0,0,0,paced,0.941090920810022,63.7557951875217,0.146308804596547,119594.833685803,119594.833685803
1335329,1335329,NaN,14,2.23698254989346,217.09277176072,1335576,7.95650622709639,1338432,6.20600000000013,211.996027372225,-65.7035273710597,1336316,548,paced,NA,NA,NaN,9.66806316467914,0.128170356373393,0.202280792824461,1,0,1335329,1335886,1335885,1338431,1335576,1336316,3.56987418200966,-1.22247578841126,0.494,0.86,2248.12302214258,2931.71652170089,1.112,5.09,NaN,NaN,NaN,NaN,116949.690014791,153857.717777259,-0.108596973592319,-0.0442601330480462,-0.00159757886743616,0.000103982848695269,4.21039896272431e-05,1.13185748297311e-05,-0.00684360199325537,0.0173984642009108,1,0.878310112359699,0.797999999999774,0.0803101123599241,2670.658,80.3101123599241,1,0,1,0,paced,0.842172492420807,71.2443122281652,0.0953606453341577,116949.690014791,116949.690014791
1338432,1338432,NaN,14,7.95650622709639,173.664917090987,1338784,15.1479007665826,1341821,6.77799999999979,162.112713594147,-94.7816307195361,1340647,549,paced,NA,NA,NaN,8.8521687813517,0.114493988263805,0.276921195717383,2,0,1338432,1339093,1339092,1341145,1338784,1340647,2.88205138328222,-1.58738493503474,0.704,3.108,2013.73502289739,2733.01451486257,1.32,4.104,NaN,1341146,NaN,1.35,114636.627216948,153860.649022649,-0.062721808664862,-0.0174245723611731,-0.00255187860257551,7.46091610001395e-05,2.20772379915662e-05,1.71805130892514e-05,-0.00120716408702933,0.0134847962875357,1,0.891999999999825,0.77599999999984,0.115999999999985,2676.864,115.999999999985,1,0,0,0,paced,0.838182283202082,71.5834743855285,0.138394717145338,114636.627216948,114636.627216948
1341821,1341821,NaN,14,15.1479007665826,164.311867100611,1342160,2.09705084519631,1345142,6.64200000000028,155.689391294722,-68.358193686618,1342691,550,paced,NA,NA,NaN,9.03342366756963,0.103147840005008,0.284689284815565,2,0,1341821,1342477,1342476,1344253,1342160,1342691,2.77875508440827,-1.13205339790472,0.678,0.428,2101.9068353542,2299.64303265604,1.31,3.552,NaN,1344254,NaN,1.776,117652.988942141,125538.771606222,-0.0656708855075214,-0.0510496661475529,-0.00254029270613304,6.25979847018159e-05,4.48240121017734e-05,1.46799477764187e-05,-0.00905857651435121,0.0108231141814297,1,0.884216216216167,0.828432692307655,0.055783523908512,2683.642,55.783523908512,1,0,0,0,paced,0.852906060137159,70.3477238634594,0.0654040656007782,117652.988942141,117652.988942141
1345142,1345142,NaN,14,2.09705084519631,193.122274466529,1345541,1.77152825352213,1348154,6.02399999999989,191.18798491717,-90.6648545121726,1346025,551,paced,NA,NA,NaN,9.96015936254999,0.0553035493758816,0.304414228740068,1,0,1345142,1345806,1345805,1347210,1345541,1346025,3.21510417311626,-1.72463617783038,0.798,0.438,2171.84407756495,2269.98082641329,1.326,2.808,NaN,1347211,NaN,1.886,117847.053597042,121018.170496541,-0.0606423451828776,-0.0710115183520253,-0.00220249127489117,6.87078855789184e-05,6.86646276629939e-05,1.77977536822996e-05,-0.0123333056168676,0.013980822872887,1,0.929910112359389,0.80600000000004,0.123910112359349,2690.284,123.910112359349,1,0,1,0,paced,0.855741682390709,70.1146166356842,0.144798500422672,117847.053597042,117847.053597042
1348154,1348154,NaN,14,1.77152825352213,96.8167345946385,1348681,2.27876117807399,1351680,7.05200000000013,94.7915898788404,-78.6460163309019,1349297,552,paced,NA,NA,NaN,8.50822461712973,0.050841602763688,0.286526827146824,1,0,1348154,1349049,1349048,1350752,1348681,1349297,1.78927679377585,-1.37464919842511,1.054,0.496,1731.56466789667,2051.95974353757,1.788,3.406,NaN,1350753,NaN,1.854,91386.7683358313,108341.24481398,-0.0254910143020671,-0.0360155370340912,-0.0023333077558694,2.45129600070213e-05,2.89504898912063e-05,1.28181091580428e-05,-0.00610626942342984,0.00647687669309738,1,0.929999999999836,0.872000000000298,0.057999999999538,2696.308,57.999999999538,1,0,1,0,paced,0.891184403471052,67.3261333639901,0.0650819289180053,91386.7683358313,91386.7683358313
1351680,1351680,NaN,14,2.27876117807399,99.4927700009668,1352142,-0.936025349011051,1355116,6.87199999999984,98.8214020864353,-72.082191284032,1352633,553,paced,NA,NA,NaN,8.73108265424933,0.0669135704807746,0.286539442274857,1,0,1351680,1352422,1352421,1353779,1352142,1352633,1.92744136100639,-1.36202244927926,0.924,0.422,1754.98030824288,1982.83747654488,1.482,2.714,NaN,1353780,NaN,2.672,90906.3191521817,101581.79729395,-0.0306351528750319,-0.0474923757607261,-0.00240954487696364,2.96104923840079e-05,4.96859276430511e-05,1.50901159451022e-05,-0.00850990232173099,0.00701918267089863,1,0.895877551020138,0.856000000000222,0.0398775510199156,2703.36,39.8775510199156,1,0,1,0,paced,0.872595748528922,68.7603625174107,0.0456999144072657,90906.3191521817,90906.3191521817
1355116,1355116,NaN,14,-0.936025349011051,212.453532179703,1355504,1.58279387267498,1358421,6.61000000000013,212.130147917871,-83.5288490227182,1355968,554,paced,NA,NA,NaN,9.07715582450815,0.06787308382293,0.300259265826109,1,0,1355116,1355768,1355767,1357135,1355504,1355968,3.55645316073616,-1.65451248802816,0.776,0.4,2350.51698955869,2454.5668332255,1.302,2.734,NaN,1357136,NaN,2.57,115374.937743202,121612.974803017,-0.0699615380440948,-0.0783048861705684,-0.00253223886186233,8.40094789886053e-05,8.16469468424193e-05,1.91910070821076e-05,-0.0137429214056488,0.0167314066730961,1,0.899999999999636,0.849999999999909,0.0499999999997272,2710.232,49.9999999997272,1,0,1,0,paced,0.867460539314367,69.167411404585,0.0576395095035063,115374.937743202,115374.937743202
1358421,1358421,NaN,14,1.58279387267498,149.526216089072,1358853,-0.675098848574351,1361903,6.96399999999994,149.072368577022,-62.7120418420844,1359285,555,paced,NA,NA,NaN,8.61573808156239,0.0558722178765301,0.333509543535061,1,0,1358421,1359088,1359087,1360329,1358853,1359285,2.46874373263957,-1.22950060088836,0.864,0.394,1656.88183646805,1730.88669011312,1.332,2.482,NaN,1360330,NaN,3.146,86812.752293647,91761.0845826338,-0.0428129614090615,-0.060609013192818,-0.00234417906859531,4.4335290053778e-05,6.86573845783715e-05,1.76885224713491e-05,-0.0105653908852663,0.0097947055883536,1,0.914000000000215,0.858000000000175,0.05600000000004,2716.842,56.00000000004,1,0,1,0,paced,0.886436598042788,67.6867360085056,0.063174286941317,86812.752293647,86812.752293647
1361903,1361903,NaN,14,-0.675098848574351,161.247834769485,1362298,0.1745783866139,1364878,5.94999999999982,161.498095000465,-69.2883998975583,1362819,556,paced,NA,NA,NaN,10.0840336134457,0.0527677092332525,0.306635437554761,1,0,1361903,1362576,1362575,1363929,1362298,1362819,2.64742989310144,-1.38574175686996,0.79,0.486,1788.65584614913,2068.95445380631,1.344,2.706,NaN,1363930,NaN,1.896,93496.3738813913,102860.460631202,-0.050255571171565,-0.0534935813983561,-0.00217578664885895,5.94214960364151e-05,4.79343429052183e-05,1.32307067616135e-05,-0.00922269738650452,0.0119919477292114,1,0.905999999999949,0.865999999999985,0.0399999999999636,2723.806,39.9999999999636,1,0,1,0,paced,0.882324392426945,68.0022002281524,0.0453348001520604,93496.3738813913,93496.3738813913
1364878,1364878,NaN,14,0.1745783866139,128.238844185305,1365438,1.13879339144919,1368283,6.80999999999995,127.582158296273,-86.5132701130915,1365938,557,paced,NA,NA,NaN,8.81057268722474,0.052730383823394,0.313021220068645,1,0,1364878,1365736,1365735,1367103,1365438,1365938,2.64332081983679,-1.787809522793,1.12,0.404,2480.78308554688,2569.40689750224,1.714,2.734,NaN,1367104,NaN,2.358,124294.155992264,129403.120702989,-0.0343957556407057,-0.0625519375103161,-0.00269894478433925,2.93940354770572e-05,6.34580630541811e-05,1.95459831366894e-05,-0.010984455375248,0.00824328744343927,1,0.905911699779201,0.849999999999909,0.0559116997792917,2729.756,55.9116997792917,1,0,1,0,paced,0.867396137840637,69.1725468704168,0.0644592445597954,124294.155992264,124294.155992264
1368283,1368283,NaN,14,1.13879339144919,88.2773054088468,1368690,-3.84811677612514,1371754,6.94200000000001,89.6319671011847,-92.3990408985329,1369269,558,paced,NA,NA,NaN,8.64304235090751,0.0561801535614172,0.214621020973373,1,0,1368283,1369018,1369017,1369942,1368690,1369269,1.81057713942685,-1.7142376920205,0.814,0.502,1634.12801044399,1703.12700285895,1.468,1.848,NaN,1369943,NaN,3.622,82157.176688448,88009.1221652705,-0.0340649237670487,-0.0433773041329862,-0.00326380299254001,3.64901572924081e-05,4.17308657257999e-05,2.08250027409173e-05,-0.00759716848059127,0.00745251045721673,1,0.885261467889889,0.837999999999738,0.0472614678901507,2736.566,47.2614678901507,1,0,1,0,paced,0.857062384472785,70.0065725517852,0.0551435563459284,82157.176688448,82157.176688448
1371754,1371754,NaN,14,-3.84811677612514,115.259451164437,1372145,-1.70394152846641,1375060,6.61200000000008,118.035480316733,-89.6367999974606,1372781,559,paced,NA,NA,NaN,9.07441016333927,0.115102580748617,0.251601519672876,1,0,1371754,1372452,1372451,1373510,1372145,1372781,2.42150224055535,-1.78382436593905,0.782,0.658,1936.63760989877,2173.20652203101,1.394,2.116,NaN,1373511,NaN,3.098,101040.875528004,110913.652614919,-0.0463306959135225,-0.0464487795312971,-0.00268327137316164,5.24287256058367e-05,4.47904423568395e-05,1.92932480809727e-05,-0.00847997771999939,0.0105169271363053,1,0.981999999999971,0.847999999999956,0.134000000000015,2743.508,134.000000000015,1,0,1,0,paced,0.913559848005041,65.6771421500443,0.146678950801782,101040.875528004,101040.875528004
1375060,1375060,NaN,14,-1.70394152846641,92.5229724288978,1375566,-2.22500892046871,1378292,6.46399999999994,94.4874476533653,-88.7207676164355,1376099,560,paced,NA,NA,NaN,9.28217821782187,0.158421383652025,0.249442035228972,1,0,1375060,1375864,1375863,1376732,1375566,1376099,1.73481686245056,-1.68281413856906,1.012,0.47,1618.12770880117,1735.69601139391,1.606,1.736,NaN,1376733,NaN,3.118,86650.4717852084,93799.5407580548,-0.0251546583661403,-0.0458949347186741,-0.00455832409753643,2.39591402273289e-05,4.85396292414234e-05,2.27344000805908e-05,-0.00822918001878844,0.00621575816845799,1,0.973877551020455,0.910341356674148,0.0635361943463071,2750.12,63.5361943463071,1,0,1,0,paced,0.942329232486703,63.672013911387,0.0674246241715776,86650.4717852084,86650.4717852084
1378292,1378292,NaN,14,-2.22500892046871,145.645376354595,1378818,13.3841192005463,1381785,6.98600000000033,140.065821214556,-86.9846136628263,1379501,561,paced,NA,NA,NaN,8.58860578299415,0.158329425158415,0.251678954721221,1,0,1378292,1379209,1379208,1381784,1378818,1379501,2.57968975040386,-1.41367225585197,1.052,0.584,2236.07765580803,2954.39978767937,1.832,5.15,NaN,NaN,NaN,NaN,126041.963692227,169339.980039187,-0.035920915192716,-0.0404333229469699,-0.00173214211250236,3.17309156782648e-05,3.58675661732929e-05,8.67700625623674e-06,-0.00641924639547083,0.00820924623474895,1,0.996000000000095,0.820000000000164,0.175999999999931,2756.584,175.999999999931,1,0,1,0,paced,0.899957214801888,66.6698360912725,0.195564852534323,126041.963692227,126041.963692227
1381785,1381785,NaN,14,13.3841192005463,157.53641571767,1382132,-53.6268720185745,1384246,4.92200000000003,177.657792126684,-73.5362531975964,1383227,562,paced,NA,NA,NaN,12.1901665989435,0.164485102910052,0.205878547978642,1,0,1381785,1382731,1382730,1383546,1382132,1383227,2.50541428212383,-1.2053856485279,0.694,0.992,2644.14511681466,1298.70977183211,1.89,1.63,NaN,1383547,NaN,1.398,159718.440297848,78969.7196424235,-0.0571073000111168,-0.0230759774925721,-0.00811447174256578,5.37276989357517e-05,1.54672683217736e-05,1.26089341993228e-05,-0.00379231543832558,0.00952751786873751,1,0.995999999999674,0.850000000000364,0.145999999999311,2763.57,145.999999999311,1,0,1,0,paced,0.905749964696869,66.2434472410722,0.161192388285848,159718.440297848,159718.440297848
1384246,1384246,NaN,14,-53.6268720185745,149.262861975917,1385667,33.7668746985985,1388535,8.57799999999997,159.192860635905,-118.25692900923,1387195,563,paced,NA,NA,NaN,6.99463744462581,0.164018075941251,0.228238791993045,1,0,1384246,1386390,1386389,1387943,1385667,1387195,2.31588210633139,-1.83266071849934,2.842,1.61,3584.22831704256,3130.17430332242,4.286,3.106,NaN,1387944,NaN,1.182,223954.88442521,186113.371463591,-0.016226391226018,-0.0193266602917547,-0.00230225342888921,1.42992999883991e-05,1.93178472617573e-05,1.61946017621169e-05,-0.00290817742197078,0.00766969444444454,1,0.978000000000065,0.792000000000371,0.185999999999694,2768.492,185.999999999694,1,0,1,0,paced,0.904335173749183,66.3470820793718,0.205675954445715,223954.88442521,223954.88442521
1388535,1388535,NaN,14,33.7668746985985,148.571460375223,1388831,18.3534276250527,1392022,6.97399999999971,122.511309213398,-124.977136324148,1390914,564,paced,NA,NA,NaN,8.60338399770613,0.164244925361698,0.18432599717398,1,0,1388535,1390661,1389239,1391318,1388831,1390914,2.5725624708481,-1.79176633473664,0.592,0.506,2296.40909230019,1284.35178605099,1.408,1.314,1389240,1391319,2.842,1.406,140193.828766814,74367.6062554978,-0.0728891878794879,-0.015208509319116,-0.0112666981167019,4.59940256854287e-05,1.95151900457044e-05,3.52264427485485e-05,-0.00122444560570386,0.00908932718808431,1,0.95423430962355,0.799999999999727,0.154234309623823,2777.07,154.234309623823,1,0,1,0,paced,0.894079357445334,67.1081369907017,0.17250628631503,140193.828766814,140193.828766814
1392022,1392022,NaN,14,18.3534276250527,166.272967482419,1392336,3.69973712898208,1395091,6.13799999999992,155.246385105402,-46.6169894128542,1392870,565,paced,NA,NA,NaN,9.77517106549377,0.164649819992368,0.193135905568727,1,0,1392022,1392630,1392629,1394471,1392336,1392870,2.38948181315766,-0.718238572752951,0.628,0.48,1609.07280037946,1598.03990435441,1.214,3.682,NaN,1394472,NaN,1.238,97247.0738194711,95747.1034130781,-0.0625595058384866,-0.039737802424429,-0.00164750213836409,6.16817659372057e-05,3.82698862491269e-05,1.10432845098173e-05,-0.00679922890288581,0.00984952654583848,1,0.94399999999996,0.860477958236775,0.0835220417631848,2784.044,83.5220417631848,1,0,1,0,paced,0.91372559035266,65.6652288537114,0.0914082331118129,97247.0738194711,97247.0738194711
1395091,1395091,NaN,14,3.69973712898208,112.985199435867,1395493,19.5021655153579,1398575,6.9680000000003,101.384248113697,-100.424313522747,1397187,566,paced,NA,NA,NaN,8.61079219288137,0.118459378116226,0.170978067121409,2,0,1395091,1396138,1396137,1397784,1395493,1397187,1.9075880148329,-1.89049709541136,0.804,2.098,2022.55633693442,2994.42967026366,2.092,3.292,NaN,1397785,NaN,1.58,109730.978938695,152515.856131705,-0.0361396395551549,-0.0162481228119465,-0.00245239186216243,3.61733149499104e-05,1.9052426265549e-05,1.8438859785718e-05,-0.00204524928103739,0.00752004115443539,1,0.94399999999996,0.793999999999869,0.150000000000091,2790.182,150.000000000091,1,0,0,0,paced,0.870490425024023,68.926662804297,0.172316657010847,109730.978938695,109730.978938695
1398575,1398575,NaN,14,19.5021655153579,178.74559622859,1398939,-0.257584328515363,1401795,6.44000000000005,169.123305635168,-71.5380040193569,1399393,567,paced,NA,NA,NaN,9.31677018633532,0.0475008335201523,0.16593106585951,1,0,1398575,1399200,1399199,1400700,1398939,1399393,3.1264726951188,-1.23128243942593,0.728,0.386,2217.36835645701,2083.12802765147,1.248,3,NaN,1400701,NaN,2.188,121432.152326992,117728.259711632,-0.0687939047789909,-0.0673086868661688,-0.00252483227250854,6.70595278982581e-05,7.60040816519809e-05,1.59524107204524e-05,-0.0118943596784727,0.0125106164081694,1,0.932341880341906,0.880000000000109,0.0523418803417965,2797.15,52.3418803417965,1,0,1,0,paced,0.901757122700673,66.5367630480212,0.0580443214964999,121432.152326992,121432.152326992
1401795,1401795,NaN,14,-0.257584328515363,127.378269010521,1402264,0.702538224593741,1405098,6.60599999999977,127.155792062482,-80.733288941923,1402915,568,paced,NA,NA,NaN,9.08265213442357,0.19075721374949,0.216093802714521,1,0,1401795,1402647,1402646,1404125,1402264,1402915,2.10298457761959,-1.48475030354107,0.938,0.536,1906.98607740787,2363.85621931594,1.702,2.956,NaN,1404126,NaN,1.944,105575.860541887,132108.004143249,-0.0330660459483084,-0.0383223170441219,-0.00261738965229663,3.21833483896835e-05,2.80453420829253e-05,1.19814388146648e-05,-0.00653256325802057,0.00769565857038579,1,0.989234215886158,0.833999999999833,0.155234215886325,2803.59,155.234215886325,1,0,1,0,paced,0.91092017992138,65.8674616311371,0.170414729312203,105575.860541887,105575.860541887
1405098,1405098,NaN,14,0.702538224593741,146.176293626227,1405615,2.22278145013878,1408286,6.3760000000002,144.713633788861,-94.8183677332846,1406073,569,paced,NA,NA,NaN,9.41028858218289,0.246335520158534,0.20735840638178,1,0,1405098,1405871,1405870,1407443,1405615,1406073,2.52798797757192,-1.65827884869025,1.034,0.404,2172.7612179109,2399.37301685806,1.544,3.144,NaN,1407444,NaN,1.684,117552.70788815,134596.100884506,-0.0354648607517031,-0.064515897395433,-0.00270632836250647,2.72339160018533e-05,7.04408889120194e-05,1.68294889768266e-05,-0.0113464474267017,0.00722779665692852,1,0.990000000000236,0.920000000000073,0.0700000000001637,2810.196,70.0000000001637,1,0,0,0,paced,0.954112827093881,62.885644439718,0.0733665851798426,117552.70788815,117552.70788815
1408286,1408286,NaN,14,2.22278145013878,133.339028591982,1408784,5.13044469772492,1411669,6.76600000000008,129.66241551805,-83.5188660119833,1409302,570,paced,NA,NA,NaN,8.86786875554232,0.267996498646524,0.179231382750548,1,0,1408286,1409095,1409094,1411227,1408784,1409302,2.23988139671788,-1.33730372730195,0.996,0.414,2111.77288875938,2414.19430568835,1.616,4.264,NaN,1411228,NaN,0.882,120983.404668955,144268.54779954,-0.0327188442483458,-0.048417600945038,-0.00176212978508092,2.96447346123198e-05,4.66889541178801e-05,1.03940892048201e-05,-0.00860950177872455,0.00756157328872442,1,1.03800000000001,0.853999999999814,0.184000000000196,2816.572,184.000000000196,1,0,0,0,paced,0.954243609054992,62.8770257727157,0.192822879036534,120983.404668955,120983.404668955
1411669,1411669,NaN,14,5.13044469772492,93.6812099517318,1412029,2.38670511545588,1413441,3.54399999999987,89.9226350451414,-77.9060875380207,1412618,571,paced,NA,NA,NaN,16.9300225733641,0.300696392776624,0.158310693810977,2,0,1411669,1412388,1412387,1413440,1412029,1412618,1.63376967134717,-1.4252766754455,0.72,0.46,1416.60235617839,1644.02264056214,1.436,2.104,NaN,NaN,NaN,NaN,82462.1001628975,100074.772555586,-0.0347450500270872,-0.0376376364972851,-0.00350641512160233,4.0302390933875e-05,4.31998559361779e-05,2.22277691101965e-05,-0.00641336539909814,0.00742146758558115,1,1.02637764932558,0.947999999999865,0.0783776493257107,2823.338,78.3776493257107,1,0,0,0,paced,0.985048430216194,60.9107107422439,0.0795673054455898,82462.1001628975,82462.1001628975
1413441,1413441,NaN,14,2.38670511545588,137.543354864888,1413829,-9.08633267769483,1415407,3.93199999999979,140.893168646008,-76.078041246915,1414251,572,paced,NA,NA,NaN,15.259409969482,0.345204933674908,0.167246490260931,1,0,1413441,1414077,1414076,1414613,1413829,1414251,2.41114924815733,-1.46839220921119,0.776,0.348,1745.52073575444,1097.12855960902,1.27,1.072,NaN,1414614,NaN,1.586,97222.3029007372,63717.5980085432,-0.0469741669654049,-0.0654615992606696,-0.0124459120059162,4.73160721481955e-05,7.32136484501429e-05,3.57375069171084e-05,-0.0113791547545447,0.00940574515565373,1,1.0359999999996,0.955459915611764,0.0805400843878399,2826.882,80.5400843878399,1,0,0,0,paced,1.00097097778014,59.9417978461896,0.0804619576148491,97222.3029007372,97222.3029007372
1415407,1415407,NaN,14,-9.08633267769483,141.413345586666,1415759,0.570995769944966,1419359,7.904,145.671014040541,-98.0649347633339,1416426,573,paced,NA,NA,NaN,7.59109311740891,0.360343588819156,0.233115476884663,1,0,1415407,1416168,1416167,1417617,1415759,1416426,2.73349118046497,-2.01583659545186,0.704,0.516,2573.35334157787,2747.06536173735,1.52,2.898,NaN,1417618,NaN,3.482,138912.825327146,138439.040520481,-0.0582674583649918,-0.0495086759852715,-0.0021950851510374,5.08319262000531e-05,4.36316601829339e-05,1.57567320690185e-05,-0.00853740170044338,0.0113400671637965,1,1,0.896000000000186,0.103999999999814,2830.814,103.999999999814,1,0,0,0,paced,0.961332316395149,62.4133808639565,0.108183193497332,138912.825327146,138912.825327146
1419359,1419359,NaN,14,0.570995769944966,115.483745476245,1419914,4.61574599086714,1423633,8.54800000000023,112.890374595839,-78.6041276556458,1420719,574,paced,NA,NA,NaN,7.01918577444998,0.396333773288071,0.253044254730241,2,0,1419359,1420424,1420423,1422847,1419914,1420719,2.07006158968965,-1.56530582965239,1.11,0.59,2358.12152614925,3201.4976034585,2.128,4.846,NaN,1422848,NaN,1.57,120414.562984267,158856.004432232,-0.0272107595453378,-0.0312488151846266,-0.00204416837284621,2.21065083810965e-05,2.27549608196325e-05,1.0447957986156e-05,-0.00525283734767471,0.00624342699957814,1,0.993999999999687,0.802000000000135,0.191999999999553,2838.718,191.999999999553,1,0,0,0,paced,0.92779907456377,64.6691742263384,0.206941357523801,120414.562984267,120414.562984267
1423633,1423633,NaN,14,4.61574599086714,107.699556693902,1424198,-13.8046938390959,1425676,4.08599999999979,112.294030618016,-47.6584274479098,1425037,575,paced,NA,NA,NaN,14.6842878120419,0.371924816761375,0.25097967207639,1,0,1423633,1424564,1424563,1425675,1424198,1425037,2.37450260179404,-1.09505372812241,1.13,0.946,2428.36330443857,1596.91774004336,1.86,2.222,NaN,NaN,NaN,NaN,108018.561666348,67786.6710459943,-0.0309725984942771,-0.0284140545924024,-0.00292342699138079,2.43033475049986e-05,2.6265219713638e-05,1.38470422661723e-05,-0.00454424804616519,0.00679554058392751,1,0.985999999999876,0.815999999999804,0.170000000000073,2847.266,170.000000000073,1,0,0,0,paced,0.879759120655399,68.2004864641829,0.193234711648601,108018.561666348,108018.561666348
1425676,1425676,NaN,14,-13.8046938390959,73.0898502039176,1425926,15.5442176881512,1428141,4.93000000000029,72.2200882793899,-84.7601042974556,1426596,576,paced,NA,NA,NaN,12.1703853955368,0.343946227363882,0.271385093229256,1,0,1425676,1426095,1426094,1427395,1425926,1426596,1.36728131787921,-1.58139158678186,0.5,1.002,606.054575215807,2183.65966625673,0.836,2.6,NaN,1427396,NaN,1.49,33964.2708450883,106645.49688751,-0.0487083194743423,-0.0319334886446064,-0.00324123028046061,4.85262119976602e-05,3.83962747677645e-05,1.93561922580412e-05,-0.00444892942985204,0.00820370969121764,1,1.01400000000012,0.845618138424978,0.168381861575145,2851.352,168.381861575145,1,0,0,0,paced,0.96405506904971,62.2371085700979,0.174660003334792,33964.2708450883,33964.2708450883
1428141,1428141,NaN,15,15.5442176881512,160.694846865224,1428513,2.38925443018853,1432398,8.51399999999967,151.728110806055,-59.4765154140788,1429328,577,paced,NA,NA,NaN,7.0472163495422,0.056460351009487,0.239739003822165,2,0,1428141,1428963,1428962,1431705,1428513,1429328,3.48697677703869,-1.37417485846457,0.744,0.73,3016.09193155938,3194.01985026984,1.642,5.484,NaN,1431706,NaN,1.384,127334.606867469,139360.607659039,-0.0754030055893717,-0.0404239614009964,-0.00169264584681022,6.97900051403468e-05,2.99787460230726e-05,9.24209202463796e-06,-0.00664557265507212,0.0132744442405794,1,1.02600000000029,0.814000000000306,0.211999999999989,2856.282,211.999999999989,1,0,0,0,paced,0.934484173437953,64.2065448569995,0.226863125161386,127334.606867469,127334.606867469
1432398,1432398,NaN,15,2.38925443018853,106.308531692865,1432759,0.864699133115695,1436360,7.92399999999998,104.681554911213,-66.8509782004904,1433640,578,paced,NA,NA,NaN,7.57193336698639,0.0493500960449985,0.207435488527646,2,0,1432398,1433316,1433315,1434934,1432759,1433640,2.46517482506662,-1.58196796993779,0.722,0.648,2310.79326523648,2802.17263156871,1.834,3.236,NaN,1434935,NaN,2.85,96272.0429482198,122627.279909954,-0.0515886226146755,-0.0317675025894487,-0.0028861177926563,6.35993151512275e-05,2.54015734441057e-05,1.1253938401363e-05,-0.00500238972322613,0.0117382449334675,1,1.03400000000011,0.871999999999844,0.162000000000262,2864.796,162.000000000262,1,0,0,0,paced,0.969606945193699,61.8807448702977,0.167078011150074,96272.0429482198,96272.0429482198
1436360,1436360,NaN,15,0.864699133115695,100.181210434003,1436770,0.368942123850147,1440683,8.64600000000019,99.5643898055203,-72.3571857197067,1437522,579,paced,NA,NA,NaN,6.9396252602358,0.0447435135737097,0.247227043869497,2,0,1436360,1437282,1437281,1438734,1436770,1437522,2.2897948104858,-1.71772358566782,0.82,0.48,2401.6532414223,2822.05262130757,1.842,2.904,NaN,1438735,NaN,3.896,99938.2023333187,117819.507521792,-0.0419371654924127,-0.0372556913539507,-0.00330459715982309,4.81498036903386e-05,3.19610620683316e-05,1.85851071649674e-05,-0.00588468765643631,0.0101434220307337,1,0.998255319149079,0.869999999999891,0.128255319149188,2872.72,128.255319149188,1,0,0,0,paced,0.951880031954829,63.033153323724,0.134738953275232,99938.2023333187,99938.2023333187
1440683,1440683,NaN,15,0.368942123850147,158.640818076337,1441313,-0.427125949570188,1445230,9.09400000000005,158.669909989197,-98.8142334018834,1441826,580,paced,NA,NA,NaN,6.59775676270064,0.0416933340627702,0.226147253966347,1,0,1440683,1441620,1441619,1443642,1441313,1441826,3.50184503608225,-2.32516003780885,1.26,0.412,3046.95365974257,3439.10983061324,1.872,4.044,NaN,1443643,NaN,3.174,131814.687605652,147408.527666346,-0.0414379161350963,-0.0796090207706825,-0.00262685817309001,4.59453568850358e-05,7.20400689228863e-05,1.72561179537219e-05,-0.0134102064061512,0.0116404362507414,1,1.00399999999991,0.83199999999988,0.172000000000025,2881.366,172.000000000025,1,0,1,0,paced,0.923967355369774,64.9373591515989,0.186153762901278,131814.687605652,131814.687605652
1445230,1445230,NaN,15,-0.427125949570188,138.905763434315,1445750,-0.209415675744428,1449448,8.43600000000015,139.224034246972,-76.4203823649125,1446258,581,paced,NA,NA,NaN,7.11237553342804,0.0437286506739083,0.213151291898025,1,0,1445230,1446047,1446046,1447820,1445750,1446258,3.09981521585457,-1.88602800539525,1.04,0.422,2584.81587599283,2755.18952424334,1.632,3.546,NaN,1447821,NaN,3.254,104794.176873811,118174.703006279,-0.0442393267417815,-0.0685373444354585,-0.00287858497471865,4.1123830540262e-05,5.99540033846358e-05,1.77607857475611e-05,-0.0117895276437018,0.010608393042935,1,0.986788844621433,0.896000000000186,0.0907888446212473,2890.46,90.7888446212473,1,0,1,0,paced,0.91934437522419,65.2639006850599,0.0987539023112069,104794.176873811,104794.176873811
1449448,1449448,NaN,15,-0.209415675744428,84.2288100576071,1449855,-2.58156297011099,1453641,8.38599999999997,85.6242993805348,-76.1563222995575,1450494,582,paced,NA,NA,NaN,7.15478177915576,0.0310997288710262,0.254211791319758,2,0,1449448,1450274,1450273,1451503,1449855,1450494,2.03144837427223,-1.89860553556707,0.814,0.44,2016.87410146707,2414.04394874056,1.65,2.458,NaN,1451504,NaN,4.274,84244.8936759641,100319.518167224,-0.0373493668088821,-0.0441579747410919,-0.00364840186617827,4.09777174602624e-05,4.6275867864832e-05,2.0160307375397e-05,-0.00728612478645519,0.00851635564936537,1,0.988000000000284,0.868000000000393,0.119999999999891,2898.896,119.999999999891,1,0,0,0,paced,0.927375204956638,64.6987321628957,0.129397464325674,84244.8936759641,84244.8936759641
1453641,1453641,NaN,15,-2.58156297011099,119.741295826435,1454145,-1.30560054434578,1457804,8.32600000000002,121.684877583663,-91.3777914509693,1454713,583,paced,NA,NA,NaN,7.2063415805909,0.0390069763892928,0.273159261614074,2,0,1453641,1454475,1454474,1456423,1454145,1454713,3.08451508642005,-2.25613541846735,1.008,0.476,3211.63868031899,3504.1919849331,1.666,3.896,NaN,1456424,NaN,2.76,131473.870084498,145537.231062176,-0.04667252001549,-0.0655057326886431,-0.00254422053687,5.63602133870654e-05,5.69372880766166e-05,1.78636122607463e-05,-0.0114755437374649,0.012843365040391,1,1.01999999999998,0.850000000000364,0.169999999999618,2907.282,169.999999999618,1,0,0,0,paced,0.954050271183242,62.8897677745913,0.178187675360942,131473.870084498,131473.870084498
1457804,1457804,NaN,15,-1.30560054434578,110.022325277678,1458426,0.85874349619269,1462195,8.7819999999997,110.245753801754,-80.0188462586601,1459037,584,paced,NA,NA,NaN,6.83215668412686,0.0352164040797051,0.284554616760077,1,0,1457804,1458795,1458794,1460282,1458426,1459037,2.2589585647112,-1.78997386119967,1.244,0.484,2293.27461133081,2852.23451425261,1.98,2.974,NaN,1460283,NaN,3.824,105173.828615915,132461.966684306,-0.0263744318390746,-0.0462818159659447,-0.00327280667013317,2.17848685372763e-05,3.90422162424485e-05,1.74590047137323e-05,-0.00764326445814861,0.00599798545357699,1,1.00599999999986,0.871999999999844,0.134000000000015,2915.608,134.000000000015,1,0,1,0,paced,0.932237490132965,64.3612820070583,0.143740196482446,105173.828615915,105173.828615915
1462195,1462195,NaN,15,0.85874349619269,175.94749038034,1462913,0.103021775939732,1466470,8.55000000000018,175.466607744274,-97.2058797914875,1463317,585,paced,NA,NA,NaN,7.01754385964897,0.0523198976119498,0.290511425208793,1,0,1462195,1463124,1463123,1464359,1462913,1463317,3.67642713390397,-2.22284363503048,1.436,0.386,3047.83336860846,3168.9364186161,1.856,2.47,NaN,1464360,NaN,4.22,136932.398033309,140562.448458772,-0.0386414586088995,-0.104277232826031,-0.00371327182079822,4.51192663158347e-05,0.000129693045519954,2.97940268503305e-05,-0.0179067276530823,0.0118225129496645,1,1.02199999999993,0.822000000000116,0.199999999999818,2924.39,199.999999999818,1,0,1,0,paced,0.944104270179792,63.5523023199268,0.211841007732897,136932.398033309,136932.398033309
1466470,1466470,NaN,15,0.103021775939732,97.2378030775548,1467132,19.0110885808914,1471043,9.14599999999973,87.6807478991393,-50.1223928565271,1468002,586,paced,NA,NA,NaN,6.56024491581038,0.0695608503764558,0.25412044750917,2,0,1466470,1467660,1467659,1471042,1467132,1468002,2.36821246895252,-1.29986229179919,1.324,0.684,2938.25841859744,4334.23382260414,2.378,6.764,NaN,NaN,NaN,NaN,122890.162904978,193438.05877547,-0.0264184828757156,-0.0297923681613016,-0.00203874143006717,2.74061414325866e-05,3.20146356496423e-05,9.8302439636796e-06,-0.00438656805692336,0.00799136569032888,0,0.988000000000284,0.814000000000306,0.173999999999978,2932.94,173.999999999978,0,0,0,0,paced,0.920644727555437,65.171719561482,0.188997986728274,122890.162904978,122890.162904978
1471043,1471043,NaN,15,19.0110885808914,102.456262262207,1471474,4.79223694715602,1475493,8.90000000000009,90.5545994981835,-50.4339131226388,1472149,587,paced,NA,NA,NaN,6.7415730337078,0.104547841138741,0.252300734944096,2,0,1471043,1471921,1471920,1472507,1471474,1472149,2.62374104285376,-1.21776318217684,0.862,0.456,2629.91005600335,1037.7496108692,1.754,1.172,NaN,1472508,NaN,5.97,104666.021926656,42484.8561174746,-0.0509374146940228,-0.0393362833640911,-0.00952422643350126,3.9715481093552e-05,3.11632562805013e-05,2.13477955912656e-05,-0.00664989352476754,0.00865164045657973,1,0.942000000000007,0.814000000000306,0.127999999999702,2942.086,127.999999999702,1,0,0,0,paced,0.893577046954828,67.1458607900356,0.143244503018409,104666.021926656,104666.021926656
1475493,1475493,NaN,15,4.79223694715602,148.182484320742,1475793,-1.96490082662014,1479383,7.7800000000002,146.768816260474,-84.9274850491052,1476317,588,paced,NA,NA,NaN,7.7120822622106,0.110734007088455,0.240978126382767,1,0,1475493,1476122,1476121,1477872,1475793,1476317,3.3158037027381,-1.84778157853202,0.6,0.39,2661.00238793378,2747.69610220358,1.256,3.5,NaN,1477873,NaN,3.02,115872.777788029,129295.540185394,-0.0835241787593291,-0.0689023289464167,-0.00256223739489369,6.51368436604343e-05,7.07883871010678e-05,1.77902757772087e-05,-0.0120665371565786,0.0134227529353916,1,0.972000000000207,0.865999999999985,0.106000000000222,2950.986,106.000000000222,1,0,1,0,paced,0.923445142251188,64.9740815721128,0.114787544110973,115872.777788029,115872.777788029
1479383,1479383,NaN,15,-1.96490082662014,136.529296368415,1479911,-0.377110448772268,1483162,7.55799999999999,137.700302006111,-78.8332578956757,1480445,589,paced,NA,NA,NaN,7.93860809738027,0.111978470018497,0.19895991991806,1,0,1479383,1480202,1480201,1481665,1479911,1480445,2.81176707263904,-1.74572984901235,1.056,0.486,2343.6573713877,2894.06173466165,1.636,2.926,NaN,1481666,NaN,2.992,111023.462202506,134430.1275633,-0.0393050204561775,-0.0589856253830691,-0.00300742338003097,3.30414828755994e-05,4.97634612309237e-05,1.64984609871936e-05,-0.0101861973197552,0.00887085703308355,1,1.07200000000012,0.83600000000024,0.235999999999876,2958.766,235.999999999876,1,0,1,0,paced,0.956244280359665,62.7454733401727,0.24679886180455,111023.462202506,111023.462202506
1483162,1483162,NaN,15,-0.377110448772268,127.390827795973,1483862,-0.993847359496264,1488313,10.3020000000001,128.076306700107,-109.94406455471,1484454,590,paced,NA,NA,NaN,5.82411182294692,0.112529714311541,0.156470460619918,2,0,1483162,1484244,1484243,1486092,1483862,1484454,2.55451044736825,-2.422673421673,1.4,0.42,3316.81713977982,3839.81148386666,2.162,3.696,NaN,1486093,NaN,4.44,155772.027017143,177817.299809376,-0.0276055095626302,-0.0599161662197111,-0.00319260952724253,3.17664334413055e-05,5.93236830927449e-05,1.7886852771519e-05,-0.00968811649552027,0.0073343626672554,1,1.07000000000016,0.840000000000146,0.230000000000018,2966.324,230.000000000018,1,0,0,0,paced,0.986049892399431,60.8488479766449,0.233253917243824,155772.027017143,155772.027017143
1488313,1488313,NaN,15,-0.993847359496264,136.153125199618,1488735,-1.03141949321393,1492298,7.9699999999998,137.165758625973,-78.0718892821534,1489296,591,paced,NA,NA,NaN,7.52823086574674,0.130289166108419,0.153838048841846,1,0,1488313,1489084,1489083,1491250,1488735,1489296,2.86274617548815,-1.64452266042683,0.844,0.424,2278.80834371652,2594.62151766264,1.54,4.332,NaN,1491251,NaN,2.094,104408.941325861,119434.377518609,-0.0509953995797762,-0.0561612635297152,-0.00205045986138416,5.77202707869065e-05,4.62964301424498e-05,1.2393226618357e-05,-0.00940942065080571,0.0124506071735795,1,0.992831999999961,0.892847006651797,0.0999849933481636,2976.626,99.9849933481636,1,0,1,0,paced,0.928334613009082,64.6318678192095,0.107703614566384,104408.941325861,104408.941325861
1492298,1492298,NaN,15,-1.03141949321393,144.668747027537,1492745,5.55423807328444,1496864,9.13200000000006,142.407337737502,-69.9744921705857,1493739,592,paced,NA,NA,NaN,6.57030223390271,0.225221941107337,0.243530560065766,2,0,1492298,1493419,1493418,1496231,1492745,1493739,3.27660525466673,-1.65110229683669,0.894,0.64,3022.53439656269,4133.20200878957,2.24,5.624,NaN,1496232,NaN,1.264,122049.927879144,182038.702647285,-0.0549851308768233,-0.0348750047158185,-0.00229605238627771,5.68678325627291e-05,3.64352656297496e-05,1.16219645496171e-05,-0.00474767324234802,0.0130253862189398,1,1.08600000000024,0.7800000000002,0.30600000000004,2984.596,306.00000000004,1,0,0,0,paced,0.939435073883598,63.8681710615314,0.325727672413853,122049.927879144,122049.927879144
1496864,1496864,NaN,15,5.55423807328444,119.831943274789,1497298,10.3143865711123,1500972,8.21599999999989,111.897630952591,-42.9266813698051,1498032,593,paced,NA,NA,NaN,7.30282375852005,0.218230787176359,0.527351470888806,2,0,1496864,1497684,1497683,1500971,1497298,1498032,2.84850006576132,-1.16965220272106,0.868,0.696,2726.57563391144,3395.25846518715,1.638,6.574,NaN,NaN,NaN,NaN,111034.457353802,146732.114808997,-0.0494969914255452,-0.0374389158919065,-0.00127610634887737,4.67413585687329e-05,3.02662567442456e-05,7.99750960132475e-06,-0.00685444218830101,0.0104581165221003,1,1.03264216634443,0.869999999999891,0.162642166344541,2993.728,162.642166344541,1,0,0,0,paced,0.930512369491345,64.4806044145317,0.17478775315308,111034.457353802,111034.457353802
1500972,1500972,NaN,15,10.3143865711123,94.7619267078677,1501300,-3.93133542098335,1506046,10.1480000000001,91.5704011328033,-77.5164929276968,1503052,594,paced,NA,NA,NaN,5.91249507292069,0.222082871524448,0.569275426423712,3,0,1500972,1501950,1501949,1503819,1501300,1503052,1.3063789600349,-0.748691363238706,0.656,2.204,1476.35019953443,1589.90448553926,1.954,3.738,NaN,1503820,NaN,4.452,106395.139526032,138900.926319108,-0.032147511407833,-0.00851804099538836,-0.00140650866298426,3.10777124054904e-05,1.1039197886819e-05,8.67174381972528e-06,-0.00122817998638787,0.00528492095833466,0,0.998000000000047,0.777999999999793,0.220000000000255,3001.944,220.000000000255,0,0,0,0,paced,0.917245740775434,65.4132227959722,0.239848483585509,106395.139526032,106395.139526032
1506046,1506046,NaN,15,-3.93133542098335,157.679786110974,1506323,186.345275954032,1508449,4.80600000000004,66.47281584445,-140.04704308852,1506943,595,paced,NA,NA,NaN,12.4843945068663,0.24711878397603,0.633417154771438,4,0,1506046,1506683,1506682,1508448,1506323,1506943,1.73135772164635,-1.65852179416392,0.554,0.52,1376.32199937229,3406.28573985311,1.272,3.53,NaN,NaN,NaN,NaN,127474.361767855,310744.034918954,-0.0455330065679781,-0.0388443723679329,-0.0128309665181626,4.16779079619791e-05,3.58145538077751e-05,3.54208659709618e-05,-0.00655050040185339,0.0118962472573105,1,0.880879828326077,0.771999999999935,0.108879828326143,3012.092,108.879828326143,1,0,0,0,paced,0.803002022749301,74.7196125292105,0.135590976412939,127474.361767855,127474.361767855
1508449,1508449,NaN,15,186.345275954032,388.988751960927,1508809,5.75004820539466,1512693,8.48799999999983,292.941089881214,-288.575902203214,1509147,596,paced,NA,NA,NaN,7.06880301602276,0.283196805761725,0.733134510496868,1,0,1508449,1508993,1508992,1510414,1508809,1509147,4.26856413306652,-3.2208694707577,0.72,0.308,3254.58284998995,4427.19050267942,1.086,2.842,NaN,1510415,NaN,4.556,310563.726391922,406498.905757018,-0.119814419124358,-0.16072267409018,-0.00571210031400669,5.23520050448607e-05,0.000193568956372096,3.40396678954176e-05,-0.0268837953872797,0.00891788506211189,1,1.11200000000008,0.773999999999887,0.338000000000193,3016.898,338.000000000193,1,0,0,0,paced,0.991394539529266,60.5208094332345,0.340933893140749,310563.726391922,310563.726391922
1512693,1512693,NaN,16,5.75004820539466,123.294175970127,1513321,13.8382169268407,1517916,10.4459999999999,113.500043404009,-43.7414684421805,1515481,597,paced,NA,NA,NaN,5.74382538770826,0.0414594557693846,0.28601847764683,3,0,1512693,1513749,1513748,1517009,1513321,1515481,1.23982242723188,-0.572837741655775,1.256,3.464,1221.15335354094,2005.75599621852,2.11,6.52,NaN,1517010,NaN,1.812,109464.618927504,154126.595691555,-0.0149850133347511,-0.0061609731454701,-0.00157354913723515,1.56908204615822e-05,9.90725482243431e-06,5.97427474811814e-06,-0.000482618260079284,0.00319568254050417,1,1.11399999999958,0.811999999999898,0.30199999999968,3025.386,301.99999999968,1,0,0,0,paced,0.983678626674737,60.9955308298465,0.307010838509902,109464.618927504,109464.618927504
1517916,1517916,NaN,16,13.8382169268407,98.2118395534643,1518271,3.03098665112574,1522731,9.63000000000011,89.777237764481,-73.2954301064871,1520581,598,paced,NA,NA,NaN,6.23052959501551,0.086346242418804,0.274030248297412,2,0,1517916,1518827,1518826,1521335,1518271,1520581,2.84327753717914,-1.83173541580918,0.71,3.508,2970.80978040173,3908.24385607638,1.82,5.016,NaN,1521336,NaN,2.79,103906.34442142,138541.333661213,-0.06445686543184,-0.0148053377660064,-0.00251131443809884,4.25119357786405e-05,1.84303958434627e-05,1.58593990855981e-05,-0.00121192350627166,0.0099280999104725,1,1.03444999999996,0.829999999999927,0.204450000000033,3035.832,204.450000000033,1,0,0,0,paced,0.952970967672518,62.9609946529017,0.214539589279797,103906.34442142,103906.34442142
1522731,1522731,NaN,16,3.03098665112574,91.1493414033112,1523248,1.30080285778646,1527670,9.87800000000016,88.9834466488551,-51.6130915650843,1524032,599,paced,NA,NA,NaN,6.07410406964963,0.10924095444979,0.247016869868265,2,0,1522731,1523764,1523763,1526597,1523248,1524032,2.42209461948111,-1.66004912152925,1.034,0.536,2831.57054487167,3447.89274017634,2.064,5.666,NaN,1526598,NaN,2.144,98631.602308387,113701.966957554,-0.0358906089013903,-0.0364736413585715,-0.00183845302659636,3.86443501188685e-05,3.52351049149333e-05,1.1238335548074e-05,-0.00580353080494233,0.00796162783875043,1,0.983999999999924,0.820000000000164,0.16399999999976,3045.462,163.99999999976,1,0,0,0,paced,0.930553303221244,64.4777680035108,0.176239232542672,98631.602308387,98631.602308387
1527670,1527670,NaN,16,1.30080285778646,53.929002854736,1528150,-0.472690366882834,1532905,10.4699999999998,53.5149466092842,-99.5377922855208,1529272,600,paced,NA,NA,NaN,5.73065902578807,0.0996574696113449,0.298283967012103,4,0,1527670,1528816,1528815,1530009,1528150,1529272,1.5432938111396,-2.54178810919667,0.96,0.912,2248.16069282949,3331.24499773536,2.29,2.386,NaN,1530010,NaN,5.79,85502.4987347764,128326.446684342,-0.0245568000870448,-0.0264910518653414,-0.00567365907536734,2.89010654527996e-05,3.09194085403826e-05,2.16561364897552e-05,-0.00433449651687769,0.00590627799033205,1,0.955999999999676,0.88799999999992,0.0679999999997563,3055.34,67.9999999997563,1,0,0,0,paced,0.924249101695242,64.9175637714433,0.0735732389407053,85502.4987347764,85502.4987347764
1532905,1532905,NaN,16,-0.472690366882834,117.035254356475,1533374,0.954953988684236,1537107,8.404,116.794122545574,-90.8611218396215,1533959,601,paced,NA,NA,NaN,7.13945740123751,0.113287801651577,0.303619123977085,1,0,1532905,1533740,1533739,1535727,1533374,1533959,3.24170616901061,-2.23761778941197,0.938,0.438,3084.0108151135,3505.64115078214,1.668,3.974,NaN,1535728,NaN,2.758,120581.310567221,135003.869612059,-0.0513871632042408,-0.0655302002996453,-0.00282313470899175,5.29511098984514e-05,6.30479280986771e-05,1.76216173050124e-05,-0.0113514908890552,0.0126712137706195,1,0.97400000000016,0.849999999999909,0.124000000000251,3065.81,124.000000000251,1,0,1,0,paced,0.928593581304671,64.6138431365207,0.133535275815747,120581.310567221,120581.310567221
1537107,1537107,NaN,16,0.954953988684236,90.080987048676,1537815,0.824369191352708,1542975,11.7359999999999,89.1913254586575,-72.1159753762335,1538578,602,paced,NA,NA,NaN,5.11247443762787,0.113366946449177,0.295804151479158,2,0,1537107,1538312,1538311,1540048,1537815,1538578,2.08213912710825,-1.86107953901901,1.416,0.532,2648.97145193267,3251.62972590799,2.408,3.472,NaN,1540049,NaN,5.852,100700.132933686,127507.295984187,-0.0221058937676007,-0.0370676061415359,-0.00356241484966929,2.83191820715793e-05,4.45489067252647e-05,1.88300575224638e-05,-0.00524639788462163,0.00612581352866393,1,1.05400000000009,0.868000000000393,0.185999999999694,3074.214,185.999999999694,1,0,0,0,paced,0.978493008113418,61.3187825589913,0.190088225932561,100700.132933686,100700.132933686
1542975,1542975,NaN,16,0.824369191352708,155.619808698879,1543401,12.8708578987009,1548086,10.2220000000002,148.772195153852,-52.9067404862484,1544047,603,paced,NA,NA,NaN,5.869692819409,0.115173667262589,0.291204492966972,2,0,1542975,1543826,1543825,1548085,1543401,1544047,3.50495820857763,-1.22170542701465,0.852,0.442,3003.67502915291,4580.51081073884,1.7,8.518,NaN,NaN,NaN,NaN,115046.893790614,179850.903123528,-0.061410259976836,-0.0501067449412912,-0.00186612130777641,6.97991567062934e-05,3.97200341997149e-05,1.28023334984862e-05,-0.0085705109014511,0.0152169196784189,0,1.10399999999981,0.859999999999673,0.244000000000142,3085.95,244.000000000142,0,0,0,0,paced,0.983611724100355,60.9996795787261,0.248065363620297,115046.893790614,115046.893790614
1548086,1548086,NaN,16,12.8708578987009,128.376502615195,1548612,-2.97861375669068,1552446,8.7199999999998,123.43038054419,-77.2100882305588,1549112,604,paced,NA,NA,NaN,6.88073394495429,0.114675045414269,0.203084859948032,1,0,1548086,1548876,1548875,1549777,1548612,1549112,2.99912940738618,-1.90050045044739,1.052,0.472,2713.51405844333,2148.30331575842,1.578,1.802,NaN,1549778,NaN,5.336,114842.284914476,93028.8843408963,-0.0442962561478009,-0.0691940177153915,-0.00533946937369775,2.89583622168507e-05,7.39405901026755e-05,2.92285329237362e-05,-0.0124646120085469,0.00780190558337734,1,1.03037571157489,0.898000000000138,0.132375711574748,3096.172,132.375711574748,1,0,1,0,paced,0.934319073716166,64.2178905342857,0.141681482588423,114842.284914476,114842.284914476
1552446,1552446,NaN,16,-2.97861375669068,97.6663372872493,1553323,-0.124776954937975,1557671,10.4500000000003,99.2180326430636,-84.6785874070088,1553918,605,paced,NA,NA,NaN,5.74162679425822,0.0879043644874893,0.232693699157502,2,0,1552446,1553651,1553650,1555293,1553323,1553918,2.28388861432402,-1.83328363502698,1.754,0.534,2652.61110871791,3554.97249727658,2.408,3.284,NaN,1555294,NaN,4.754,120572.295836744,159324.28745435,-0.0194127701567155,-0.0482435136912994,-0.00326100888770131,1.95553829257074e-05,4.21986487549155e-05,1.66912892507378e-05,-0.00858885680971953,0.00502068043809634,1,0.992000000000189,0.884000000000015,0.108000000000175,3104.892,108.000000000175,1,0,0,0,paced,0.956025285165521,62.7598463461266,0.112967723423211,120572.295836744,120572.295836744
1557671,1557671,NaN,16,-0.124776954937975,136.944088627586,1558528,4.05973602467614,1563035,10.7280000000001,134.976609092717,-73.6929429291739,1559377,606,paced,NA,NA,NaN,5.59284116331093,0.0633166222828184,0.219659549829039,1,0,1557671,1558888,1558887,1561989,1558528,1559377,3.15697253905772,-1.63796265053715,1.714,0.978,3458.24366634497,4364.78996287325,2.432,6.202,NaN,1561990,NaN,2.09,154545.469428425,192528.747834235,-0.028109124181388,-0.0391469062354881,-0.00176477227963618,3.53424938189324e-05,3.49024691545069e-05,1.17025757645402e-05,-0.00638281406545809,0.0101719977191097,1,1.00800000000027,0.819999999999709,0.188000000000557,3115.342,188.000000000557,1,0,1,0,paced,0.924887143958205,64.8727797677242,0.203268043272804,154545.469428425,154545.469428425
1563035,1563035,NaN,16,4.05973602467614,164.445654933459,1563461,6.86083098359053,1568089,10.1079999999997,158.985371429325,-40.8604451774055,1564525,607,paced,NA,NA,NaN,5.93589236248532,0.0644611497810234,0.230633563376272,1,0,1563035,1563907,1563906,1568088,1563461,1564525,3.5997896849178,-0.875249362369797,0.852,1.236,3044.72277035931,4320.48014865487,1.742,8.362,NaN,NaN,NaN,NaN,124208.417697851,175311.877061305,-0.0636721165680555,-0.0283744620461737,-0.00134704476493206,6.2437970436292e-05,2.55080909984235e-05,9.00170571165585e-06,-0.00437036723784695,0.0133767760268837,1,1.01400000000012,0.766000000000076,0.248000000000047,3126.07,248.000000000047,1,0,1,0,paced,0.902680808757673,66.4686779843872,0.27473720233552,124208.417697851,124208.417697851
1568089,1568089,NaN,16,6.86083098359053,101.731297046751,1568620,12.8647370225353,1573085,9.99200000000019,91.8685130436884,-44.4890539652349,1571130,608,paced,NA,NA,NaN,6.00480384307435,0.0362172851088965,0.38389891601708,2,0,1568089,1569131,1569130,1572237,1568620,1571130,2.48348390684472,-1.13651362285564,1.062,3.998,2954.87482860595,3545.57392328421,2.082,6.212,NaN,1572238,NaN,1.694,110370.272850008,136311.067461044,-0.0361760580857155,-0.010408040990948,-0.00152888467582943,3.30277421921234e-05,1.41673130785027e-05,9.86187576333872e-06,-0.000864859766307752,0.0068640400772042,1,1.01400000000012,0.776000000000295,0.237999999999829,3136.178,237.999999999829,1,0,0,0,paced,0.902335408977246,66.4941211472651,0.263760013883962,110370.272850008,110370.272850008
1573085,1573085,NaN,16,12.8647370225353,116.883859380099,1573569,27.051038064345,1578137,10.1039999999998,96.9259718366591,-79.2683282938071,1577462,609,paced,NA,NA,NaN,5.93824228028515,0.0335513718285826,0.357735929654888,2,0,1573085,1577127,1573928,1577782,1573569,1577462,2.76692567487056,-1.27428348403653,0.968,0.67,2769.48001275134,954.307947426582,1.686,1.31,1573929,1577783,6.396,0.708,114143.805053447,53743.2580912558,-0.0455129842193591,-0.00773795596943233,-0.0125662632837022,3.99823995904116e-05,1.18146613736635e-05,3.22625915860799e-05,-0.000227488995825837,0.00873326063387081,0,1.01799999999957,0.793999999999869,0.223999999999705,3146.17,223.999999999705,0,0,0,0,paced,0.903042733222392,66.4420384469489,0.248050276868283,114143.805053447,114143.805053447
1578137,1578137,NaN,16,27.051038064345,173.639007319484,1578483,4.98568009544189,1582986,9.69800000000032,157.620648239591,-105.533310997998,1579346,610,paced,NA,NA,NaN,6.18684264796845,0.0185498160965409,0.377147412419501,1,0,1578137,1578912,1578911,1579858,1578483,1579346,3.07333480477896,-1.83859913448357,0.692,0.868,2660.58911490332,2055.98907119092,1.548,1.892,NaN,1579859,NaN,6.254,137439.891542239,106560.175775447,-0.0742423124399363,-0.0387463431272198,-0.0026137716392117,6.80265530104171e-05,2.4805327765923e-05,1.9944675525182e-05,-0.00656116749620415,0.012092760734209,1,1.01999999999998,0.908000000000357,0.111999999999625,3156.274,111.999999999625,1,0,1,0,paced,0.977139270192517,61.403734176172,0.114620303795138,137439.891542239,137439.891542239
1582986,1582986,NaN,16,4.98568009544189,247.058957049856,1583339,-0.1884164276562,1587864,9.75599999999986,244.660325215963,-275.734288661803,1584206,611,paced,NA,NA,NaN,6.1500615006151,0.0211141205109031,0.381218499186734,1,0,1582986,1583719,1583718,1584503,1583339,1584206,3.84599217266293,-3.59037981196609,0.706,0.974,2618.47897983174,2861.87572665732,1.464,1.568,NaN,1584504,NaN,6.72,137820.734465812,152929.149697118,-0.0837258952007,-0.0602584220160871,-0.0108783229304477,0.000114945832732111,6.65664311601837e-05,8.69978897267257e-05,-0.00831001587888392,0.0205656397231699,1,0.997999999999593,0.880000000000109,0.117999999999483,3165.972,117.999999999483,1,0,1,0,paced,0.954728037536572,62.8451220043924,0.123595406608097,137820.734465812,137820.734465812
1587864,1587864,NaN,16,-0.1884164276562,125.35620538591,1588430,2.82904571962583,1592943,10.1579999999999,124.035890739926,-72.2953440213139,1589123,612,paced,NA,NA,NaN,5.90667454223278,0.0229231904880877,0.365288720370204,3,0,1587864,1588806,1588805,1590555,1588430,1589123,2.31472210100859,-1.36553003503187,1.132,0.634,2241.35942353075,2627.56827252188,1.882,3.498,NaN,1590556,NaN,4.774,113642.817171621,132934.210710423,-0.0296799051370312,-0.0363173013881685,-0.00230598806013219,2.19082517027948e-05,2.37235051146369e-05,1.75372657188119e-05,-0.00621105543509288,0.00629347990595597,0,0.985999999999876,0.869999999999891,0.115999999999985,3175.728,115.999999999985,0,0,0,0,paced,0.943810371133267,63.5720922709886,0.122906045057229,113642.817171621,113642.817171621
1592943,1592943,NaN,16,2.82904571962583,112.979087721063,1593515,1.40642860744682,1597990,10.0940000000001,110.861350557526,-89.4361500698269,1594229,613,paced,NA,NA,NaN,5.94412522290467,0.0234622829673518,0.342750948770506,2,0,1592943,1593910,1593909,1595617,1593515,1594229,1.92346122829077,-1.35460017178919,1.144,0.638,2242.86874006534,2528.39455011386,1.932,3.414,NaN,1595618,NaN,4.744,139429.659433046,155776.019171294,-0.0253613074657147,-0.031644548573503,-0.00225164489253988,2.89289040852298e-05,2.44687491525646e-05,1.62415925475109e-05,-0.00580859627227449,0.00723947208245102,0,0.981999999999971,0.832000000000335,0.149999999999636,3185.886,149.999999999636,0,0,0,0,paced,0.919199152701833,65.2742116043514,0.163185529010483,139429.659433046,139429.659433046
1597990,1597990,NaN,16,1.40642860744682,138.896584262432,1598381,2.04713228748158,1602826,9.67200000000003,137.169803814968,-213.699895555126,1599850,614,paced,NA,NA,NaN,6.20347394540941,0.0243693211586969,0.397373265442399,4,0,1597990,1599642,1599641,1600842,1598381,1599850,1.83236276962254,-2.84797909992552,0.782,0.416,3642.48395222608,3733.16330834037,3.302,2.4,NaN,1600843,NaN,3.966,275247.459520199,304809.525875124,-0.0350055853705183,-0.024353933765612,-0.00438625649134554,4.17985308421501e-05,3.65426734732124e-05,2.71400706329095e-05,-0.00174011055564752,0.00834831874601016,1,0.907999999999902,0.761999999999716,0.146000000000186,3195.98,146.000000000186,1,0,0,0,paced,0.828713049131466,72.4014181541887,0.176176784175416,275247.459520199,275247.459520199
1602826,1602826,NaN,17,2.04713228748158,249.026111046498,1603129,13.6887682834907,1604895,4.13799999999992,241.158160761012,-92.3926506706917,1604021,615,paced,NA,NA,NaN,14.4997583373613,0.0241842499917559,0.0571156703293283,2,0,1602826,1603386,1603385,1604506,1603129,1604021,2.61651987463174,-1.04754830549442,0.606,1.27,1539.17902471333,1623.33239311043,1.118,2.24,NaN,1604507,NaN,0.776,124318.504673338,132579.435023113,-0.0652498780773945,-0.0292990473814544,-0.00302591206228382,8.9326065486652e-05,3.67457342382472e-05,1.98686473073318e-05,-0.00366406250085326,0.0137941105433703,1,0.898000000000138,0.788000000000011,0.110000000000127,3205.652,110.000000000127,1,0,0,0,paced,0.837572132064106,71.635621223615,0.131331972243446,124318.504673338,124318.504673338
1604895,1604895,NaN,17,13.6887682834907,244.399841124568,1605213,0.859303975751194,1606867,3.94399999999996,237.125804994947,-227.63417437796,1605614,616,paced,NA,NA,NaN,15.2129817444221,0.0318942743998933,0.163679402238565,1,0,1604895,1605421,1605420,1605977,1605213,1605614,2.55915230381873,-2.30441990820691,0.636,0.386,1513.58493872722,1451.20336163649,1.05,1.112,NaN,1605978,NaN,1.778,136804.148659873,133458.856180412,-0.0621769656298393,-0.0877291491090515,-0.00974050371676244,7.51007582468902e-05,9.42654327913951e-05,6.06935454977577e-05,-0.0148109585426701,0.0121912484038575,1,0.928306695464238,0.876000000000204,0.0523066954640341,3209.79,52.3066954640341,1,0,1,0,paced,0.906705123329648,66.1736638033598,0.057688761338362,136804.148659873,136804.148659873
1606867,1606867,NaN,17,0.859303975751194,228.452214238667,1607240,6.1047797601106,1608851,3.9680000000003,224.970172370736,-105.488358452184,1607665,617,paced,NA,NA,NaN,15.1209677419343,0.0453649660776634,0.148010312887969,1,0,1606867,1607473,1607472,1608384,1607240,1607665,2.30330144396915,-1.33672612264707,0.746,0.384,1436.03716153381,1450.43860764004,1.21,1.822,NaN,1608385,NaN,0.932,124933.705065185,122285.063752051,-0.0473211750167081,-0.0604671557973489,-0.00312840187101253,6.27455237208253e-05,6.22759914701458e-05,1.90612829845892e-05,-0.010404222330126,0.0119310380385229,1,0.967999999999847,0.928306695464238,0.0396933045356094,3213.734,39.6933045356094,1,0,1,0,paced,0.950004130665208,63.1576201231747,0.0417822441548917,124933.705065185,124933.705065185
1608851,1608851,NaN,17,6.1047797601106,215.167620422512,1609166,-0.149050091674397,1610816,3.92999999999984,212.189755588294,-106.154739087667,1609549,618,paced,NA,NA,NaN,15.2671755725197,0.0514263418024597,0.142832095412576,1,0,1608851,1609369,1609368,1609978,1609166,1609549,2.25792212844059,-1.27621843183207,0.63,0.36,1245.52270673111,982.38017888448,1.034,1.218,NaN,1609979,NaN,1.674,109969.548879867,85568.7265225261,-0.0542627942220513,-0.0650513172523166,-0.00647487298505768,7.39701659521357e-05,7.44036076627161e-05,2.93521351668707e-05,-0.0110002916425658,0.0117388576416582,1,0.994000000000142,0.93398312236294,0.0600168776372021,3217.702,60.0168776372021,1,0,1,0,paced,0.96598089784781,62.1130294953855,0.0621305015150079,109969.548879867,109969.548879867
1610816,1610816,NaN,17,-0.149050091674397,157.649914827527,1611204,5.99437339532299,1612923,4.21399999999994,154.727253175703,-86.66549399217,1611706,619,paced,NA,NA,NaN,14.2382534409114,0.058747666258891,0.161337318771292,1,0,1610816,1611511,1611510,1612922,1611204,1611706,1.88670660871675,-1.05396934895525,0.776,0.39,1444.53276975278,1626.00026914873,1.388,2.822,NaN,NaN,NaN,NaN,120978.277457058,144457.646051457,-0.0365033139876262,-0.0411352418414392,-0.00186865315167184,3.91810392307407e-05,4.11865151013729e-05,1.19360478881459e-05,-0.00721477972086234,0.00777870693022598,1,0.93398312236294,0.874000000000251,0.0599831223626888,3221.632,59.9831223626888,1,0,1,0,paced,0.892075097874189,67.258911433555,0.0672399919083363,120978.277457058,120978.277457058
1612923,1612923,NaN,17,5.99437339532299,237.891263890054,1613261,7.56968683266996,1614772,3.69799999999987,231.109233776058,-119.751368539838,1613601,620,paced,NA,NA,NaN,16.2249864791785,0.0624204292059637,0.159008027655142,1,0,1612923,1613435,1613434,1614200,1613261,1613601,2.46090810639258,-1.50492805516119,0.676,0.332,1282.05500238721,1254.57850850546,1.022,1.53,NaN,1614201,NaN,1.142,113492.622120779,110780.089742881,-0.0563640558458052,-0.0836539125663288,-0.00409722159122497,7.00372597937608e-05,0.000108296960003765,2.97675381534459e-05,-0.01405664854489,0.0119114373816993,1,0.950000000000273,0.902053333333233,0.0479466666670399,3225.846,47.9466666670399,1,0,1,0,paced,0.927063578349587,64.720480235903,0.0517188548733598,113492.622120779,113492.622120779
1614772,1614772,NaN,17,7.56968683266996,253.398508989539,1615097,2.62706594328377,1616929,4.31400000000031,248.300132601562,-228.485195137014,1615526,621,paced,NA,NA,NaN,13.9082058414455,0.0647041084368075,0.190959938088246,1,0,1614772,1615328,1615327,1615844,1615097,1615526,2.47440588349251,-2.29132539642456,0.65,0.396,1516.65257965374,1392.6057781287,1.11,1.032,NaN,1615845,NaN,2.168,135907.158778247,123682.995412567,-0.058129940153425,-0.079885115752336,-0.0117700763126222,7.13958118015664e-05,8.49906599119951e-05,6.77926161076903e-05,-0.0135528883043836,0.0118658560411335,1,0.942000000000007,0.885999999999967,0.05600000000004,3229.544,56.00000000004,1,0,1,0,paced,0.906453526200107,66.1920311033734,0.0617792290298593,135907.158778247,135907.158778247
1616929,1616929,NaN,17,2.62706594328377,181.078164384275,1617316,6.66006527358161,1618780,3.70199999999977,176.434598775842,-113.305948824722,1617682,622,paced,NA,NA,NaN,16.2074554294986,0.064452049667046,0.231175585084698,1,0,1616929,1617526,1617525,1618399,1617316,1617682,2.04398918658098,-1.27699741857414,0.774,0.312,1287.80618915228,1204.9721294678,1.192,1.746,NaN,1618400,NaN,0.76,117979.163547697,114779.350781591,-0.0400716253083501,-0.0652258581323867,-0.00318449343121459,4.15619729063006e-05,7.89860701975034e-05,2.36712590541782e-05,-0.0111712813895447,0.00818609661522407,1,0.97400000000016,0.940000000000055,0.0340000000001055,3233.858,34.0000000001055,1,0,1,0,paced,0.956182196985766,62.7495473029531,0.0355580768051171,117979.163547697,117979.163547697
1618780,1618780,NaN,17,6.66006527358161,239.212792738537,1619084,8.6935304079526,1620886,4.21199999999999,231.535994897769,-171.688456556386,1619577,623,paced,NA,NA,NaN,14.2450142450143,0.0608482169566985,0.190955209384312,1,0,1618780,1619347,1619346,1620319,1619084,1619577,2.3176216244355,-1.72733504856615,0.608,0.46,1425.81194089503,1658.54869938545,1.132,1.944,NaN,1620320,NaN,1.132,134957.938020054,156963.024024944,-0.0576485679234456,-0.0580003458118536,-0.0037694809109578,7.26847576919278e-05,5.07911047427918e-05,2.40330800675171e-05,-0.00977568603550087,0.0111852721967693,1,0.979999999999563,0.930000000000291,0.0499999999992724,3237.56,49.9999999992724,1,0,1,0,paced,0.951631353986682,63.0496249925364,0.0525413541596824,134957.938020054,134957.938020054
1620886,1620886,NaN,17,8.6935304079526,280.82207965389,1621213,-0.175467037577193,1622805,3.83800000000019,276.563047968703,-189.436341656241,1621588,624,paced,NA,NA,NaN,15.6331422615938,0.0532559853124065,0.191282979064392,1,0,1620886,1621410,1621409,1621962,1621213,1621588,2.55373326057729,-1.84386647500861,0.654,0.356,1465.06080947881,1202.8468769636,1.046,1.104,NaN,1621963,NaN,1.684,144553.872113523,121556.528245882,-0.0605057045772316,-0.0841669193252472,-0.00910866917531536,7.26964550752651e-05,9.99843809580091e-05,5.02280836479125e-05,-0.0143797497742403,0.0120337080918267,1,0.940666666666704,0.925999999999931,0.0146666666667733,3241.772,14.6666666667733,1,0,1,0,paced,0.930734102976733,64.4652428745269,0.0157581704805545,144553.872113523,144553.872113523
1622805,1622805,NaN,17,-0.175467037577193,161.131886221313,1623199,15.4746017335852,1624840,4.06999999999971,153.482318873309,-191.91866443989,1623654,625,paced,NA,NA,NaN,14.7420147420158,0.0428081375112625,0.229651037169835,1,0,1622805,1623429,1623428,1624078,1623199,1623654,1.67934902568784,-2.02323599508431,0.788,0.45,1186.09738913886,1566.76760847946,1.246,1.298,NaN,1624079,NaN,1.522,115568.298767946,151879.783777147,-0.0322866524077713,-0.0589800756497381,-0.00711609271227534,3.64322252855807e-05,6.22518242984526e-05,3.8659712586259e-05,-0.0102537101823446,0.00711290338254278,1,0.963999999999942,0.904000000000451,0.0599999999994907,3245.61,59.9999999994907,1,0,1,0,paced,0.932074324181629,64.3725488873225,0.0643725488867761,115568.298767946,115568.298767946
1624840,1624840,NaN,17,15.4746017335852,235.339217516684,1625213,10.7661413826475,1626820,3.96000000000004,222.218845958568,-188.379019701027,1625643,626,paced,NA,NA,NaN,15.151515151515,0.0321340008165927,0.225484090655698,1,0,1624840,1625462,1625461,1626372,1625213,1625643,2.37511226963303,-1.9532486602182,0.746,0.362,1722.91764086486,1721.70879421198,1.242,1.82,NaN,1626373,NaN,0.894,170483.795377325,170546.225631739,-0.0501139016090766,-0.0726454940545814,-0.00494248517713105,5.08793351172305e-05,8.52739144933832e-05,4.00616436284399e-05,-0.012597690737179,0.00979078149161339,1,0.91399999999976,0.865999999999985,0.0479999999997744,3249.68,47.9999999997744,1,0,1,0,paced,0.885574859680388,67.752600860479,0.0542020806881285,170483.795377325,170483.795377325
1626820,1626820,NaN,17,10.7661413826475,227.556214410602,1627184,8.57277363454855,1628777,3.91400000000021,217.886756902004,-156.548016277737,1627689,627,paced,NA,NA,NaN,15.3295861011744,0.0253562728621241,0.224943279747742,1,0,1626820,1627476,1627475,1628417,1627184,1627689,2.14448469911503,-1.65041609250738,0.728,0.426,1592.7299951196,1610.20496255644,1.31,1.882,NaN,1628418,NaN,0.718,148639.591653007,152695.263310654,-0.045742555327874,-0.0529499640878903,-0.00291347119733536,5.26590495861902e-05,5.15652775311821e-05,2.39382092562908e-05,-0.0090802451037239,0.0098031226225368,1,0.969229813664659,0.899655480984434,0.0695743326802253,3253.64,69.5743326802253,1,0,1,0,paced,0.94417281576377,63.5476885144847,0.0736881336961015,148639.591653007,148639.591653007
1628777,1628777,NaN,17,8.57277363454855,153.474247204093,1629175,4.49319739686299,1630817,4.07999999999993,146.941261688387,-140.960875145332,1629650,628,paced,NA,NA,NaN,14.7058823529414,0.020515920905528,0.193278737548259,1,0,1628777,1629447,1629446,1630220,1629175,1629650,1.6582880410794,-1.53820687445301,0.796,0.406,1314.59617253823,1333.31045932215,1.338,1.546,NaN,1630221,NaN,1.192,124035.131983934,125824.612912151,-0.0325254714244511,-0.0482711284885995,-0.00435822284781875,3.36391176316679e-05,5.25994354845573e-05,2.43081648829751e-05,-0.00834977870119763,0.00688093128826073,1,0.97400000000016,0.958000000000084,0.0160000000000764,3257.554,16.0000000000764,1,0,1,0,paced,0.967559855214324,62.0116674711658,0.0165364446590565,124035.131983934,124035.131983934
1630817,1630817,NaN,17,4.49319739686299,257.674447154685,1631193,2.97552689753879,1632877,4.11999999999989,253.940085007484,-129.904680960085,1631606,629,paced,NA,NA,NaN,14.5631067961169,0.0193313185689787,0.169054348036975,1,0,1630817,1631418,1631417,1632346,1631193,1631606,2.39823732687502,-1.40261950547353,0.752,0.376,1509.39405991592,1476.37672573675,1.2,1.856,NaN,1632347,NaN,1.06,141079.580154417,138311.195421044,-0.0489443985894637,-0.0651307030455228,-0.00313002179578371,5.94103655496033e-05,6.99559683759108e-05,2.04114193001205e-05,-0.0112046342969777,0.0113796145403426,1,0.9699999999998,0.927301724137833,0.0426982758619671,3261.634,42.6982758619671,1,0,1,0,paced,0.940436181523981,63.8001824884808,0.0454026298656166,141079.580154417,141079.580154417
1632877,1632877,NaN,17,2.97552689753879,225.638285629548,1633238,3.58179302554373,1634862,3.97000000000025,222.359625668007,-133.581123400036,1633593,630,paced,NA,NA,NaN,15.1133501259436,0.0190588989158543,0.170576839335485,1,0,1632877,1633420,1633419,1634033,1633238,1633593,2.19391663126004,-1.47532083161365,0.722,0.346,1209.7294700718,1124.2817933196,1.084,1.226,NaN,1634034,NaN,1.656,114216.735929125,105937.771891358,-0.046406927081991,-0.0741989584737702,-0.00791901274772648,5.66461330301236e-05,8.99158606647878e-05,3.51460109176234e-05,-0.0125351626794963,0.0102031257256696,1,0.938000000000102,0.922000000000025,0.0160000000000764,3265.754,16.0000000000764,1,0,1,0,paced,0.930517946120307,64.4802179798503,0.0171947247947088,114216.735929125,114216.735929125
1634862,1634862,NaN,17,3.58179302554373,225.195421538284,1635264,2.91280452381711,1636826,3.92799999999988,221.948122763604,-132.844011131842,1635730,631,paced,NA,NA,NaN,15.2749490835035,0.0167685152462395,0.181083376815189,1,0,1634862,1635481,1635480,1636276,1635264,1635730,2.3386665927094,-1.60592050104231,0.804,0.498,1546.02958649271,1607.12588192056,1.236,1.59,NaN,1636277,NaN,1.098,140420.546803866,145183.971191688,-0.0439367434055531,-0.060101826542654,-0.00409896792373363,5.08293173214415e-05,6.54392797276915e-05,2.93106612963975e-05,-0.0105207870246924,0.0103464214080469,1,0.933999999999742,0.920000000000073,0.0139999999996689,3269.724,13.9999999996689,1,0,1,0,paced,0.927551033937695,64.6864677033288,0.0150935091304198,140420.546803866,140420.546803866
1636826,1636826,NaN,17,2.91280452381711,179.695787626834,1637205,2.16375001578686,1638828,4.00399999999991,177.157510357032,-130.831912236596,1637640,632,paced,NA,NA,NaN,14.9850149850153,0.0186033413556427,0.175328493672112,1,0,1636826,1637461,1637460,1638237,1637205,1637640,1.83367697430328,-1.44971631514869,0.758,0.358,1339.92590248956,1300.63392125442,1.268,1.552,NaN,1638238,NaN,1.18,124023.823817021,122516.05294594,-0.0370612341564092,-0.0543434142412929,-0.00425695071122373,4.29187479473652e-05,5.72702328125159e-05,2.40692579851533e-05,-0.0093449162786606,0.00837118918269875,1,0.940000000000055,0.916000000000167,0.0239999999998872,3273.652,23.9999999998872,1,0,1,0,paced,0.927820506851591,64.6676803939162,0.0258670721574449,124023.823817021,124023.823817021
1638828,1638828,NaN,17,2.16375001578686,199.299042260413,1639219,2.46571006730338,1640844,4.03200000000015,196.984312218868,-154.942857165973,1639626,633,paced,NA,NA,NaN,14.8809523809518,0.0189519113443464,0.165800120214387,1,0,1638828,1639439,1639438,1640282,1639219,1639626,2.22258038086965,-1.66058884084125,0.782,0.374,1485.01336791355,1592.01230988001,1.22,1.686,NaN,1640283,NaN,1.122,138452.715932875,149551.92164351,-0.0428229903108944,-0.0687988521487067,-0.00418006936583107,4.76312442596674e-05,7.50236295169459e-05,2.50014308166917e-05,-0.011870962931586,0.00948319467958636,1,0.935999999999694,0.916000000000167,0.0199999999995271,3277.656,19.9999999995271,1,0,1,0,paced,0.928621170730095,64.6119234529482,0.0215373078171401,138452.715932875,138452.715932875
1640844,1640844,NaN,17,2.46571006730338,246.012036973541,1641180,1.63878592317572,1642882,4.07600000000002,243.959788978302,-132.313596148695,1641619,634,paced,NA,NA,NaN,14.720314033366,0.0190163755079799,0.164984420966131,1,0,1640844,1641429,1641428,1642232,1641180,1641619,2.47897112218769,-1.44738637166208,0.672,0.38,1571.58926417448,1414.24872041715,1.168,1.606,NaN,1642233,NaN,1.298,143344.946319939,134627.496403628,-0.0559205424602821,-0.0628857859458815,-0.00460180618292797,6.60471333975831e-05,6.74315234781906e-05,2.48763962632143e-05,-0.0108983591014971,0.0112940593023854,1,0.933999999999742,0.909999999999854,0.0239999999998872,3281.688,23.9999999998872,1,0,1,0,paced,0.924208918158679,64.9203863121547,0.0259681545247399,143344.946319939,143344.946319939
1642882,1642882,NaN,17,1.63878592317572,153.928831254521,1643309,4.17162706000797,1644842,3.92000000000007,151.023624762929,-169.981533550062,1643711,635,paced,NA,NA,NaN,15.3061224489793,0.0189003805129473,0.169407261863002,1,0,1642882,1643537,1643536,1644226,1643309,1643711,1.7782637122563,-1.73817943279448,0.854,0.348,1304.40109702052,1350.31173728513,1.308,1.378,NaN,1644227,NaN,1.23,128296.20027217,134226.574818789,-0.0308091988812968,-0.063568645744851,-0.00586112410073707,3.13206733253663e-05,7.80337716600379e-05,3.25784379443709e-05,-0.0109382932463314,0.00688655301817742,1,0.934000000000196,0.923999999999978,0.0100000000002183,3285.764,10.0000000002183,1,0,1,0,paced,0.930029191812133,64.514103996125,0.0107523506662555,128296.20027217,128296.20027217
1644842,1644842,NaN,17,4.17162706000797,244.163627912392,1645213,1.48432724705881,1646769,3.85399999999981,241.335650758859,-148.296822703842,1645570,636,paced,NA,NA,NaN,15.5682407887916,0.0191193680210394,0.15625554121095,1,0,1644842,1645421,1645420,1646190,1645213,1645570,2.54451842604035,-1.49599967040232,0.742,0.298,1573.31486980215,1377.30644540921,1.156,1.538,NaN,1646191,NaN,1.156,156033.17220997,140984.25105294,-0.0519838944245538,-0.0813859589086547,-0.0063095499643338,5.56138279757033e-05,9.63555964370939e-05,3.02142323874769e-05,-0.0138066597553639,0.0104804130462555,1,0.927999999999884,0.909999999999854,0.0180000000000291,3289.684,18.0000000000291,1,0,1,0,paced,0.915917537981712,65.5080807080233,0.0196524242124388,156033.17220997,156033.17220997
1646769,1646769,NaN,17,1.48432724705881,221.378449461581,1647176,5.55876619832314,1648746,3.95400000000018,217.85690273889,-122.876261133891,1647540,637,paced,NA,NA,NaN,15.1745068285274,0.0298976049818648,0.164706758523014,1,0,1646769,1647376,1647375,1648202,1647176,1647540,1.97522956329353,-1.28777972112819,0.814,0.328,1206.92275993696,1267.10603444959,1.212,1.652,NaN,1648203,NaN,1.086,121175.671437491,125579.807337929,-0.036930490447042,-0.0641575563997738,-0.00415487135044808,4.28355829349681e-05,8.07963840478249e-05,2.33103513762649e-05,-0.011055630397967,0.00890819973191381,1,0.945999999999913,0.91399999999976,0.0320000000001528,3293.538,32.0000000001528,1,0,1,0,paced,0.929428913181411,64.5557709137986,0.0344297444875237,121175.671437491,121175.671437491
1648746,1648746,NaN,17,5.55876619832314,239.695263248377,1649091,4.65385326777301,1650754,4.01599999999962,234.588953515329,-153.087100725494,1649588,638,paced,NA,NA,NaN,14.9402390438261,0.0342077196853446,0.163913541947296,1,0,1648746,1649384,1649383,1650162,1649091,1649588,2.43423770464719,-1.66509354727241,0.69,0.408,1743.28796274989,1640.33132161205,1.274,1.556,NaN,1650163,NaN,1.182,167418.447945526,159202.125732065,-0.0537892746285915,-0.0583400048225066,-0.00562896094673564,5.97627756798244e-05,5.63932748527165e-05,2.62025184441168e-05,-0.0101267779473065,0.0106038211869843,1,0.931999999999789,0.872409090909029,0.0595909090907603,3297.492,59.5909090907603,1,0,1,0,paced,0.907984889370414,66.0803948418164,0.0656298466950038,167418.447945526,167418.447945526
1650754,1650754,NaN,17,4.65385326777301,247.274076915902,1651180,6.88244367374257,1652722,3.93600000000015,241.505928445145,-136.32713558984,1651557,639,paced,NA,NA,NaN,15.2439024390238,0.0396559653904049,0.0929784736993329,2,0,1650754,1651404,1651403,1652309,1651180,1651557,2.22312465139663,-1.30904468605664,0.852,0.306,1459.33330417303,1391.73617504635,1.298,1.81,NaN,1652310,NaN,0.824,153439.167665731,149347.539428214,-0.0398514010055896,-0.0669430073647583,-0.00459433623737731,4.33375552778334e-05,7.93531987816535e-05,4.09412108802534e-05,-0.0114823205168389,0.00945737449107242,1,0.898000000000138,0.854000000000269,0.043999999999869,3301.508,43.999999999869,1,0,0,0,paced,0.874616532576194,68.6014930717914,0.0503077615858306,153439.167665731,153439.167665731
1652722,1652722,NaN,17,6.88244367374257,278.33539966506,1653061,8.17493792216193,1654829,4.21399999999994,270.806708867108,-117.863474544513,1653602,640,paced,NA,NA,NaN,14.2382534409114,0.0375101396438403,0.164289087025442,1,0,1652722,1653313,1653312,1654015,1653061,1653602,2.20239434749098,-1.25520080710944,0.678,0.578,1381.77297796454,1203.30033286053,1.18,1.404,NaN,1654016,NaN,1.626,143653.880461635,125279.975951763,-0.0503253749555869,-0.0445661493466131,-0.00538104015655192,6.16826584089522e-05,4.5015167156159e-05,2.39784276597705e-05,-0.00778530133214543,0.0107180114301995,1,0.958954838709606,0.888367346938805,0.0705874917708006,3305.444,70.5874917708006,1,0,1,0,paced,0.92651549760319,64.7587656711781,0.0761859806483582,143653.880461635,143653.880461635
1654829,1654829,NaN,17,8.17493792216193,245.670979880742,1655229,5.87607816493569,1656724,3.78999999999996,238.645471837193,-153.269001219757,1655621,641,paced,NA,NA,NaN,15.831134564644,0.0375108101929547,0.158689641888665,1,0,1654829,1655417,1655416,1656005,1655229,1655621,1.97291889404776,-1.51075378543513,0.8,0.408,1198.35349724729,1119.05701036175,1.174,1.176,NaN,1656006,NaN,1.436,128738.112849721,121014.290908766,-0.0384141461832727,-0.063767302320102,-0.00667638569471022,4.50672259048019e-05,7.80538783455669e-05,3.98284444152573e-05,-0.0110292564773943,0.00914979733400356,1,0.980000000000473,0.93377021276616,0.0462297872343129,3309.658,46.2297872343129,1,0,1,0,paced,0.962873811036616,62.3134613406973,0.048012300993567,128738.112849721,128738.112849721
1656724,1656724,NaN,17,5.87607816493569,217.227944601813,1657207,27.6674330497054,1658815,4.18200000000024,200.456188994492,-287.918574920573,1657615,642,paced,NA,NA,NaN,14.3472022955515,0.0391255483469983,0.211909095944546,1,0,1656724,1657404,1657403,1658206,1657207,1657615,2.0485234724512,-2.83711580876235,0.966,0.422,1519.0377401363,2187.07515787679,1.358,1.604,NaN,1658207,NaN,1.216,157915.231581882,226146.417316549,-0.0320385842596382,-0.0870561263314027,-0.00709649721723951,3.32771078596301e-05,9.98315608580087e-05,4.37933795154675e-05,-0.0147385857522256,0.00817554416260391,1,0.976674897119245,0.877999999999702,0.0986748971195431,3313.448,98.6748971195431,1,0,1,0,paced,0.931381192254264,64.4204548030214,0.105944695834705,157915.231581882,157915.231581882
1658815,1658815,NaN,17,27.6674330497054,341.629362543626,1659119,6.17162717924819,1660777,3.92399999999998,324.709832429149,-173.564109397959,1659649,643,paced,NA,NA,NaN,15.2905198776759,0.0383067785636989,0.238619486692139,1,0,1658815,1659375,1659374,1659991,1659119,1659649,2.94679797215031,-1.78343510363328,0.608,0.548,1802.74001681397,1393.50294985687,1.118,1.232,NaN,1659992,NaN,1.57,175563.426203107,136442.314133383,-0.0774598715053444,-0.0612740970954651,-0.00816629333546749,8.72955552118804e-05,5.48167824538078e-05,3.60289249316442e-05,-0.0103591977290881,0.0134486085272967,1,1.0359999999996,0.976674897119245,0.0593251028803586,3317.63,59.3251028803586,1,0,1,0,paced,1.00888882270323,59.4713695402387,0.0588024186068415,175563.426203107,175563.426203107
1660777,1660777,NaN,17,6.17162717924819,237.253743628988,1661128,10.3029535556044,1662816,4.07799999999997,229.016453261561,-163.380200498279,1661490,644,paced,NA,NA,NaN,14.7130946542424,0.0366628882354826,0.252017280677439,1,0,1660777,1661309,1661308,1661826,1661128,1661490,2.02448872914215,-1.60493792856222,0.702,0.362,1133.24073453303,1058.0168269529,1.062,1.034,NaN,1661827,NaN,1.978,113852.904677882,106528.403084499,-0.044688181534975,-0.0721053345346535,-0.01028439092744,5.6354954814204e-05,8.92901280784513e-05,4.48459025395665e-05,-0.0122626514082382,0.0100349234504253,1,1.0304787644784,0.921108225108109,0.109370539370296,3321.554,109.370539370296,1,0,1,0,paced,0.971130853401214,61.7836409891217,0.112621835654016,113852.904677882,113852.904677882
1662816,1662816,NaN,17,10.3029535556044,173.355094981677,1663231,5.35735334561864,1664770,3.9079999999999,165.524941531066,-187.644104736784,1663596,645,paced,NA,NA,NaN,15.3531218014333,0.0279868264492567,0.252164287266086,1,0,1662816,1663413,1663412,1663990,1663231,1663596,1.84411065756331,-1.78396085364294,0.83,0.366,1140.58832693447,1196.55703372072,1.192,1.154,NaN,1663991,NaN,1.558,115430.499236353,120939.576647661,-0.0341467364570993,-0.0723505771047658,-0.00687256088395884,3.61076885005103e-05,8.50995396797435e-05,4.25186356603598e-05,-0.0121782296956574,0.00759086063261183,1,0.954000000000178,0.915999999999713,0.0380000000004657,3325.632,38.0000000004657,1,0,1,0,paced,0.929146171379276,64.5754154170734,0.040897763097981,115430.499236353,115430.499236353
1664770,1664770,NaN,17,5.35735334561864,187.737909450708,1665160,7.02521075405303,1666789,4.03800000000001,181.546627400872,-107.073061763501,1665571,646,paced,NA,NA,NaN,14.8588410104011,0.0241985957491941,0.270182457799928,1,0,1664770,1665399,1665398,1666321,1665160,1665571,1.99909733099969,-1.26996657175646,0.78,0.344,1344.51284029858,1429.64743179695,1.256,1.844,NaN,1666322,NaN,0.934,125582.835420306,129910.971254098,-0.0391871048203665,-0.0567342001926702,-0.0035816294101621,4.21889925179219e-05,6.22912683346585e-05,2.1899426659769e-05,-0.00979118842122349,0.00843050029669956,1,0.979999999999563,0.949333333333222,0.0306666666663411,3329.54,30.6666666663411,1,0,1,0,paced,0.970731895591881,61.8090332381799,0.0315912836547344,125582.835420306,125582.835420306
1666789,1666789,NaN,17,7.02521075405303,184.633338843452,1667193,6.30129604669812,1668879,4.17999999999984,177.970085443076,-104.755958775826,1667562,647,paced,NA,NA,NaN,14.3540669856465,0.0226334382550001,0.125857981273818,1,0,1666789,1667399,1667398,1668184,1667193,1667562,2.17180544526285,-1.31580056478815,0.808,0.326,1360.34301600849,1274.93704473769,1.218,1.57,NaN,1668185,NaN,1.388,119155.278372425,112713.757451604,-0.0410356733785413,-0.0676877334510919,-0.00451813336488058,4.3648837019815e-05,7.96185890371234e-05,2.55348817826028e-05,-0.011562902655217,0.00902166830999529,1,0.979999999999563,0.934000000000196,0.045999999999367,3333.578,45.999999999367,1,0,1,0,paced,0.960587151210297,62.461797375077,0.0478873779869,119155.278372425,119155.278372425
1668879,1668879,NaN,17,6.30129604669812,219.088514922058,1669266,3.63327822519411,1670865,3.97200000000021,214.121227786111,-141.334781887978,1669641,648,paced,NA,NA,NaN,15.1057401812681,0.0255904607788566,0.0955939982697338,1,0,1668879,1669473,1669472,1670277,1669266,1669641,2.6179539876703,-1.60484670640252,0.774,0.336,1607.57911438094,1504.10715203365,1.186,1.608,NaN,1670278,NaN,1.174,142730.753552844,137338.312872287,-0.0511035294791839,-0.0808785491423496,-0.00492991788398783,5.64558979622463e-05,9.3864080041862e-05,3.36573576588306e-05,-0.0137456016363597,0.0110432711078059,1,0.949542016806504,0.877999999999702,0.0715420168068024,3337.758,71.5420168068024,1,0,1,0,paced,0.916053682055294,65.4983448845286,0.0780980615091115,142730.753552844,142730.753552844
1670865,1670865,NaN,17,3.63327822519411,172.540182508135,1671227,4.96427391058039,1672843,3.95600000000013,168.241406440248,-115.04742395709,1671552,649,paced,NA,NA,NaN,15.1668351870571,0.0276918542960632,0.128640373099815,1,0,1670865,1671405,1671404,1671881,1671227,1671552,2.06290980804105,-1.30982384199407,0.724,0.294,1118.26360168585,832.969601138487,1.078,0.952,NaN,1671882,NaN,1.922,104901.197206999,79568.2084396802,-0.0429774065132202,-0.075107903810553,-0.0113026804447509,4.99293417527365e-05,8.9516577090455e-05,4.0153215187352e-05,-0.012312897942676,0.00908952055790602,1,0.925999999999931,0.85799999999972,0.068000000000211,3341.73,68.000000000211,1,0,1,0,paced,0.892669086582786,67.2141568491917,0.0761760444293202,104901.197206999,104901.197206999
1672843,1672843,NaN,17,4.96427391058039,205.792497939463,1673241,10.6475876946522,1674834,3.98199999999997,197.986567136847,-182.082725457282,1673611,650,paced,NA,NA,NaN,15.0678051230539,0.0294369595077839,0.122382212568608,1,0,1672843,1673429,1673428,1674179,1673241,1673611,2.21081350445229,-1.98336297253636,0.796,0.364,1345.83526523643,1674.35411091582,1.17,1.5,NaN,1674180,NaN,1.308,124263.310165089,160499.578141541,-0.0424174869302825,-0.0817982836657826,-0.00688987516492166,4.69811727584553e-05,9.91850687288762e-05,4.4804996735903e-05,-0.0139557412062453,0.00945353052311915,1,0.938000000000102,0.903188811188609,0.0348111888114926,3345.686,34.8111888114926,1,0,1,0,paced,0.920825866919968,65.1588993700747,0.0378043124786786,124263.310165089,124263.310165089
1674834,1674834,NaN,17,10.6475876946522,205.950273622656,1675174,4.88680198321394,1676766,3.86400000000003,198.183078783723,-248.342525354862,1675620,651,paced,NA,NA,NaN,15.5279503105589,0.0285011203248861,0.110072598752012,1,0,1674834,1675424,1675423,1675924,1675174,1675620,2.25320527646515,-2.29716683554444,0.68,0.392,1499.07923315425,1346.69839957633,1.178,1,NaN,1675925,NaN,1.682,137954.528044662,127495.224701405,-0.0516294371455445,-0.0738344618164317,-0.012351228921716,5.564893842846e-05,7.60970857784457e-05,6.96393935677047e-05,-0.0122566630612927,0.00986529794366753,1,0.952000000000226,0.916000000000024,0.0360000000002012,3349.668,36.0000000002012,1,0,1,0,paced,0.932837138031059,64.3199091822631,0.0385919455095736,137954.528044662,137954.528044662
1676766,1676766,NaN,17,4.88680198321394,247.034360777519,1677097,2.58018202490116,1678694,3.85599999999977,243.300868773462,-118.903193272806,1677624,652,paced,NA,NA,NaN,15.5601659751047,0.032459952817368,0.115550627360593,2,0,1676766,1677347,1677346,1678053,1677097,1677624,2.24347237769635,-1.29157054354649,0.662,0.554,1402.99458384648,1270.76047308582,1.16,1.412,NaN,1678054,NaN,1.28,133060.546192437,123847.587752397,-0.0520584470320869,-0.046907200126175,-0.00518101566335147,6.39351855034063e-05,4.7808304994876e-05,2.25704285765601e-05,-0.00821796062730908,0.0107351695186249,1,0.94399999999996,0.885918918918888,0.058081081081072,3353.532,58.081081081072,1,0,0,0,paced,0.913712085619496,65.6661993907195,0.0635660641849704,133060.546192437,133060.546192437
1678694,1678694,NaN,17,2.58018202490116,216.590362602971,1679243,13.7524684659783,1680742,4.096,208.424037357531,-138.249818870344,1679643,653,paced,NA,NA,NaN,14.6484375,0.0470862351268388,0.0945008497037582,1,0,1678694,1679433,1679432,1680201,1679243,1679643,2.05494879881534,-1.54965730961472,1.098,0.42,1228.20613020519,1372.3612465276,1.476,1.536,NaN,1680202,NaN,1.08,127861.104512245,149657.125385774,-0.0284136021034129,-0.0646506739236574,-0.00645064017896043,3.09238627234077e-05,7.2215788839137e-05,3.05946145121921e-05,-0.0110518200141503,0.00857695257114233,1,0.929999999999836,0.884000000000015,0.0459999999998217,3357.388,45.9999999998217,1,0,1,0,paced,0.901005509831725,66.5922675780371,0.0510540718096306,127861.104512245,127861.104512245
1680742,1680742,NaN,17,13.7524684659783,225.02845844103,1681073,5.51571177572508,1682825,4.16600000000017,215.394368320178,-184.540378508219,1681588,654,paced,NA,NA,NaN,14.4023043686984,0.0468589004703639,0.111876379989388,1,0,1680742,1681368,1681367,1681895,1681073,1681588,1.99161787039677,-1.63259964904829,0.662,0.44,1348.01846719167,1080.49571482366,1.25,1.054,NaN,1681896,NaN,1.858,135365.400677485,109808.629527972,-0.0471773329932979,-0.0499130258638802,-0.0105528865323493,5.55087550711719e-05,4.05145050352288e-05,4.075877860663e-05,-0.0080630741315099,0.00933508933380445,1,0.942000000000007,0.898000000000138,0.043999999999869,3361.484,43.999999999869,1,0,1,0,paced,0.917951267336455,65.3629469613318,0.0479328277715006,135365.400677485,135365.400677485
1682825,1682825,NaN,17,5.51571177572508,207.086394924024,1683176,33.0124696475308,1684738,3.82600000000002,187.822304212396,-275.248278975276,1683626,655,paced,NA,NA,NaN,15.6821745948771,0.0520187715282635,0.115729008093738,1,0,1682825,1683412,1683411,1684302,1683176,1683626,2.02640836696741,-2.65275474405704,0.702,0.428,1353.58404519755,2160.30519581134,1.172,1.78,NaN,1684303,NaN,0.87,135254.537665083,217121.424064662,-0.0440149108680746,-0.0753121919723384,-0.00780910121647661,5.1805353930767e-05,8.60321925012938e-05,4.35841032308321e-05,-0.0127055732763349,0.00923657186615512,1,0.937999999999647,0.896000000000186,0.0419999999994616,3365.65,41.9999999994616,1,0,1,0,paced,0.918891430901169,65.2960708765748,0.0457072496130164,135254.537665083,135254.537665083
1684738,1684738,NaN,17,33.0124696475308,210.039032576981,1685116,11.1012485992387,1686904,4.33199999999988,187.982173453597,-198.464240339995,1685595,656,paced,NA,NA,NaN,13.8504155124658,0.0491537088215333,0.121499086020634,1,0,1684738,1685377,1685376,1686019,1685116,1685595,2.22097829987004,-2.07816175167817,0.756,0.436,1731.48525827747,1611.86458031824,1.276,1.284,NaN,1686020,NaN,1.768,170961.57035554,162275.031533829,-0.048542071044891,-0.0644290632513303,-0.0081548299438828,4.08269157535194e-05,7.02138615595089e-05,3.97374119399812e-05,-0.0113136616628133,0.0079433497148218,1,0.930000000000291,0.894000000000233,0.0360000000000582,3369.476,36.0000000000582,1,0,1,0,paced,0.912757957787339,65.7348418472832,0.0394409051084337,170961.57035554,170961.57035554
1686904,1686904,NaN,17,11.1012485992387,250.420124717886,1687230,1.73778918580206,1688915,4.02199999999993,244.000605825366,-137.645949653839,1687656,657,paced,NA,NA,NaN,14.9179512680261,0.131507714134213,0.207275749032042,1,0,1686904,1687466,1687465,1688159,1687230,1687656,2.29900177677557,-1.34501056553394,0.652,0.38,1430.04109531823,1143.1089873047,1.122,1.386,NaN,1688160,NaN,1.51,147555.75581379,123933.698029662,-0.0546474005351064,-0.060229519864865,-0.00577633803561879,6.55841683728662e-05,6.24264327807796e-05,2.43521872196811e-05,-0.0103157047291362,0.010887772108453,1,0.933999999999742,0.898000000000138,0.0359999999996035,3373.808,35.9999999996035,1,0,1,0,paced,0.911313962042735,65.8390000582328,0.0395034000345046,147555.75581379,147555.75581379
1688915,1688915,NaN,17,1.73778918580206,195.672212049409,1689252,5.66063370935382,1690790,3.75,191.973000601831,-167.225851809936,1689606,658,paced,NA,NA,NaN,16,0.135364042072764,0.233130338287871,1,0,1688915,1689440,1689439,1690064,1689252,1689606,1.83523982862519,-1.42920082585973,0.674,0.332,1004.22893619022,1057.21148154273,1.048,1.248,NaN,1690065,NaN,1.45,111897.253787959,116946.238266835,-0.041372231160017,-0.0669938308377838,-0.00622841102200976,4.55796634496187e-05,7.98855302243784e-05,3.23157006376095e-05,-0.0112561601768527,0.00780050968508927,1,0.9399999999996,0.908000000000357,0.0319999999992433,3377.83,31.9999999992433,1,0,1,0,paced,0.924619350432584,64.8915685919064,0.0346088365815317,111897.253787959,111897.253787959
1690790,1690790,NaN,17,5.66063370935382,164.78033783061,1691127,-13.8941801460897,1692789,3.99800000000005,168.897111048977,-216.34377477645,1691931,659,paced,NA,NA,NaN,15.0075037518758,0.147502648254579,0.216612479704175,2,0,1690790,1691709,1691708,1692227,1691127,1691931,1.43452505976279,-1.8881323128765,0.674,0.444,1350.92544717155,1162.45661576422,1.836,1.036,NaN,1692228,NaN,1.122,134690.94669681,124495.439653651,-0.0329162225293583,-0.0313077961520376,-0.00999698800833171,4.45316786645076e-05,4.93340803577444e-05,5.35554980299563e-05,-0.00367542983533801,0.00763404327845196,1,0.939612765957065,0.739148148148114,0.20046461780895,3381.58,200.46461780895,1,0,0,0,paced,0.847537417835314,70.793334591935,0.236525979373223,134690.94669681,134690.94669681
1692789,1692789,NaN,17,-13.8941801460897,274.627360834477,1693136,-31.6209267727287,1694181,2.78400000000011,297.384914293887,-193.08200803519,1693508,660,paced,NA,NA,NaN,21.5517241379302,0.242133831559078,0.261494726013839,4,0,1692789,1693346,1693345,1693973,1693136,1693508,2.36696280917575,-1.75210640735477,0.694,0.324,1420.08570971423,1337.81635331475,1.112,1.254,NaN,1693974,NaN,0.414,145024.838186184,146378.173642569,-0.0545814315916849,-0.0827253000614953,-0.0133054161060395,7.09852257434922e-05,0.000129333273325409,9.65912771233044e-05,-0.0139320917277571,0.0127406728011907,1,0.906000000000404,0.730000000000018,0.176000000000386,3385.578,176.000000000386,1,0,0,0,paced,0.81478883164717,73.6387118594944,0.216006888121657,145024.838186184,145024.838186184
1694181,1694181,NaN,17,-31.6209267727287,262.934001466177,1694613,-14.2207658194099,1695883,3.404,285.854847762246,-174.334791097598,1695124,661,paced,NA,NA,NaN,17.6263219741481,0.253730484268902,0.267251012546015,1,0,1694181,1694917,1694916,1695760,1694613,1695124,2.6894886052333,-1.89032747969665,0.864,0.414,2072.68149816511,1847.00913366119,1.47,1.686,NaN,1695761,NaN,0.244,208447.734268435,176893.665849336,-0.0548057001204251,-0.0634239766197621,-0.0046402860851224,5.83091582109809e-05,6.39354435693955e-05,3.03120295870274e-05,-0.0110501667800223,0.0134594668894942,1,0.929046357615733,0.875999999999749,0.0530463576159842,3388.362,53.0463576159842,1,0,0,0,paced,0.893885799955716,67.1226682457339,0.0593435510650378,208447.734268435,208447.734268435
1695883,1695883,NaN,17,-14.2207658194099,221.399697211345,1696211,-0.678844651374145,1697491,3.21599999999989,228.849502446737,-120.800490693264,1696525,662,paced,NA,NA,NaN,18.6567164179111,0.288525566539315,0.284067706557434,1,0,1695883,1696384,1696383,1696879,1696211,1696525,1.98334007342654,-1.19895266548066,0.656,0.282,956.495161796897,791.090852125195,1,0.99,NaN,1696880,NaN,1.222,99774.5386208566,77769.576669874,-0.0489979736677645,-0.0746255731177694,-0.010921493135182,6.42917471470342e-05,0.000103455791729816,4.5860917565761e-05,-0.01240455273488,0.0105960214163112,1,0.929999999999836,0.889999999999873,0.0399999999999636,3391.766,39.9999999999636,1,0,0,0,paced,0.914320559874614,65.6224989715075,0.0437483326476318,99774.5386208566,99774.5386208566
1697491,1697491,NaN,17,-0.678844651374145,131.040559730333,1697802,-21.8800511955423,1698384,1.78600000000006,142.320007653791,-66.4549724722363,1698144,663,paced,NA,NA,NaN,33.5946248600213,0.325665944520928,0.386681955673021,2,0,1697491,1697963,1697962,1698383,1697802,1698144,1.34153090905639,-0.9897393059278,0.622,0.362,619.312893507797,573.987536799534,0.942,0.84,NaN,NaN,NaN,NaN,65233.4506319713,59869.7175270034,-0.0339793030782305,-0.050155820541412,-0.0104107201025175,4.52499424758575e-05,7.53836103738816e-05,4.76127389732941e-05,-0.0083068862374697,0.00700737813762409,1,0.89200000000028,0.88828699551564,0.00371300448464007,3394.982,3.71300448464007,1,0,0,0,paced,0.89054201037943,67.374699116593,0.00416937599951976,65233.4506319713,65233.4506319713
1698384,1698384,NaN,17,-21.8800511955423,191.848175500369,1698757,3.29239171714545,1700532,4.29599999999982,201.142005239568,-139.868584258721,1699156,664,paced,NA,NA,NaN,13.966480446928,0.378329392058366,0.3894784816629,1,0,1698384,1698973,1698972,1699749,1698757,1699156,1.98958936422017,-1.38675219076422,0.746,0.366,1294.49245630164,1204.6076865139,1.176,1.552,NaN,1699750,NaN,1.564,125571.288899229,128775.356994985,-0.0451157933887947,-0.0607665433624665,-0.00377322638039811,3.5784285092876e-05,6.91329496882739e-05,2.26895719076034e-05,-0.0104958899512986,0.00887449776579075,1,0.954000000000178,0.88399999999956,0.0700000000006185,3396.768,70.0000000006185,1,0,0,0,paced,0.922752931587056,65.0228224112007,0.0758599594804044,125571.288899229,125571.288899229
1700532,1700532,NaN,17,3.29239171714545,153.026312362661,1700904,-29.5683225736746,1701675,2.28600000000006,166.164277790926,-116.733204089448,1701239,665,paced,NA,NA,NaN,26.2467191601043,0.409129105702071,0.41398395801781,2,0,1700532,1701096,1701095,1701674,1700904,1701239,1.73543483776013,-1.10224292760572,0.744,0.286,1023.13922022175,850.302579639926,1.126,1.156,NaN,NaN,NaN,NaN,122453.967430616,101117.471833322,-0.034722693081202,-0.0620251182801166,-0.0066588819527803,3.78006158603108e-05,7.94158296615311e-05,3.78662880469379e-05,-0.0102369332599523,0.00779207366281784,1,0.947999999999865,0.90635443037979,0.0416455696200749,3401.064,41.6455696200749,1,0,0,0,paced,0.930786044440482,64.4616454644713,0.0447423657335871,122453.967430616,122453.967430616
1701675,1701675,NaN,17,-29.5683225736746,413.920695571316,1701835,5.68145962987957,1704037,4.72400000000016,425.864127043213,-57.9322281082249,1703370,666,paced,NA,NA,NaN,12.7011007620656,0.623167893310205,0.410273659179099,2,0,1701675,1702012,1702011,1703817,1701835,1703370,1.62020837026737,-0.769409245947556,0.32,2.716,684.980664959065,1365.40001871071,0.672,3.61,NaN,1703818,NaN,0.438,95115.58730604,140377.391329902,-0.0893413886368727,-0.0141932731589268,-0.00432431098010355,0.000163308370211267,4.79333079619792e-05,3.4390925318978e-05,-0.000486364628986719,0.0173882905111962,1,0.90635443037979,0.819926829268021,0.0864276011117698,3403.35,86.4276011117698,1,0,0,0,paced,0.859305920185437,69.8237945190138,0.100578384346658,95115.58730604,95115.58730604
1704037,1704037,NaN,17,5.68145962987957,246.483552023857,1704305,1.03339275753779,1704958,1.8420000000001,243.126125830148,-135.620687500426,1704605,667,paced,NA,NA,NaN,32.5732899022784,0.542048245572254,0.353323061956477,1,0,1704037,1704467,1704466,1704957,1704305,1704605,1.79474238919922,-1.21552598389549,0.536,0.276,828.236289357701,638.870265393462,0.858,0.98,NaN,NaN,NaN,NaN,91569.8981903743,69490.8698561686,-0.0536436162327598,-0.0746991066148258,-0.00714376454148844,8.04445969221924e-05,0.000113416423526653,5.49234299524679e-05,-0.0124199736933744,0.0109456400603896,1,0.819926829268021,0.811999999999898,0.00792682926812249,3408.074,7.92682926812249,1,0,0,0,paced,0.816720491546274,73.4645458526499,0.00970568187056854,91569.8981903743,91569.8981903743
1704958,1704958,NaN,17,1.03339275753779,182.356068111356,1705184,-4.93717517237194,1706084,2.25199999999995,184.307959318773,-105.102717705505,1705491,668,paced,NA,NA,NaN,26.6429840142101,0.570261383418238,0.402641093768825,1,0,1704958,1705346,1705345,1705778,1705184,1705491,1.46074822269408,-0.94526958019673,0.452,0.29,644.671540827754,537.308465152127,0.774,0.864,NaN,1705779,NaN,0.61,72406.4485631311,60653.84858586,-0.048462809902616,-0.0581634540205536,-0.00843264586589592,5.43043735685925e-05,8.54541646417801e-05,4.35983372628537e-05,-0.00963584249256326,0.00813097993812029,1,0.891281105990616,0.81776354679791,0.0735175591927064,3409.916,73.5175591927064,1,0,0,0,paced,0.853982976779282,70.2590117501926,0.0860878509194307,72406.4485631311,72406.4485631311
1706084,1706084,NaN,17,-4.93717517237194,281.645381062882,1706775,2.66014985285962,1710015,7.86200000000008,282.783893722639,-286.739322167652,1707158,669,paced,NA,NA,NaN,7.63164589163055,0.554718201026045,0.364353311492919,3,0,1706084,1706984,1706983,1708740,1706775,1707158,2.98762015500895,-3.08758400810669,1.382,0.348,3804.81065068792,4443.65546640615,1.798,3.512,NaN,1708741,NaN,2.548,375381.549601685,446253.186698502,-0.0316704333796727,-0.115388020686278,-0.00648110171355556,3.28200311311601e-05,0.000135129682168196,3.70141249266659e-05,-0.0194514090847169,0.0101003574459388,1,1.01600000000053,0.828000000000429,0.188000000000102,3412.168,188.000000000102,1,0,0,0,paced,0.916675926428089,65.4538842683427,0.205088837374252,375381.549601685,375381.549601685
1710015,1710015,NaN,17,2.66014985285962,233.279770247015,1710300,-1.02944381003828,1711856,3.68199999999979,232.464417225604,-133.276625011952,1710589,670,paced,NA,NA,NaN,16.2954915806636,0.573281356614447,0.213698605985792,2,0,1710015,1710461,1710460,1710862,1710300,1710589,1.81488451287521,-1.11090093650772,0.57,0.256,824.134901423229,576.917205303521,0.89,0.802,NaN,1710863,NaN,1.986,91291.0943762633,67232.5545657345,-0.0499114054431636,-0.0749924586297196,-0.0118568628115064,7.19193566040983e-05,0.000109771003833387,5.59714216541133e-05,-0.0123431172234611,0.0103803755026144,1,0.898000000000138,0.871999999999844,0.0260000000002947,3420.03,26.0000000002947,1,0,0,0,paced,0.889083898450568,67.4851947094799,0.0292435843744394,91291.0943762633,91291.0943762633
1711856,1711856,NaN,17,-1.02944381003828,137.123667750749,1712142,0.402227842958483,1713387,3.0619999999999,137.437275734288,-80.952626097382,1712456,671,paced,NA,NA,NaN,19.5950359242332,0.515616305184583,0.216051984234822,3,0,1711856,1712310,1712309,1712787,1712142,1712456,1.04600685241516,-0.707315843280698,0.572,0.292,471.548499612215,424.46245467361,0.906,0.954,NaN,1712788,NaN,1.198,56230.0414262452,50444.0780668112,-0.0290622813059964,-0.0415131701237068,-0.00520541113343158,4.37445342698109e-05,6.13238308168095e-05,2.77489051242804e-05,-0.00690697476800364,0.00642400897877582,1,0.91399999999976,0.875154205607608,0.0388457943921516,3423.712,38.8457943921516,1,0,0,0,paced,0.897708518405968,66.8368393190031,0.0432721686334545,56230.0414262452,56230.0414262452
1713387,1713387,NaN,17,0.402227842958483,233.792863717507,1713828,-9.87489442398072,1714689,2.60400000000027,238.529197008018,-120.498410193505,1714122,672,paced,NA,NA,NaN,23.0414746543755,0.453964869119115,0.194517407415557,1,0,1713387,1713990,1713989,1714318,1713828,1714122,1.63340475537861,-1.11517321941432,0.882,0.264,759.172714958031,528.71506188601,1.204,0.656,NaN,1714319,NaN,0.74,93998.0633954729,61104.8147857653,-0.0307349278923011,-0.0699344415947963,-0.017379977019673,4.7464169035553e-05,0.000108267582955869,6.75440623077198e-05,-0.0115167912341597,0.0102805321535108,1,0.875154205607608,0.812000000000353,0.0631542056072554,3426.774,63.1542056072554,1,0,0,0,paced,0.842958566267542,71.1778756406361,0.0749197032149398,93998.0633954729,93998.0633954729
1714689,1714689,NaN,17,-9.87489442398072,248.434229980877,1714951,12.3152360204502,1716347,3.3159999999998,247.214059182642,-148.948355921277,1715456,673,paced,NA,NA,NaN,18.0940892641748,0.162040877143755,0.192495592343485,1,0,1714689,1715168,1715167,1715969,1714951,1715456,2.70885732437401,-1.8245877772363,0.524,0.576,1547.01698702936,1816.81886380831,0.956,1.602,NaN,1715970,NaN,0.754,134371.539966613,155236.967986373,-0.0758864091663481,-0.0632269133857447,-0.00665666896249441,7.60691563068749e-05,6.95697561299194e-05,4.38030975459128e-05,-0.0109278711164175,0.013258265297432,1,0.860000000000127,0.813694581281105,0.0463054187190224,3429.378,46.3054187190224,1,0,1,0,paced,0.838675167266415,71.5414052326892,0.0552125787507822,134371.539966613,134371.539966613
1716347,1716347,NaN,17,12.3152360204502,253.492636359223,1716642,-12.0471707489967,1717852,3.01000000000022,253.358603723496,-112.435327738004,1717650,674,paced,NA,NA,NaN,19.9335548172743,0.173574755545829,0.215849104485309,2,0,1716347,1716816,1716815,1717851,1716642,1717650,2.48445819129789,-1.1361513296593,0.59,1.668,1171.374453765,1327.3100461975,0.936,2.07,NaN,NaN,NaN,NaN,106574.483756352,113605.558492027,-0.0684316640884615,-0.0291905605145334,-0.00603723846449133,0.000101216121815685,6.53570908918976e-05,5.08362994872828e-05,-0.00188414341436682,0.0152397278492422,1,0.843260663507178,0.80199999999968,0.0412606635074979,3432.694,41.2606635074979,1,0,0,0,paced,0.82374796517578,72.8378127006317,0.0500889413410487,106574.483756352,106574.483756352
1717852,1717852,NaN,17,-12.0471707489967,242.704315714346,1718138,27.7982781095502,1719907,4.10999999999967,234.828762034069,-161.090933172622,1718850,675,paced,NA,NA,NaN,14.5985401459866,0.195492251944435,0.0344344791729222,1,0,1717852,1718581,1718580,1719906,1718138,1718850,2.91362811237317,-2.00659322563039,0.572,0.538,2414.36787329556,2803.31991017398,1.456,2.65,NaN,NaN,NaN,NaN,193190.260965728,226984.858918215,-0.0771268364314416,-0.0481332940999474,-0.00487358156984367,7.87636085400796e-05,3.84638723691726e-05,1.8288456780339e-05,-0.00781890681781698,0.0149622974458223,1,0.931591208791155,0.806907730673254,0.124683478117901,3435.704,124.683478117901,1,0,1,0,paced,0.85945909931865,69.8113500078898,0.145072032184831,193190.260965728,193190.260965728
1719907,1719907,NaN,18,27.7982781095502,124.285435467759,1720258,15.0678670198663,1722062,4.30999999999995,102.852362903051,-107.689040373614,1720691,676,paced,NA,NA,NaN,13.9211136890953,0.0511075016684045,0.447518828903119,1,0,1719907,1720492,1720491,1721211,1720258,1720691,1.51855054011961,-1.33747093785529,0.702,0.398,1233.93782191848,1079.02188210097,1.168,1.438,NaN,1721212,NaN,1.7,102938.250061709,91877.7008362405,-0.0372820659026117,-0.0474088964145768,-0.00387636408032968,1.8527599858741e-05,5.21443603644496e-05,2.49743929107804e-05,-0.00829090729421328,0.00449294417788471,1,0.942000000000007,0.907548245613803,0.0344517543862046,3439.814,34.4517543862046,1,0,1,0,paced,0.926914929438077,64.7308594288947,0.0371681945042036,102938.250061709,102938.250061709
1722062,1722062,NaN,18,15.0678670198663,119.212606113004,1722453,2.01319248175277,1724477,4.83000000000038,110.672076362194,-111.366450909805,1722959,677,paced,NA,NA,NaN,12.4223602484462,0.0481386188151799,0.391811427282954,1,0,1722062,1722741,1722740,1723379,1722453,1722959,1.38910492612634,-1.41442372510749,0.782,0.436,1109.42495907076,1078.04158129662,1.356,1.276,NaN,1723380,NaN,2.194,94914.3941637372,85457.6922563698,-0.0280350923490769,-0.0397742613895681,-0.00530827543217116,2.72769742052325e-05,4.22310984577535e-05,2.81534528797234e-05,-0.00692890347387329,0.00550652320064982,1,0.91579690949231,0.886000000000422,0.0297969094918882,3444.124,29.7969094918882,1,0,1,0,paced,0.897795516265209,66.8303627195616,0.0331889711544139,94914.3941637372,94914.3941637372
1724477,1724477,NaN,18,2.01319248175277,238.863580589413,1724778,4.52280935448278,1726799,4.64399999999978,235.595579671295,-109.668636143237,1725363,678,paced,NA,NA,NaN,12.9198966408275,0.0432954009631742,0.398124831292289,1,0,1724477,1725033,1725032,1725813,1724778,1725363,2.10467465934742,-1.32904786788553,0.602,0.66,1181.34874260694,1164.76875197696,1.11,1.56,NaN,1725814,NaN,1.97,90996.79890055,88023.5005457393,-0.0542891468417625,-0.040986522746883,-0.00316874145502868,8.20261727070595e-05,4.94881063453622e-05,1.93701757940226e-05,-0.00636590682480184,0.0126540829682749,1,0.942000000000007,0.903999999999996,0.0380000000000109,3448.954,38.0000000000109,1,0,1,0,paced,0.923882296731809,64.9433377089779,0.0411307805490311,90996.79890055,90996.79890055
1726799,1726799,NaN,18,4.52280935448278,119.252698499991,1727175,2.93270171220331,1729008,4.41800000000012,115.524942966648,-113.810164935372,1727577,679,paced,NA,NA,NaN,13.5808057944768,0.0453301114245947,0.367528822336156,1,0,1726799,1727390,1727389,1727902,1727175,1727577,1.57084836625477,-1.45592287529476,0.752,0.374,1018.69089134381,894.123376676916,1.18,1.024,NaN,1727903,NaN,2.21,75146.48874862,67377.7828922648,-0.0321981346347618,-0.0543955426559124,-0.00879226797345559,3.82455348544001e-05,5.76953300442497e-05,3.93558391803644e-05,-0.00918300951160173,0.00726388354805962,1,0.916000000000167,0.901846153845939,0.0141538461542284,3453.598,14.1538461542284,1,0,1,0,paced,0.909157124210884,65.9951931324059,0.0155680968419111,75146.48874862,75146.48874862
1729008,1729008,NaN,18,2.93270171220331,200.253751940971,1729332,12.5658311575676,1731385,4.75399999999991,192.504485506086,-160.66316903955,1729883,680,paced,NA,NA,NaN,12.6209507782922,0.0399868077941815,0.305685457958559,2,0,1729008,1729601,1729600,1730254,1729332,1729883,2.29217492508665,-1.98660210655772,0.648,0.564,1448.1567742462,1616.08271946722,1.184,1.306,NaN,1730255,NaN,2.26,107675.783201148,120936.916463005,-0.053914638666663,-0.0542565822406645,-0.00745008505770195,6.97102171582722e-05,4.19022315999518e-05,2.81329008167761e-05,-0.00912315903236634,0.0114574572475732,1,0.910000000000309,0.884230248306954,0.0257697516933549,3458.016,25.7697516933549,1,0,0,0,paced,0.89467742139685,67.0632772942036,0.0288034000602372,107675.783201148,107675.783201148
1731385,1731385,NaN,18,12.5658311575676,260.748174394592,1731780,6.41045854602252,1733659,4.54800000000023,251.260029542797,-154.038551735831,1732164,681,paced,NA,NA,NaN,13.1926121372025,0.0340338445518707,0.248922588493897,1,0,1731385,1731978,1731977,1732835,1731780,1732164,2.74738280239921,-1.94515713152246,0.79,0.372,1767.0568257787,1839.82728607151,1.184,1.714,NaN,1732836,NaN,1.646,143193.882559246,147162.479031582,-0.0545181893196084,-0.087347011572876,-0.00481239632156848,5.9770057086815e-05,0.000108369025014936,3.80791696544325e-05,-0.015093074745829,0.0120013960043515,1,0.921999999999571,0.869999999999891,0.0519999999996799,3462.77,51.9999999996799,1,0,1,0,paced,0.89244908773348,67.2307259032331,0.0582666291157766,143193.882559246,143193.882559246
1733659,1733659,NaN,18,6.41045854602252,163.296141476468,1734003,5.24482554117455,1735821,4.32399999999961,157.468499432869,-128.342364747634,1734449,682,paced,NA,NA,NaN,13.876040703054,0.0429226920662437,0.234422967128935,1,0,1733659,1734253,1734252,1735127,1734003,1734449,1.95620145841462,-1.61505993035872,0.688,0.392,1339.08406306361,1498.23448481597,1.186,1.748,NaN,1735128,NaN,1.386,113373.267883459,125868.114618111,-0.0433615617351477,-0.0573536695850423,-0.00355234760031635,5.19910139186548e-05,6.11919191274948e-05,2.15999432168427e-05,-0.00983698589376743,0.00910105823630025,1,0.921952277656851,0.855999999999767,0.0659522776570834,3467.318,65.9522776570834,1,0,1,0,paced,0.888560513426353,67.5249452270118,0.0742237322731872,113373.267883459,113373.267883459
1735821,1735821,NaN,18,5.24482554117455,210.804180811674,1736238,7.97390455411441,1738178,4.7140000000004,204.19481576403,-165.178280303229,1736665,683,paced,NA,NA,NaN,12.7280441238852,0.0449684764521954,0.202539486763369,1,0,1735821,1736465,1736464,1737244,1736238,1736665,2.34395215320691,-1.93560755744791,0.834,0.4,1594.53463093185,1732.55066847695,1.286,1.558,NaN,1737245,NaN,1.866,133374.634988829,145072.595370684,-0.043560980680707,-0.071384843474551,-0.00445074968011817,4.37555736331477e-05,8.12683636771721e-05,3.50160183266826e-05,-0.0124945040605289,0.00941135705056939,1,0.888934537246084,0.846000000000004,0.0429345372460799,3471.642,42.9345372460799,1,0,1,0,paced,0.866467269422865,69.2467010784663,0.0495512511103595,133374.634988829,133374.634988829
1738178,1738178,NaN,18,7.97390455411441,174.936146834385,1738563,11.6584156162222,1740480,4.60399999999981,165.119986749217,-153.9041052905,1739029,684,paced,NA,NA,NaN,13.0321459600353,0.0440984728533577,0.23114892527163,2,0,1738178,1738837,1738836,1739917,1738563,1739029,2.01128656038181,-1.68977846565255,0.77,0.384,1533.27479881444,1823.15332614699,1.316,2.16,NaN,1739918,NaN,1.124,130827.602989506,154476.352305281,-0.0402440267933166,-0.0570620198726911,-0.00532514754937801,4.46481076964628e-05,6.20468860422249e-05,4.0431034042602e-05,-0.00981790279268213,0.00882082757829195,1,0.922000000000025,0.888934537246084,0.033065462753942,3476.356,33.065462753942,1,0,0,0,paced,0.909062204104733,66.0020840478012,0.0363731575294186,130827.602989506,130827.602989506
1740480,1740480,NaN,18,11.6584156162222,212.389161218241,1740851,1.20150081260767,1742927,4.89399999999978,205.959203003826,-95.6769006636729,1741364,685,paced,NA,NA,NaN,12.2599100939932,0.0443238585196704,0.164119857536313,1,0,1740480,1741159,1741158,1742230,1740851,1741364,2.33108191272782,-1.21754685487243,0.742,0.41,1754.53690204949,1590.38577601132,1.356,2.142,NaN,1742231,NaN,1.392,142732.057027556,129789.994356399,-0.0491820728234362,-0.0483958892195691,-0.00250584903704639,5.35057768279458e-05,4.47627980532033e-05,2.03082088508529e-05,-0.00841506754726464,0.0101630074488452,1,0.931999999999789,0.908000000000357,0.0239999999994325,3480.96,23.9999999994325,1,0,1,0,paced,0.918189375423307,65.3459968128455,0.0261383987245201,142732.057027556,142732.057027556
1742927,1742927,NaN,18,1.20150081260767,139.278310557849,1743300,3.41985580496809,1745110,4.36599999999999,136.967632249061,-113.639406387254,1743735,686,paced,NA,NA,NaN,13.7425561154375,0.0359793541405866,0.184223813373795,1,0,1742927,1743546,1743545,1744109,1743300,1743735,1.64483582610673,-1.30189402288938,0.746,0.378,1109.84409410386,918.740366610644,1.236,1.126,NaN,1744110,NaN,2,95159.5722603997,78683.1706248689,-0.0331855311235661,-0.0482908341867078,-0.00740865007353082,3.51506480497049e-05,5.36027798586533e-05,3.02890890821518e-05,-0.00833359871499479,0.00670796873050916,1,0.920000000000073,0.856000000000222,0.0639999999998508,3485.854,63.9999999998508,1,0,1,0,paced,0.889426647831247,67.4591886203346,0.0719564678615225,95159.5722603997,95159.5722603997
1745110,1745110,NaN,18,3.41985580496809,149.279463829307,1745471,12.7321461559695,1747468,4.71600000000035,141.203462848838,-241.841381180821,1746032,687,paced,NA,NA,NaN,12.7226463104316,0.0370756644679221,0.190210617940397,1,0,1745110,1745780,1745779,1746442,1745471,1746032,1.86732039498184,-2.71932741813279,0.722,0.504,1434.29335786222,1898.33335698636,1.338,1.324,NaN,1746443,NaN,2.05,116441.17388511,158804.264496559,-0.0395286414849849,-0.0589038058049843,-0.00674742274062641,4.13715136254292e-05,5.96783908031161e-05,5.47625741162073e-05,-0.00975500864270376,0.00909793862760666,1,0.888000000000375,0.856000000000222,0.0320000000001528,3490.22,32.0000000001528,1,0,1,0,paced,0.868091671968895,69.1171243054499,0.036862466296416,116441.17388511,116441.17388511
1747468,1747468,NaN,18,12.7321461559695,192.880117487322,1747806,10.799918667719,1749816,4.69599999999991,181.114085075478,-135.658764797942,1748335,688,paced,NA,NA,NaN,12.7768313458265,0.0401855247391694,0.191845548368608,2,0,1747468,1748093,1748092,1749240,1747806,1748335,2.05275799258613,-1.5326129090039,0.676,0.484,1414.45119192376,1696.70776976233,1.248,2.294,NaN,1749241,NaN,1.15,120979.205040868,144132.231106692,-0.0479963076943173,-0.0476519343544125,-0.00364012559279852,5.20750824473153e-05,3.78558426847359e-05,2.12282519829247e-05,-0.0080850380919517,0.00893563272918774,1,0.887189189189532,0.84546698113209,0.0417222080574416,3494.936,41.7222080574416,1,0,0,0,paced,0.86790157068122,69.1322634119739,0.048072511292604,120979.205040868,120979.205040868
1749816,1749816,NaN,18,10.799918667719,228.201585558931,1750147,2.67087578258735,1752080,4.52799999999979,221.466188333777,-124.773656379266,1750717,689,paced,NA,NA,NaN,13.2508833922268,0.0371744562786423,0.196738828729677,1,0,1749816,1750398,1750397,1751209,1750147,1750717,2.27561459920825,-1.41797322861205,0.662,0.638,1390.83284096788,1361.96984079766,1.162,1.622,NaN,1751210,NaN,1.74,119449.325895389,117138.843749488,-0.0537918435680747,-0.0442973932749777,-0.00262082431244972,6.19707369226316e-05,4.11260030816114e-05,2.03310353934217e-05,-0.00741326682142223,0.0104398224450553,1,0.909351111111251,0.842000000000098,0.0673511111111528,3499.632,67.3511111111528,1,0,1,0,paced,0.883224914840478,67.9328662403469,0.0762559003708781,119449.325895389,119449.325895389
1752080,1752080,NaN,18,2.67087578258735,163.132524362641,1752449,23.9423846959791,1754334,4.50800000000027,149.825894123358,-196.990752446058,1753037,690,paced,NA,NA,NaN,13.3096716947641,0.031081007318174,0.164060463683496,3,0,1752080,1752798,1752797,1753870,1752449,1753037,1.72469722327722,-2.17594702300058,0.738,0.478,1398.29872580112,2404.95900239836,1.434,2.144,NaN,1753871,NaN,0.926,125178.081008273,214079.206990995,-0.0356701402972261,-0.0477073029605039,-0.00883853508128812,3.88280103774347e-05,4.93283359436878e-05,4.45150836250522e-05,-0.00768181980414774,0.00857376166858043,1,0.916000000000167,0.873999999999796,0.0420000000003711,3504.16,42.0000000003711,1,0,0,0,paced,0.894436610368382,67.0813328797984,0.0469569330162738,125178.081008273,125178.081008273
1754334,1754334,NaN,18,23.9423846959791,211.219128294635,1754691,4.07161987139435,1756742,4.8159999999998,197.212126010949,-190.561594024456,1755289,691,paced,NA,NA,NaN,12.4584717607979,0.0294219402107901,0.149795735747551,1,0,1754334,1755044,1755043,1755719,1754691,1755289,2.43441421841036,-2.19681734562728,0.714,0.49,1896.66053067936,1672.87457759558,1.418,1.35,NaN,1755720,NaN,2.044,157680.053401921,141231.301464182,-0.0552024606878326,-0.0545683880146709,-0.00754515366277106,5.5134071298757e-05,4.58304402813533e-05,3.77328361381442e-05,-0.00867147504923295,0.00990857799747502,1,0.905999999999949,0.876000000000204,0.0299999999997453,3508.668,29.9999999997453,1,0,1,0,paced,0.893727497399609,67.1345574289435,0.0335672787141868,157680.053401921,157680.053401921
1756742,1756742,NaN,18,4.07161987139435,218.824056094943,1757102,8.38044022098022,1758942,4.40000000000009,212.598026048756,-128.2462238057,1757655,692,paced,NA,NA,NaN,13.6363636363634,0.0316207554860556,0.163727532335938,1,0,1756742,1757317,1757316,1758169,1757102,1757655,2.37924303596822,-1.6096420728015,0.72,0.676,1435.60073836664,1710.3756081459,1.148,1.704,NaN,1758170,NaN,1.544,126045.180124519,148436.01732217,-0.0500245531514288,-0.051126361950236,-0.00393539343390654,6.23176090836521e-05,5.45384173739924e-05,2.64506010013986e-05,-0.00853948068705596,0.0114433570748951,1,0.90368141592876,0.835464114832321,0.0682173010964386,3513.484,68.2173010964386,1,0,1,0,paced,0.869614977166821,68.9960517877442,0.078445407321167,126045.180124519,126045.180124519
1758942,1758942,NaN,18,8.38044022098022,203.668118290895,1759345,1.96079744876293,1761233,4.58199999999988,198.497499456024,-94.4647201221187,1759763,693,paced,NA,NA,NaN,13.0947184635534,0.0326437383035818,0.195950954352269,1,0,1758942,1759570,1759569,1760262,1759345,1759763,2.01563494385994,-1.12535132853543,0.806,0.386,1332.58392983923,1029.38367426204,1.254,1.384,NaN,1760263,NaN,1.94,119006.83372417,93826.2303765515,-0.0386897039211885,-0.0531042825152991,-0.00562407516158824,4.10672789950645e-05,6.17498803686769e-05,2.19499144997811e-05,-0.0093095695926326,0.008451456867552,1,0.942025641025787,0.821999999999662,0.120025641026125,3517.884,120.025641026125,1,0,1,0,paced,0.88131578308963,68.0800243808841,0.136189142789831,119006.83372417,119006.83372417
1761233,1761233,NaN,18,1.96079744876293,154.78281107719,1761630,3.99934835270791,1763539,4.61200000000008,151.802738176454,-124.991800496763,1762156,694,paced,NA,NA,NaN,13.0095403295748,0.0393135301376786,0.168511455192844,1,0,1761233,1761901,1761900,1762559,1761630,1762156,1.66087397144947,-1.47293008194005,0.794,0.51,1126.07157028243,1144.65056847875,1.334,1.316,NaN,1762560,NaN,1.958,95461.3881521287,95622.6927258176,-0.0317251187531474,-0.0420615891018408,-0.00503329227470023,3.71028906935588e-05,3.49217810536453e-05,2.57646888950331e-05,-0.00718890916550222,0.00749000780654696,1,0.961999999999989,0.938000000000102,0.0239999999998872,3522.466,23.9999999998872,1,0,1,0,paced,0.951681991186599,63.0462702411647,0.0252185080963474,95461.3881521287,95461.3881521287
1763539,1763539,NaN,18,3.99934835270791,170.066059913386,1763922,19.1640574317656,1765920,4.76200000000017,158.484357021149,-200.192049054239,1764452,695,paced,NA,NA,NaN,12.5997480050394,0.0464660082688797,0.22447954250804,2,0,1763539,1764215,1764214,1764759,1763922,1764452,1.97827148830781,-2.29921583542316,0.766,0.474,1460.47694738251,1633.26802415229,1.35,1.088,NaN,1764760,NaN,2.32,117291.052609892,133503.678779617,-0.0397080464025488,-0.0578370389901584,-0.0129591385362794,4.39972591804069e-05,5.20799926801851e-05,4.65165625080974e-05,-0.00972279460508371,0.0085759978494111,1,0.940389830508068,0.905450549450404,0.0349392810576633,3527.078,34.9392810576633,1,0,0,0,paced,0.93004917534112,64.5127178119301,0.0375671329904125,117291.052609892,117291.052609892
1765920,1765920,NaN,18,19.1640574317656,259.524444894609,1766314,1.87291193319621,1768296,4.75199999999995,249.005960212128,-152.95785432013,1766796,696,paced,NA,NA,NaN,12.6262626262628,0.0421046228834617,0.229679279124192,1,0,1765920,1766552,1766551,1767235,1766314,1766796,2.99475378308761,-1.99340620309993,0.788,0.488,2087.35009371726,1683.54535789481,1.262,1.366,NaN,1767236,NaN,2.12,161618.771023925,130785.55565546,-0.0604783907780471,-0.0723129451175736,-0.00687127278445746,5.90119653795919e-05,7.57459685149263e-05,3.88338941597349e-05,-0.0126931671764875,0.0118112233751573,1,0.958255765198978,0.891999999999825,0.0662557651991531,3531.84,66.2557651991531,1,0,1,0,paced,0.923373226654649,64.979141985065,0.0717540462367483,161618.771023925,161618.771023925
1768296,1768296,NaN,18,1.87291193319621,208.907777468843,1768667,2.58360341121511,1770472,4.35199999999986,206.679519796637,-148.721580421445,1769001,697,paced,NA,NA,NaN,13.7867647058828,0.0421046228834552,0.309908145722194,1,0,1768296,1768841,1768840,1769301,1768667,1769001,1.9222268673638,-1.41079853260167,0.742,0.32,1035.64103687961,788.230079672011,1.088,0.92,NaN,1769302,NaN,2.34,93617.3409817403,77812.2916384913,-0.0401495521143133,-0.0719489601912491,-0.0101911147880086,5.18165875489577e-05,9.06819842678368e-05,5.26962967962763e-05,-0.0120514039590895,0.00973861264775833,1,0.970000000000255,0.918069114470955,0.0519308855292994,3536.592,51.9308855292994,1,0,1,0,paced,0.94943990397574,63.195153004158,0.0546963376110915,93617.3409817403,93617.3409817403
1770472,1770472,NaN,18,2.58360341121511,133.297730719448,1770969,7.39516000691171,1772955,4.96599999999989,128.308349010385,-161.700454940946,1771418,698,paced,NA,NA,NaN,12.0821586790176,0.0420421746243221,0.28224812712858,2,0,1770472,1771217,1771216,1771720,1770969,1771418,1.40630443326611,-1.58995091219957,0.994,0.402,1165.45126471727,1042.88439984746,1.488,1.006,NaN,1771721,NaN,2.468,110972.741162375,101783.491209714,-0.0210120859606197,-0.0484397863129987,-0.0103104463162411,2.01027990593014e-05,5.24146048141407e-05,4.0326757736645e-05,-0.00826584204864205,0.00539857762425044,1,0.920000000000073,0.871239179954302,0.0487608200457712,3540.944,48.7608200457712,1,0,0,0,paced,0.900640329413842,66.6192685808878,0.0541401694475595,110972.741162375,110972.741162375
1772955,1772955,NaN,18,7.39516000691171,232.399158088206,1773282,10.1787880389531,1775224,4.53800000000001,223.612184065274,-133.236499864142,1773632,699,paced,NA,NA,NaN,13.2216835610401,0.0789616384843703,0.250269498510062,1,0,1772955,1773455,1773454,1774089,1773282,1773632,2.12294788557548,-1.42653188454166,0.654,0.354,1101.07356559917,1154.03540996401,0.998,1.268,NaN,1774090,NaN,2.268,107944.799532646,110950.694155419,-0.0506103085316345,-0.0730339346293266,-0.00639074200024389,6.23242705311797e-05,9.18111786436496e-05,3.38245468412923e-05,-0.0122959589318018,0.0103198307655077,1,0.889999999999873,0.855999999999767,0.0340000000001055,3545.91,34.0000000001055,1,0,1,0,paced,0.870262877226323,68.9446850717456,0.0390686548741104,107944.799532646,107944.799532646
1775224,1775224,NaN,18,10.1787880389531,326.535576636006,1775561,25.1553672347739,1777515,4.58200000000033,308.868498999142,-247.313300066288,1776043,700,paced,NA,NA,NaN,13.0947184635521,0.0896499131189604,0.285227691230811,1,0,1775224,1775823,1775822,1776651,1775561,1776043,3.25324437366101,-2.78752492643686,0.674,0.44,2166.05868409382,2648.40522985174,1.196,1.656,NaN,1776652,NaN,1.726,192991.183622421,241975.719652575,-0.0742048761290665,-0.0889251431312035,-0.00707921080527378,8.78277186467047e-05,8.70026457074656e-05,4.98737156129742e-05,-0.0153247123447003,0.0151495636580561,1,0.94800000000032,0.867065420560879,0.0809345794394416,3550.448,80.9345794394416,1,0,1,0,paced,0.909485552331348,65.9713613330061,0.0889894064089048,192991.183622421,192991.183622421
1777515,1777515,NaN,18,25.1553672347739,210.858981429901,1777834,7.67078564042722,1779872,4.71399999999994,194.445904992301,-160.097635924118,1778310,701,paced,NA,NA,NaN,12.7280441238865,0.0886525572922841,0.381250594698771,2,0,1777515,1778118,1778117,1779224,1777834,1778310,2.2392070932651,-1.68282473041481,0.638,0.384,1589.09417329084,1717.66037297794,1.204,2.212,NaN,1779225,NaN,1.294,142941.580094924,154929.021758991,-0.0567020962241741,-0.058624562525032,-0.00543002040276732,5.77555700819223e-05,5.68761534112304e-05,4.31964270839323e-05,-0.0098515626868936,0.00936245363156396,1,0.945999999999913,0.86200000000008,0.0839999999998327,3555.03,83.9999999998327,1,0,0,0,paced,0.897890799456969,66.8232707544025,0.0935525790559772,142941.580094924,142941.580094924
1779872,1779872,NaN,18,7.67078564042722,246.808428477856,1780203,-2.97197074523203,1781797,3.84999999999991,244.459021030259,-115.579504545525,1780541,702,paced,NA,NA,NaN,15.584415584416,0.0881105160049538,0.405993077611236,1,0,1779872,1780396,1780395,1781128,1780203,1780541,2.44500186497989,-1.20270009444624,0.662,0.29,1349.38660962707,1068.505938281,1.046,1.464,NaN,1781129,NaN,1.336,123287.755812212,101686.769450006,-0.0570375609242564,-0.0769653313135997,-0.00617465757686668,7.21954307384208e-05,9.92794047776648e-05,2.9155235555232e-05,-0.0129036731977608,0.0120943944544682,1,0.945999999999913,0.881953596287766,0.0640464037121466,3559.744,64.0464037121467,1,0,1,0,paced,0.928156011666949,64.6443046705491,0.0690039205770166,123287.755812212,123287.755812212
1781797,1781797,NaN,18,-2.97197074523203,152.315759804511,1782516,0.303640224624721,1784342,5.09000000000015,153.649925064814,-109.858794839155,1783254,703,paced,NA,NA,NaN,11.7878192534378,0.0893234214739415,0.420329401745132,1,0,1781797,1782858,1782857,1783923,1782516,1783254,1.67099511859191,-1.42138406377202,1.438,0.792,1511.26842735624,1751.66519839618,2.12,2.13,NaN,1783924,NaN,0.836,131030.678201999,138919.855918923,-0.0172270991204211,-0.0289323129973169,-0.0020191994244774,1.60861285634689e-05,1.99291364799648e-05,1.19558229867174e-05,-0.00490649912401917,0.00563540851508815,1,0.976625514403388,0.914000000000215,0.0626255144031737,3563.594,62.6255144031737,1,0,1,0,paced,0.945797940013591,63.4384972324404,0.0662144753690981,131030.678201999,131030.678201999
1784342,1784342,NaN,18,0.303640224624721,98.3240553440505,1784847,6.41458072839043,1786541,4.39799999999968,94.9649448675429,-124.65961189267,1785330,704,paced,NA,NA,NaN,13.6425648021838,0.0899028242469847,0.33372319424569,1,0,1784342,1785140,1785139,1785702,1784847,1785330,1.37822327087918,-1.59495553600725,1.01,0.38,1424.35318946386,1120.49941257314,1.594,1.124,NaN,1785703,NaN,1.676,109910.420961055,90092.7501971742,-0.0207858138705229,-0.0450497808050772,-0.0105070012345823,2.05091081884518e-05,5.30398102315823e-05,3.48373558094278e-05,-0.00760974181769978,0.00526728780751062,1,0.980000000000018,0.890000000000327,0.0899999999996908,3568.684,89.9999999996908,1,0,1,0,paced,0.941266193017296,63.7439232866377,0.095615884929628,109910.420961055,109910.420961055
1786541,1786541,NaN,18,6.41458072839043,118.626444882649,1787173,17.3467106981236,1789015,4.94800000000032,106.745799169392,-124.209647942274,1788105,705,paced,NA,NA,NaN,12.1261115602256,0.0967519025365954,0.325943271179471,2,0,1786541,1787489,1787488,1788502,1787173,1788105,1.49946743706018,-1.61858925186485,1.264,1.232,1626.23693374224,2155.47792092011,1.894,2.026,NaN,1788503,NaN,1.024,120293.617313572,154074.328468901,-0.0178261561735224,-0.0241803022192529,-0.00372007760636752,1.46712317904835e-05,2.59804836604121e-05,2.6160339793477e-05,-0.00384545328520975,0.00665504530553807,1,0.919072527472514,0.870000000000346,0.0490725274721684,3573.082,49.0725274721684,1,0,0,0,paced,0.894942622839012,67.0434042013364,0.0548331549082961,120293.617313572,120293.617313572
1789015,1789015,NaN,18,17.3467106981236,179.518460032327,1789403,18.6404946687702,1791433,4.83599999999979,161.52485734888,-79.8371590023154,1790632,706,paced,NA,NA,NaN,12.4069478908194,0.0672420766724505,0.197726183577861,1,0,1789015,1789724,1789723,1791007,1789403,1790632,2.04236460219943,-1.12475317611017,0.776,1.816,1526.33339017649,1677.66001233408,1.416,2.566,NaN,1791008,NaN,0.85,116433.022948971,127286.680545956,-0.0429825766759006,-0.0180884277825169,-0.00277172569764334,4.25952404522756e-05,1.79739080092248e-05,1.6225938059867e-05,-0.00218631555991445,0.00844831967411963,1,0.922000000000025,0.874000000000251,0.0479999999997744,3578.03,47.9999999997744,1,0,1,0,paced,0.895546462537155,66.9981988762651,0.0535985591007602,116433.022948971,116433.022948971
1791433,1791433,NaN,18,18.6404946687702,152.904461999172,1791796,25.0576195771998,1793693,4.51999999999998,131.055404876187,-179.507710265555,1792651,707,paced,NA,NA,NaN,13.2743362831859,0.0552323908602792,0.206886160403782,1,0,1791433,1792275,1792274,1793203,1791796,1792651,1.90604387855301,-2.23556427192841,0.726,0.752,1680.43004919812,2091.37963321148,1.682,1.856,NaN,1793204,NaN,0.978,128089.681673,160692.951214871,-0.0428668357888874,-0.0340682909198524,-0.00633011271236128,3.7233577181006e-05,2.7071969977491e-05,2.51949158643507e-05,-0.00510447896350024,0.00689544873960468,1,0.914000000000215,0.869999999999891,0.0440000000003238,3582.866,44.0000000003238,1,0,1,0,paced,0.898286854418191,66.793808352969,0.048982126125871,128089.681673,128089.681673
1793693,1793693,NaN,18,25.0576195771998,181.61167845537,1794040,10.3891694370838,1795797,4.20800000000008,163.888283948228,-123.282306642441,1794388,708,paced,NA,NA,NaN,14.2585551330796,0.053285428726817,0.209463625196208,1,0,1793693,1794224,1794223,1795156,1794040,1794388,2.05457007470669,-1.4866627746329,0.694,0.328,1261.24124443769,1268.13198807043,1.06,1.864,NaN,1795157,NaN,1.28,107709.707321386,113484.055538544,-0.0489927886921252,-0.0733531070398182,-0.00381322111050076,4.5473992881901e-05,9.15807962569717e-05,2.40653001769762e-05,-0.0123989924727971,0.00804750374819774,1,0.94800000000032,0.857916859122575,0.0900831408777449,3587.386,90.0831408777449,1,0,1,0,paced,0.905600202166442,66.2544021704762,0.099473410741563,107709.707321386,107709.707321386
1795797,1795797,NaN,18,10.3891694370838,160.185125865396,1796255,19.9245643940626,1798146,4.69799999999987,145.028258949823,-169.899105926214,1796851,709,paced,NA,NA,NaN,12.7713920817373,0.0480393111105055,0.150540709098623,1,0,1795797,1796494,1796493,1797410,1796255,1796851,2.00786737313376,-2.06009426430437,0.916,0.714,1503.01951304472,2187.90060638052,1.392,1.832,NaN,1797411,NaN,1.47,124654.526158715,183019.16454612,-0.0339365303107432,-0.0480587781146408,-0.00560716072907106,3.26611068171628e-05,4.8051597971453e-05,2.72087723208823e-05,-0.00849920244970059,0.00759951486364696,1,0.88592710706159,0.822000000000116,0.0639271070614738,3591.594,63.9271070614738,1,0,1,0,paced,0.863205604977713,69.5083531131023,0.0740577988521336,124654.526158715,124654.526158715
1798146,1798146,NaN,18,19.9245643940626,177.051180912673,1798620,2.59661829556749,1800465,4.63799999999992,165.790589567858,-162.999325495678,1799140,710,paced,NA,NA,NaN,12.9366106080209,0.0439907355791141,0.174533627731189,1,0,1798146,1798898,1798897,1799538,1798620,1799140,1.9527243996998,-1.79501503444041,0.948,0.484,1643.38182505852,1395.40405336035,1.502,1.28,NaN,1799539,NaN,1.852,136624.305733183,118644.384395105,-0.0330706453626366,-0.0510140966786293,-0.0067885907810833,2.51976626839616e-05,4.53230714925697e-05,3.15135410991322e-05,-0.00887277702825275,0.00591342634126368,1,0.950000000000273,0.88592710706159,0.0640728929386827,3596.292,64.0728929386827,1,0,1,0,paced,0.931388360511656,64.4199590029654,0.0687928856051888,136624.305733183,136624.305733183
1800465,1800465,NaN,18,2.59661829556749,215.525445528213,1800813,7.46103663954976,1802885,4.84000000000015,210.496618060654,-143.196712497592,1801443,711,paced,NA,NA,NaN,12.3966942148757,0.140929928117864,0.165197550778824,2,0,1800465,1801099,1801098,1801795,1800813,1801443,2.17696104850436,-1.74785872953573,0.696,0.688,1381.70804754147,1502.79977038053,1.266,1.392,NaN,1801796,NaN,2.178,109642.285661609,124017.128269977,-0.0480055938659329,-0.0428354584772939,-0.00515175518294004,6.07647736440982e-05,3.24119361666532e-05,2.4381956442537e-05,-0.00702982701623085,0.0107543622069584,1,0.936127659574492,0.874000000000001,0.062127659574491,3600.93,62.127659574491,1,0,0,0,paced,0.912196096125859,65.7753308250527,0.0681077893649733,109642.285661609,109642.285661609
1802885,1802885,NaN,18,7.46103663954976,169.532250266928,1803349,5.9882273248933,1805136,4.50199999999995,162.807618284706,-202.681493557543,1803740,712,paced,NA,NA,NaN,13.3274100399824,0.152309581204176,0.180023208296358,2,0,1802885,1803530,1803529,1804030,1803349,1803740,1.77067535374941,-2.21677219738464,0.928,0.42,1322.9082018151,1387.82109227962,1.288,1,NaN,1804031,NaN,2.21,115784.604212791,121909.189416631,-0.028808123907834,-0.0740640173617868,-0.011389455137838,2.44844889192764e-05,8.84906790927922e-05,6.19367266076915e-05,-0.0126766703481735,0.00885944755063406,1,0.9399999999996,0.873999999999796,0.0659999999998035,3605.77,65.9999999998035,1,0,0,0,paced,0.909230137797658,65.9898935437098,0.0725888828978647,115784.604212791,115784.604212791
1805136,1805136,NaN,18,5.9882273248933,136.725993185478,1805534,8.58370736556675,1807479,4.68600000000015,129.440025840248,-157.237940308339,1806108,713,paced,NA,NA,NaN,12.8040973111392,0.168537454465538,0.181738967910803,1,0,1805136,1805891,1805890,1806404,1805534,1806108,1.73982400892143,-1.94084601275162,0.796,0.434,1636.80634434467,1331.21437930766,1.508,1.026,NaN,1806405,NaN,2.148,131065.865592751,108819.276887808,-0.0338940176020545,-0.0462234283840325,-0.014685075323905,3.26626654615711e-05,4.91357240486857e-05,4.57035318671972e-05,-0.007747188201982,0.00665485626109485,1,0.968000000000302,0.922000000000025,0.0460000000002765,3610.272,46.0000000002765,1,0,1,0,paced,0.940963411384365,63.7644346996731,0.0488860666033766,131065.865592751,131065.865592751
1807479,1807479,NaN,18,8.58370736556675,183.830957559511,1808112,-30.7988747193393,1809005,3.05200000000013,194.938541236398,-173.164816341895,1808511,714,paced,NA,NA,NaN,19.6592398427252,0.192897296378714,0.206200434323909,2,0,1807479,1808282,1808281,1808870,1808112,1808511,2.31321703736041,-2.13508277162706,1.266,0.458,2013.47341390314,1525.47216537648,1.604,1.176,NaN,1808871,NaN,0.268,164712.870696674,134078.748453096,-0.0284648870992093,-0.0817348300123355,-0.0115425100215973,3.40074295199534e-05,9.9191474607216e-05,7.10326397557508e-05,-0.0134847107621386,0.0116195884830471,1,0.929999999999382,0.848000000000411,0.0819999999989705,3614.958,81.9999999989705,1,0,0,0,paced,0.88143042338568,68.0711697805174,0.0930305986988725,164712.870696674,164712.870696674
1809005,1809005,NaN,19,-30.7988747193393,184.297122498583,1809264,8.54730071800355,1811524,5.03799999999956,195.422909499251,-151.234774953701,1809698,715,paced,NA,NA,NaN,11.9094878920217,0.0453948693771009,0.240785828837164,1,0,1809005,1809499,1809498,1810500,1809264,1809698,2.42457743745414,-1.95523330449009,0.518,0.398,1382.04967379492,1997.59401275366,0.986,2.002,NaN,1810501,NaN,2.046,112805.48456615,149125.925213402,-0.0701746405575112,-0.0719046397999052,-0.00367054505001761,9.98970774318106e-05,6.91851299951285e-05,2.34173653864708e-05,-0.0120570816390824,0.0132718805349245,1,0.966000000000349,0.882979118329463,0.0830208816708859,3618.01,83.020881670886,1,0,1,0,paced,0.936121870641314,64.0942187996264,0.0886859759125277,112805.48456615,112805.48456615
1811524,1811524,NaN,19,8.54730071800355,115.616816586597,1811984,3.61701100051835,1814278,5.50800000000027,109.534660727336,-97.024856768482,1812413,716,paced,NA,NA,NaN,10.8932461873633,0.0402332945397782,0.222263523141916,2,0,1811524,1812229,1812228,1813362,1811984,1812413,1.61832941931505,-1.3258949014041,0.92,0.368,1229.40266787626,1376.26732937714,1.408,2.266,NaN,1813363,NaN,1.83,89970.7514231566,101975.578609398,-0.0273053744622829,-0.0494197851428003,-0.0028723103469634,2.63393307350981e-05,5.50006467234691e-05,2.04485541357327e-05,-0.0084878552551964,0.00619701552545948,1,0.925769230769402,0.860000000000127,0.0657692307692748,3623.048,65.7692307692748,1,0,0,0,paced,0.887871680633956,67.5773327483077,0.0740751532049253,89970.7514231566,89970.7514231566
1814278,1814278,NaN,19,3.61701100051835,197.573353529563,1814657,5.98852300668191,1817074,5.5920000000001,192.770586525962,-79.5795317618309,1815915,717,paced,NA,NA,NaN,10.7296137339054,0.0413444717097637,0.203933876976831,1,0,1814278,1814961,1814960,1816356,1814657,1815915,2.42114670000576,-1.13683759421255,0.758,1.908,1646.13048009329,1967.14649331306,1.364,2.79,NaN,1816357,NaN,1.434,113174.873060909,131405.023221222,-0.0491631099709432,-0.0198009812369844,-0.00201245639108075,5.59919065502392e-05,2.32510469672358e-05,1.33280328876633e-05,-0.00222986381666852,0.0107926998266232,1,1.03399999999965,0.88799999999992,0.145999999999731,3628.556,145.999999999731,1,0,1,0,paced,0.962952663312103,62.3083587448923,0.151617006278958,113174.873060909,113174.873060909
1817074,1817074,NaN,19,5.98852300668191,194.864099288874,1817450,10.6499669327902,1819754,5.35999999999967,186.544854319138,-101.382689767623,1818495,718,paced,NA,NA,NaN,11.194029850747,0.0442464199114934,0.188199079670413,1,0,1817074,1817785,1817784,1819018,1817450,1818495,2.62111020682572,-1.71805614234594,0.752,1.42,1781.52561656609,2105.81068253365,1.42,2.466,NaN,1819019,NaN,1.47,105000.128752329,127820.897074265,-0.0542536523208315,-0.0290327129672414,-0.00276453868944475,6.33649246875029e-05,3.04414425578724e-05,1.59222087495842e-05,-0.00368970090320776,0.0121064749591895,1,1.02859187620868,0.885187358916441,0.14340451729224,3634.148,143.40451729224,1,0,1,0,paced,0.950894780122236,63.0984639460184,0.150810079401009,105000.128752329,105000.128752329
1819754,1819754,NaN,19,10.6499669327902,155.709213586989,1820156,3.1205114255007,1822394,5.2800000000002,148.823974407843,-122.498307654479,1820738,719,paced,NA,NA,NaN,11.3636363636359,0.0553599111076984,0.229383832218856,1,0,1819754,1820464,1820463,1821268,1820156,1820738,2.46965350706093,-1.90086668334045,0.804,0.548,2037.73441492416,1823.17055454741,1.418,1.608,NaN,1821269,NaN,2.25,127885.943753059,114767.667333929,-0.0475574145494214,-0.0524251022971734,-0.00491401001420514,4.49256934416198e-05,4.62115114841916e-05,2.67886488543402e-05,-0.00937481151715583,0.00926020261508942,1,0.898000000000138,0.856000000000222,0.0419999999999163,3639.508,41.9999999999163,1,0,1,0,paced,0.881801844861286,68.042497699059,0.0476297483892464,127885.943753059,127885.943753059
1822394,1822394,NaN,19,3.1205114255007,157.88104013819,1822805,5.22609179155802,1825210,5.63200000000006,153.707738529661,-98.8218573730421,1823362,720,paced,NA,NA,NaN,10.653409090909,0.0592236677192226,0.200030057922478,1,0,1822394,1823151,1823150,1824500,1822805,1823362,2.33105915247394,-1.5267318082242,0.822,0.422,1902.87851934673,2126.72577799453,1.512,2.698,NaN,1824501,NaN,1.418,120335.891454712,133413.251366463,-0.0435979401291544,-0.0488129519150476,-0.00284869502798856,4.59275398062873e-05,4.35911732270453e-05,1.8526108108906e-05,-0.00843082962336429,0.00968720347494267,1,0.893194630872707,0.835999999999785,0.0571946308729212,3644.788,57.1946308729212,1,0,1,0,paced,0.855992794471091,70.0940479727676,0.0668167200031879,120335.891454712,120335.891454712
1825210,1825210,NaN,19,5.22609179155802,160.978365333667,1825636,2.85730513996181,1827751,5.08199999999988,156.936666867907,-91.4906744943465,1826069,721,paced,NA,NA,NaN,11.8063754427394,0.0625286594206076,0.201763920068041,1,0,1825210,1825869,1825868,1826945,1825636,1826069,2.36945540569332,-1.48816926310575,0.852,0.4,1752.69201161791,1849.12091925795,1.316,2.152,NaN,1826946,NaN,1.61,117994.991725216,123458.663435066,-0.0421094447943583,-0.0633924865129128,-0.00286909464511109,3.91704776448472e-05,7.40056840851337e-05,2.12465866052383e-05,-0.0112150942304479,0.00842595722865269,1,0.883272727272759,0.80600000000004,0.0772727272727187,3650.42,77.2727272727187,1,0,1,0,paced,0.854731599705383,70.1974748806308,0.0904058388614085,117994.991725216,117994.991725216
1827751,1827751,NaN,19,2.85730513996181,106.749098561883,1828324,5.50605625860783,1830769,6.03600000000006,102.567417862598,-92.5127457618831,1828736,722,paced,NA,NA,NaN,9.94035785288261,0.0628668449296087,0.228046683689642,2,0,1827751,1828552,1828551,1830059,1828324,1828736,1.75089921198475,-1.43534744844842,1.146,0.368,1773.74944604071,1961.88089085956,1.6,3.014,NaN,1830060,NaN,1.418,115165.455266219,132036.272438706,-0.0227850226702343,-0.0556594263382724,-0.00268297155190569,2.29160663065013e-05,6.45292918925215e-05,1.93263358043202e-05,-0.00963609980949437,0.005915624213086,1,0.885999999999967,0.839999999999691,0.0460000000002765,3655.502,46.0000000002765,1,0,0,0,paced,0.866656800056569,69.2315574009038,0.053077527341012,115165.455266219,115165.455266219
1830769,1830769,NaN,19,5.50605625860783,202.007060611094,1831104,12.7504738948946,1833374,5.21000000000004,192.878795534343,-144.045473305273,1832194,723,paced,NA,NA,NaN,11.5163147792706,0.0654752124474523,0.224666185076283,1,0,1830769,1831446,1831445,1832622,1831104,1832194,2.87046277111712,-1.88818237583059,0.67,1.496,1920.45712547864,2301.39763516611,1.352,2.352,NaN,1832623,NaN,1.502,123499.702506255,151715.618772618,-0.0659142269029959,-0.0307022864597389,-0.0030974908480276,7.64927454403405e-05,3.41872377892631e-05,2.22705402303234e-05,-0.0040479386786819,0.0130077613374624,1,0.876000000000204,0.844000000000051,0.0320000000001528,3661.538,32.0000000001528,1,0,1,0,paced,0.862942333815229,69.5295591012771,0.0370824315208582,123499.702506255,123499.702506255
1833374,1833374,NaN,19,12.7504738948946,139.087079315073,1833714,1.84891220063759,1835941,5.13400000000001,131.787386267307,-112.843724292212,1834255,724,paced,NA,NA,NaN,11.6867939228671,0.0655513320836983,0.245272224529515,1,0,1833374,1834039,1834038,1834906,1833714,1834255,2.11713870346513,-1.76522087301244,0.68,0.432,1675.31595870312,1673.05830132052,1.328,1.734,NaN,1834907,NaN,2.068,109494.578202167,110258.679976871,-0.0490966976139526,-0.0509383262016984,-0.00331576775784768,4.89370377601496e-05,4.73433007515981e-05,2.15504336144221e-05,-0.00863327153273076,0.00852705441539436,1,0.884000000000015,0.851999999999862,0.0320000000001528,3666.748,32.0000000001528,1,0,1,0,paced,0.868318813095893,69.099044147249,0.0368528235453755,109494.578202167,109494.578202167
1835941,1835941,NaN,19,1.84891220063759,210.808535747698,1836300,2.22698014554537,1838704,5.52599999999984,208.770589574607,-105.768997497059,1836856,725,paced,NA,NA,NaN,10.8577633007604,0.0584993782801752,0.249332484069536,1,0,1835941,1836586,1836585,1837547,1836300,1836856,2.93616807119473,-1.71936720247597,0.718,0.54,2022.80486350121,2048.38300863003,1.288,1.922,NaN,1837548,NaN,2.312,135638.297222405,135818.659553091,-0.0619036821394007,-0.0580100142260126,-0.00288463985947165,6.94715930346314e-05,5.20618298131039e-05,2.24349416799899e-05,-0.0101199164757026,0.012766508210011,1,0.886000000000422,0.838000000000193,0.0480000000002292,3671.882,48.0000000002292,1,0,1,0,paced,0.866206061085814,69.2675827328988,0.0554140661865836,135638.297222405,135638.297222405
1838704,1838704,NaN,19,2.22698014554537,173.848443997169,1839222,4.12305352399243,1841593,5.77800000000025,170.6734271624,-81.6928886082754,1839603,726,paced,NA,NA,NaN,10.3842159916922,0.0423928472981043,0.193549394439026,1,0,1838704,1839421,1839420,1840903,1839222,1839603,2.04829636568019,-1.13575760539234,1.036,0.364,1475.65322584988,1758.17568097944,1.432,2.964,NaN,1840904,NaN,1.378,103459.617168402,119361.786040149,-0.0299585635419578,-0.0601487821846333,-0.00227711946932202,3.29090015807411e-05,8.06624004501258e-05,1.62520541161198e-05,-0.0104143694497878,0.00728672353114379,1,0.885999999999967,0.835999999999785,0.0500000000001819,3677.408,50.0000000001819,1,0,1,0,paced,0.848974429524162,70.6735066610064,0.0588945888843863,103459.617168402,103459.617168402
1841593,1841593,NaN,19,4.12305352399243,130.190965461986,1842086,5.42703526915021,1844258,5.32999999999993,125.415921065414,-145.192715302499,1842465,727,paced,NA,NA,NaN,11.2570356472797,0.0383572463985231,0.178610637978089,2,0,1841593,1842281,1842280,1843150,1842086,1842465,2.1845536100723,-2.17777104506328,0.986,0.368,1876.22989421217,2059.77437874992,1.374,1.738,NaN,1843151,NaN,2.214,132317.803455553,145670.490702121,-0.0334409336593039,-0.083990846995733,-0.00471883162997725,3.81104059776522e-05,0.000101249188309932,3.14455791962431e-05,-0.0143375106137157,0.00928079977005702,1,0.851999999999862,0.82799999999952,0.024000000000342,3683.186,24.000000000342,1,0,0,0,paced,0.838547561713088,71.5522920100377,0.0286209168044229,132317.803455553,132317.803455553
1844258,1844258,NaN,19,5.42703526915021,148.857579115872,1844719,2.59022046756569,1847072,5.6279999999997,144.848951247514,-137.733075625302,1845247,728,paced,NA,NA,NaN,10.6609808102351,0.0300739574755105,0.176993664108665,1,0,1844258,1845006,1845005,1845832,1844719,1845247,2.20044821617311,-2.03718813128936,0.922,0.482,1894.48549402223,1920.68799509154,1.494,1.652,NaN,1845833,NaN,2.478,127104.134720786,130626.966448803,-0.0360356447296626,-0.0573736634249848,-0.00587051662536727,3.56333914902027e-05,5.45671824263115e-05,2.77406739448831e-05,-0.0101258410913111,0.0083642809248079,1,0.88120823798635,0.793999999999869,0.0872082379864807,3688.516,87.2082379864807,1,0,1,0,paced,0.839677163388555,71.4560340760815,0.10385924708795,127104.134720786,127104.134720786
1847072,1847072,NaN,19,2.59022046756569,158.735304683645,1847409,8.40748939427003,1849764,5.38400000000001,153.236449752727,-102.437690792173,1848583,729,paced,NA,NA,NaN,11.1441307578009,0.0299692578142868,0.115449725575835,1,0,1847072,1847842,1847841,1848972,1847409,1848583,2.13359939198169,-1.38605472813654,0.674,1.482,1714.36555732997,2174.00806823867,1.538,2.26,NaN,1848973,NaN,1.582,116750.921459132,153516.88373211,-0.0478805358566117,-0.0213617395321441,-0.00323948529937556,5.90813449847875e-05,2.27929508099203e-05,2.02978863816556e-05,-0.00324686295131111,0.0101900836267397,1,0.884000000000015,0.824000000000069,0.0599999999999454,3694.144,59.9999999999454,1,0,1,0,paced,0.847615166731135,70.7868409568373,0.0707868409567729,116750.921459132,116750.921459132
1849764,1849764,NaN,19,8.40748939427003,173.308896123188,1850201,8.71132228476608,1852483,5.4380000000001,164.74949028367,-111.528563791565,1851197,730,paced,NA,NA,NaN,11.0334681868332,0.0240567130328535,0.127135477858259,1,0,1849764,1850492,1850491,1851644,1850201,1851197,2.47300303514568,-1.53320454691146,0.874,1.41,1864.75156229696,2194.57922717455,1.454,2.304,NaN,1851645,NaN,1.676,122359.160274818,149534.054512654,-0.0430748035210298,-0.0282615784121755,-0.0033685000831163,3.89636445559889e-05,2.85035407094031e-05,1.87356360886968e-05,-0.00385213183820418,0.00860765143584286,1,0.86200000000008,0.788000000000466,0.0739999999996144,3699.528,73.9999999996144,1,0,1,0,paced,0.834721865872295,71.8802303534953,0.0886522841021823,122359.160274818,122359.160274818
1852483,1852483,NaN,19,8.71132228476608,139.619477377134,1852902,4.00468598535472,1855156,5.346,133.261473242073,-123.114014474485,1853439,731,paced,NA,NA,NaN,11.2233445566779,0.0228985195585231,0.189967920353119,1,0,1852483,1853204,1853203,1853905,1852902,1853439,2.18719021927246,-1.80852558954284,0.838,0.47,1938.29258085066,1630.30251137171,1.44,1.402,NaN,1853906,NaN,2.5,132082.32713505,112624.378042961,-0.03987911386427,-0.0524264127512197,-0.00869989505649955,3.95260078883895e-05,5.04405956796995e-05,3.00514729929568e-05,-0.00929479654404918,0.00851995727658483,1,0.868813953488287,0.821999999999662,0.0468139534886258,3704.966,46.8139534886258,1,0,1,0,paced,0.849766773629751,70.6076088898039,0.0550903553085061,132082.32713505,132082.32713505
1855156,1855156,NaN,19,4.00468598535472,173.98875289339,1855626,10.878018843695,1857897,5.48199999999997,166.547400478865,-91.396477995604,1856100,732,paced,NA,NA,NaN,10.9449106165634,0.0495182775424505,0.189379147972493,2,0,1855156,1855900,1855899,1857896,1855626,1856100,2.27403194203779,-1.18819707327467,0.94,0.4,1763.04702247385,2135.64688482548,1.486,3.992,NaN,NaN,NaN,NaN,131786.548079413,162051.990453501,-0.0359610762997655,-0.0512119262589484,-0.00197859365155102,3.22120358975017e-05,5.33090084976871e-05,1.2631002793355e-05,-0.00898588453736803,0.00777849010823894,1,0.894000000000233,0.813999999999851,0.080000000000382,3710.312,80.000000000382,1,0,0,0,paced,0.851448380385486,70.4681591769962,0.0939575455697769,131786.548079413,131786.548079413
1857897,1857897,NaN,19,10.878018843695,131.79737824147,1858420,10.7460298778842,1860726,5.65800000000036,120.98535388068,-96.216890697007,1858852,733,paced,NA,NA,NaN,10.604453870625,0.0567582139962424,0.227229657558915,1,0,1857897,1858681,1858680,1860435,1858420,1858852,1.92120026726945,-1.2521146681548,1.046,0.342,1868.20454041569,2023.58112871705,1.566,3.508,NaN,1860436,NaN,0.58,142996.781490981,157294.881515562,-0.0280059929238489,-0.0525905017576751,-0.00222950568085068,2.42742393597137e-05,6.14586756451786e-05,1.22962875745145e-05,-0.00919082383382671,0.00649192002077781,1,0.887243847874794,0.818000000000211,0.0692438478745834,3715.794,69.2438478745834,1,0,1,0,paced,0.843970899650048,71.0924985978532,0.0820453026322297,142996.781490981,142996.781490981
1860726,1860726,NaN,19,10.7460298778842,223.190660883483,1861101,9.53088438294951,1863411,5.36999999999989,213.052203753066,-275.1170687594,1861597,734,paced,NA,NA,NaN,11.1731843575421,0.0597508203754063,0.268904426270751,1,0,1860726,1861328,1861327,1861936,1861101,1861597,2.98485382748117,-2.92956436471217,0.75,0.538,1917.16455250188,2090.38215178484,1.202,1.216,NaN,1861937,NaN,2.948,148350.723944303,159776.436816252,-0.0607881357572695,-0.084807710323321,-0.0116997779203681,6.61007062260847e-05,7.95167944951869e-05,7.27473342277859e-05,-0.0143682469503205,0.0131537825647641,1,0.855999999999767,0.813999999999851,0.0419999999999163,3721.452,41.9999999999163,1,0,1,0,paced,0.845544839972852,70.9601633923122,0.0496721143745195,148350.723944303,148350.723944303
1863411,1863411,NaN,19,9.53088438294951,190.976811475456,1863795,6.72057354738462,1865812,4.80199999999968,182.851082510289,-146.256753879183,1864274,735,paced,NA,NA,NaN,12.4947938359025,0.06126009398335,0.33096688222396,1,0,1863411,1864039,1864038,1864937,1863795,1864274,2.53909991796034,-1.92042553936463,0.768,0.47,1760.2029233127,1866.65682385931,1.254,1.796,NaN,1864938,NaN,1.748,131912.259591045,142728.546221963,-0.0511753772973754,-0.0656103057728386,-0.00361138672924442,4.82562835157259e-05,6.80491723526414e-05,2.58380224849968e-05,-0.0115656671361002,0.00951823362151449,1,0.85799999999972,0.829999999999927,0.0279999999997926,3726.822,27.9999999997926,1,0,1,0,paced,0.842219015474524,71.2403767874972,0.0332455091672525,131912.259591045,131912.259591045
1865812,1865812,NaN,19,6.72057354738462,123.548002304755,1866465,10.7011920592714,1868692,5.76000000000022,114.837119501427,-148.692357824737,1866973,736,paced,NA,NA,NaN,10.4166666666663,0.062131747892516,0.337247848078056,2,0,1865812,1866697,1866696,1867781,1866465,1866973,1.60218715354708,-1.96696315202092,1.306,0.552,1519.59600491402,2100.26832507038,1.768,2.168,NaN,1867782,NaN,1.82,119189.327512526,163043.882907094,-0.0183052122491996,-0.0502313283019302,-0.00448439098604816,1.2579464268594e-05,5.08014991350711e-05,2.40974350574964e-05,-0.0089449292372641,0.0054462054513571,1,0.849999999999909,0.798000000000229,0.0519999999996799,3731.624,51.9999999996799,1,0,0,0,paced,0.830084399989387,72.2818065256582,0.0626442323218515,119189.327512526,119189.327512526
1868692,1868692,NaN,19,10.7011920592714,114.125991924307,1869159,4.19200690780007,1871537,5.69000000000005,106.679392440772,-163.934789063793,1869822,737,paced,NA,NA,NaN,10.5448154657292,0.060866789606689,0.302607750365657,1,0,1868692,1869551,1869550,1870203,1869159,1869822,1.58438164950282,-2.12455775082383,0.934,0.542,1480.02632561071,1588.9059151943,1.716,1.304,NaN,1870204,NaN,2.666,104515.791767912,113407.792998294,-0.0268965207483362,-0.0400501449888348,-0.00646455480234884,2.45391890538917e-05,3.70857544638923e-05,3.85158214842046e-05,-0.00644630753914043,0.00702359470778413,1,0.855999999999767,0.826000000000022,0.0299999999997453,3737.384,29.9999999997453,1,0,1,0,paced,0.844332696377776,71.0620354481149,0.0355310177237559,104515.791767912,104515.791767912
1871537,1871537,NaN,19,4.19200690780007,254.222654232466,1871875,1.65888713315293,1874159,5.24400000000014,251.297207211989,-123.521846068211,1872496,738,paced,NA,NA,NaN,11.4416475972537,0.0609974484037383,0.299306684600225,1,0,1871537,1872162,1872161,1872984,1871875,1872496,3.26884421682863,-1.87052540816224,0.676,0.668,2097.40853783925,1933.696247393,1.248,1.644,NaN,1872985,NaN,2.348,140136.845562961,130072.542308475,-0.0743560227676346,-0.0564990571630639,-0.00459778883185481,8.81325054348803e-05,4.65098986181939e-05,2.40997895324214e-05,-0.00957958668711499,0.0151311783507033,1,0.871999999999844,0.807999999999993,0.0639999999998508,3743.074,63.9999999998508,1,0,1,0,paced,0.844502079882839,71.0477823906888,0.0757843012165581,140136.845562961,140136.845562961
1874159,1874159,NaN,19,1.65888713315293,155.209781413526,1874654,7.65581861792135,1876957,5.596,150.552428537989,-106.673095695015,1875394,739,paced,NA,NA,NaN,10.7219442458899,0.0336728083072469,0.29983306098237,3,0,1874159,1874868,1874867,1876258,1874654,1875394,2.23252040964581,-1.49398922018473,0.99,1.052,1537.09620503698,2499.95211191042,1.416,2.78,NaN,1876259,NaN,1.396,102839.266281695,169194.869102267,-0.0334999811877653,-0.0375694014706974,-0.00661154173226056,3.29945235528838e-05,5.69217661654662e-05,4.19857348211411e-05,-0.00507925957806871,0.00821911581962564,1,0.933956616051981,0.833999999999833,0.0999566160521483,3748.318,99.9566160521483,1,0,0,0,paced,0.869258664270519,69.0243335685954,0.114990646812858,102839.266281695,102839.266281695
1876957,1876957,NaN,19,7.65581861792135,186.724875416733,1877316,0.460388569515492,1879742,5.56999999999971,182.666771823015,-79.3655444809718,1877994,740,paced,NA,NA,NaN,10.771992818672,0.0428944756466215,0.343937978345515,1,0,1876957,1877667,1877666,1878771,1877316,1877994,2.48736242470582,-1.36387471600761,0.718,0.654,1778.30580546284,1715.43920231336,1.418,2.208,NaN,1878772,NaN,1.94,113848.805123188,108628.227500414,-0.0543384611874532,-0.0388163826335352,-0.00216020786173881,6.11701001309482e-05,3.06522304796508e-05,1.21994891759574e-05,-0.00642779293805896,0.0111919545177654,1,0.950000000000273,0.917999999999665,0.0320000000006075,3753.914,32.0000000006075,1,0,1,0,paced,0.938283511408454,63.946556952636,0.0341048303753867,113848.805123188,113848.805123188
1879742,1879742,NaN,19,0.460388569515492,206.836457352293,1880086,1.04855546804506,1882529,5.57400000000007,206.081985333513,-91.693170149299,1880502,741,paced,NA,NA,NaN,10.7642626480085,0.0421439394961456,0.327858901361797,1,0,1879742,1880300,1880299,1881203,1880086,1880502,3.06691362147704,-1.65043284517247,0.688,0.404,1756.52216858124,1682.44491292383,1.114,1.806,NaN,1881204,NaN,2.65,104498.409301048,99643.2079427196,-0.0678612703682787,-0.0798789326960965,-0.00527802615461123,8.53910907397447e-05,9.10309896838733e-05,2.5731254135876e-05,-0.0136524824900351,0.0148600921743425,1,0.922051172707835,0.852697459584292,0.0693537131235422,3759.484,69.3537131235422,1,0,1,0,paced,0.884100141270142,67.8656152161688,0.0784455401442479,104498.409301048,104498.409301048
1882529,1882529,NaN,19,1.04855546804506,178.40783880501,1882937,3.99336952860152,1885193,5.32799999999997,175.886876306687,-95.5920502489795,1883348,742,paced,NA,NA,NaN,11.2612612612613,0.0437026479617198,0.263597913570505,1,0,1882529,1883176,1883175,1884438,1882937,1883348,2.88506660352039,-1.61672164748167,0.816,0.344,2035.59736887119,2048.03086326989,1.292,2.524,NaN,1884439,NaN,1.508,122094.706065571,124806.050301529,-0.0529424208937053,-0.0777511168132575,-0.00352496083550179,5.9077400999552e-05,8.60819366466041e-05,2.64246975395309e-05,-0.0134488544642723,0.0122689892947951,1,0.918000000000452,0.826000000000022,0.0920000000004302,3765.058,92.0000000004302,1,0,1,0,paced,0.865095615283187,69.3564953283911,0.106346626170697,122094.706065571,122094.706065571
1885193,1885193,NaN,19,3.99336952860152,89.2529354606969,1885771,3.01713592660971,1887717,5.04800000000023,85.7476827330913,-95.6408790098143,1886149,743,paced,NA,NA,NaN,11.8858954041199,0.0493375469683074,0.260344353438867,1,0,1885193,1885944,1885943,1886674,1885771,1886149,1.45143773327089,-1.48414525057252,1.156,0.41,1137.53607510903,1199.37629851316,1.5,1.46,NaN,1886675,NaN,2.084,64284.0523009318,81373.9011194501,-0.0194049342506223,-0.0564109768994515,-0.00437841260439166,2.37742721405681e-05,7.18613225074824e-05,2.7721187899065e-05,-0.00961261278340973,0.00486416971082182,1,0.918000000000575,0.890000000000327,0.0280000000002474,3770.386,28.0000000002474,1,0,1,0,paced,0.902005673650308,66.5184286005511,0.0310419333471981,64284.0523009318,64284.0523009318
1887717,1887717,NaN,19,3.01713592660971,120.272902068589,1888251,-1.69758044073761,1890550,5.66599999999971,119.613124325653,-138.153234565789,1888714,744,paced,NA,NA,NaN,10.5894811154259,0.0530672130939271,0.282747008899448,1,0,1887717,1888477,1888476,1889114,1888251,1888714,1.95135881498378,-2.34547494789675,1.068,0.474,1857.40510162942,1813.16547852496,1.518,1.274,NaN,1889115,NaN,2.87,117708.119238145,113866.181929517,-0.0275510126788501,-0.0670148939104661,-0.00970321922978964,2.59282223286817e-05,7.16531651195557e-05,4.88183401025104e-05,-0.0118954462282585,0.00798518305370877,1,0.932000000000244,0.897999999999683,0.0340000000005602,3775.434,34.0000000005602,1,0,1,0,paced,0.918669853763669,65.3118198601901,0.0370100312547176,117708.119238145,117708.119238145
1890550,1890550,NaN,19,-1.69758044073761,173.218174445833,1891017,4.73071239320322,1893429,5.75800000000027,171.701608469601,-115.943811390047,1891752,745,paced,NA,NA,NaN,10.420284821118,0.0576327402890379,0.276487059580884,2,0,1890550,1891268,1891267,1892297,1891017,1891752,2.67046774569394,-1.8595068559841,0.934,0.968,2034.59864460692,2442.98059622859,1.434,2.058,NaN,1892298,NaN,2.262,126609.444384537,154745.489695361,-0.0422540822234631,-0.0453044809196003,-0.00473486023998309,3.83699427889473e-05,6.19856306466744e-05,3.7842653110597e-05,-0.00700090449716117,0.00898378069545935,1,0.928726881720297,0.876000000000204,0.0527268817200933,3781.1,52.7268817200933,1,0,0,0,paced,0.896736506156455,66.9092867169743,0.0587986341116952,126609.444384537,126609.444384537
1893429,1893429,NaN,19,4.73071239320322,171.446787001802,1893795,1.54299122384803,1896008,5.1579999999999,168.309935193277,-134.72042110247,1894254,746,paced,NA,NA,NaN,11.6324156649867,0.0659171182574906,0.302758984882723,1,0,1893429,1894029,1894028,1894903,1893795,1894254,1.15321150389288,-0.875596234011818,0.732,0.45,746.92294296923,838.649504146566,1.198,1.748,NaN,1894904,NaN,2.208,104178.770926151,125492.980983169,-0.0238686191710177,-0.0312220496324324,-0.00232320462868411,2.88522853303839e-05,3.01024622260997e-05,1.46409989574242e-05,-0.00539812462281614,0.00538708125343257,1,0.94800000000032,0.877999999999702,0.0700000000006185,3786.858,70.0000000006185,1,0,1,0,paced,0.910272625969407,65.9143187307234,0.0769000385198567,104178.770926151,104178.770926151
1896008,1896008,NaN,20,1.54299122384803,166.383777980965,1896520,-15.0925074080975,1900190,8.36400000000003,173.15853607309,-164.05392303978,1896969,747,paced,NA,NA,NaN,7.17360114777616,0.138332854641729,1.07349373283607,2,0,1896008,1896737,1896736,1899093,1896520,1896969,1.03184440638789,-1.09774726808641,1.024,0.464,768.98227341234,1149.48886347591,1.456,4.712,NaN,1899094,NaN,2.192,110554.36538354,169486.540158081,-0.0148866453254684,-0.0338904806529804,-0.00218497066516748,1.22940623280147e-05,3.42856460915431e-05,7.20027665111835e-06,-0.00585268080809835,0.00319103690644662,1,0.956000000000131,0.833999999999833,0.122000000000298,3792.016,122.000000000298,1,0,0,0,paced,0.897121710141047,66.8805573666996,0.135990466645955,110554.36538354,110554.36538354
1900190,1900190,NaN,20,-15.0925074080975,820.305324678361,1900517,1.22696679339747,1904548,8.71599999999989,827.238094985711,-418.549957190614,1901035,748,paced,NA,NA,NaN,6.88389169343744,0.13307203458011,1.06737871890342,1,0,1900190,1900804,1900803,1902212,1900517,1901035,5.51989222332195,-3.12529928647865,0.654,0.462,4095.50728348762,4130.46163547634,1.226,2.816,NaN,1902213,NaN,4.67,577092.956356904,586628.225376327,-0.125795351384282,-0.115567183318222,-0.0047417885551458,0.00010854122688286,0.000103607168279481,3.80631072496684e-05,-0.0199992280257631,0.0236892772795492,1,0.890000000000327,0.774000000000342,0.115999999999985,3800.38,115.999999999985,1,0,1,0,paced,0.84981837499655,70.6033215629676,0.13649975502172,577092.956356904,577092.956356904
1904548,1904548,NaN,20,1.22696679339747,121.120163294944,1905039,14.1667286517646,1908299,7.50199999999995,113.423315572363,-103.99445258976,1905818,749,paced,NA,NA,NaN,7.99786723540394,0.143644847076601,1.10244643833817,3,0,1904548,1905595,1905594,1908298,1905039,1905818,0.866494802630386,-0.729295108420952,0.982,0.446,1157.19690492846,1659.39449871303,2.092,5.406,NaN,NaN,NaN,NaN,158500.914902277,224099.308273173,-0.0130433974194307,-0.0145060645645541,-0.00112459463542377,1.39278674042958e-05,1.41568854398129e-05,6.3862730501746e-06,-0.00222869681513568,0.0035407721031267,1,1.02800000000025,0.795999999999822,0.232000000000426,3809.096,232.000000000426,1,0,0,0,paced,0.91966196523151,65.2413628793444,0.252266603133928,158500.914902277,158500.914902277
1908299,1908299,NaN,20,14.1667286517646,164.200336280038,1908645,2.25287142699105,1911457,6.31600000000026,155.99053624066,-62.0495030520737,1909154,750,paced,NA,NA,NaN,9.49968334388815,0.133514980045573,1.08188487705602,2,0,1908299,1908949,1908948,1910456,1908645,1909154,1.99324112371686,-1.20330698443036,0.692,0.41,1482.53424161644,1854.98809590588,1.298,3.014,NaN,1910457,NaN,2,109385.111900591,99665.7770137607,-0.0456258049428451,-0.0439823515250991,-0.00260675344918312,4.95249060965862e-05,4.00139158142169e-05,1.90717956577926e-05,-0.00755740925586789,0.00873063377498884,0,1.02062256809325,0.93445202558643,0.0861705425068188,3816.598,86.1705425068188,0,0,0,0,paced,0.966577316456195,62.0747031597852,0.0891501807871404,109385.111900591,109385.111900591
1911457,1911457,NaN,20,2.25287142699105,154.895103468865,1911900,-1.06079787003361,1914882,6.84999999999991,154.299066690386,-87.4921741300803,1912343,751,paced,NA,NA,NaN,8.75912408759136,0.119148727085844,1.1005837668911,2,0,1911457,1912159,1912158,1913668,1911900,1912343,2.58771866835113,-1.55726454160137,0.886,0.368,2082.16817592446,2242.12463980382,1.402,3.018,NaN,1913669,NaN,2.426,122095.690573415,128565.928350247,-0.0438284694276924,-0.0660312883609167,-0.00311772903308822,4.42077273266538e-05,7.18226941106768e-05,2.11270934027576e-05,-0.0114904328758089,0.00996202758024611,1,0.93445202558643,0.878000000000156,0.0564520255862736,3822.914,56.4520255862736,1,0,0,0,paced,0.890994824901447,67.3404584663403,0.0633584214055539,122095.690573415,122095.690573415
1914882,1914882,NaN,20,-1.06079787003361,108.32090047021,1915288,2.91698729211374,1917986,6.20800000000008,107.39280575917,-96.014849137015,1915745,752,paced,NA,NA,NaN,9.66494845360812,0.0792995855210457,0.220494760420001,2,0,1914882,1915559,1915558,1917019,1915288,1915745,2.10973125998154,-1.83546657381421,0.812,0.372,1655.55297828056,2426.83588015136,1.352,2.92,NaN,1917020,NaN,1.932,92559.3944359247,119813.79432346,-0.0386119863159247,-0.0623369561811687,-0.0051053870122216,4.09761450186856e-05,7.05151125220609e-05,3.21067378382942e-05,-0.0108240274591244,0.00864536266000759,1,0.916750000000034,0.85799999999972,0.0587500000003144,3829.764,58.7500000003144,1,0,0,0,paced,0.892943465635657,67.1935036304768,0.0657936389718606,92559.3944359247,92559.3944359247
1917986,1917986,NaN,20,2.91698729211374,152.847788002564,1918618,2.22084977219507,1921462,6.95199999999977,150.278869470409,-88.8209457365202,1919059,753,paced,NA,NA,NaN,8.63060989643296,0.0600858365415487,0.191548790354136,2,0,1917986,1918857,1918856,1920515,1918618,1919059,2.13740972233047,-1.34046530418823,1.264,0.404,1931.52999565638,2238.37319048561,1.74,3.316,NaN,1920516,NaN,1.892,118997.074298765,138137.183566953,-0.0252619772940953,-0.055305239632015,-0.00283381057877142,2.22093918081003e-05,5.93370737219903e-05,1.9196420064199e-05,-0.009568793794865,0.00488813726372306,1,0.981999999999971,0.872000000000298,0.109999999999673,3835.972,109.999999999673,1,0,0,0,paced,0.926286104081526,64.7748030933639,0.118753805670814,118997.074298765,118997.074298765
1921462,1921462,NaN,20,2.22084977219507,153.632837767765,1921991,2.31517147948532,1924974,7.02399999999989,151.364827141925,-71.2743245408761,1922354,754,paced,NA,NA,NaN,8.54214123006847,0.0596845788287073,0.217506794926131,2,0,1921462,1922193,1922192,1923746,1921991,1922354,2.04467139249817,-1.08877865386239,1.058,0.322,1552.22258605296,1809.30015940649,1.46,3.106,NaN,1923747,NaN,2.454,99781.4081708875,115449.201625094,-0.0285221428691599,-0.061871152909769,-0.00263598882448336,2.74546878244404e-05,8.01457135900069e-05,1.77032039185408e-05,-0.0106628325907226,0.00547771624517623,0,0.973201629327947,0.916000000000167,0.0572016293277799,3842.924,57.2016293277799,0,0,0,0,paced,0.937855468306815,63.9757425611888,0.0609919451992433,99781.4081708875,99781.4081708875
1924974,1924974,NaN,20,2.31517147948532,209.588617191732,1925298,3.00807418067618,1927982,6.01600000000008,206.926994361651,-247.452740398304,1925763,755,paced,NA,NA,NaN,9.97340425531902,0.0611623960639693,0.249665751641524,1,0,1924974,1925523,1925522,1926325,1925298,1925763,3.25260782228399,-3.24531531012049,0.648,0.48,2209.95459651353,2660.22036970088,1.096,1.604,NaN,1926326,NaN,3.312,147008.303725435,176083.181418216,-0.0759027039103693,-0.100005589755515,-0.00697383025803891,6.14169310545749e-05,9.68767407575584e-05,5.27068038132088e-05,-0.017294315891406,0.013312504460284,1,0.983999999999924,0.929999999999836,0.0540000000000873,3849.948,54.0000000000873,1,0,1,0,paced,0.943440915956255,63.596987352605,0.057237288617437,147008.303725435,147008.303725435
1927982,1927982,NaN,20,3.00807418067618,179.647406200326,1928461,0.124272521867313,1931262,6.55999999999995,178.081232849054,-98.2586450788448,1929069,756,paced,NA,NA,NaN,9.14634146341471,0.0598678016470037,0.212046060573861,1,0,1927982,1928735,1928734,1929643,1928461,1929069,2.2347798107145,-1.53157251453268,0.958,0.668,1602.61158533816,1675.77567810968,1.504,1.816,NaN,1929644,NaN,3.236,102446.229231496,108629.099465514,-0.0353097227048617,-0.0427496532953075,-0.00238682086285971,3.68228191399491e-05,3.45521381125408e-05,1.82240626096391e-05,-0.00733170844461271,0.00898835302980983,1,0.983746938775837,0.94399999999996,0.0397469387758773,3855.964,39.7469387758773,1,0,1,0,paced,0.968828690136634,61.9304533513951,0.0410257656286705,102446.229231496,102446.229231496
1931262,1931262,NaN,20,0.124272521867313,124.750357616895,1931840,6.62648736256608,1934717,6.91000000000031,121.374977674678,-92.6037447801626,1932289,757,paced,NA,NA,NaN,8.68306801736575,0.0645257678653734,0.235658971677381,2,0,1931262,1932127,1932126,1933731,1931840,1932289,1.98049761624021,-1.33860488536229,1.156,0.324,1933.44911121015,2323.58367898234,1.728,3.208,NaN,1933732,NaN,1.97,133710.566700913,157936.159968815,-0.0251618861869264,-0.0532616099180378,-0.00254921822428031,2.15074699397609e-05,6.34882799774824e-05,1.79625372375036e-05,-0.00910430364481044,0.00632607635091187,1,0.984000000000378,0.902000000000044,0.0820000000003347,3862.524,82.0000000003347,1,0,0,0,paced,0.941213825378697,63.7474698970332,0.0871215421929677,133710.566700913,133710.566700913
1934717,1934717,NaN,20,6.62648736256608,116.379638831206,1935260,2.59661001075291,1938194,6.95399999999972,111.768090144547,-86.5468490636004,1935713,758,paced,NA,NA,NaN,8.62812769629025,0.0617788729244785,0.256969151215798,4,0,1934717,1935531,1935530,1937419,1935260,1935713,1.99517345245761,-1.34096571607376,1.086,0.364,1944.15024095222,2944.66825035202,1.626,3.776,NaN,1937420,NaN,1.548,122320.199555969,183341.511162744,-0.0277731461900506,-0.0525370268222157,-0.00411479215700656,2.36589206617416e-05,6.26257277676403e-05,2.41650339788142e-05,-0.00928545826855233,0.00663864959315141,1,0.978265560165935,0.864000000000033,0.114265560165902,3869.434,114.265560165902,1,0,0,0,paced,0.926790544682115,64.7395469712952,0.123291676659363,122320.199555969,122320.199555969
1938194,1938194,NaN,20,2.59661001075291,150.516044987032,1938674,3.05656652547496,1941321,6.25399999999991,147.689456718918,-119.815725309446,1939302,759,paced,NA,NA,NaN,9.59385992964517,0.0463224769531089,0.23193323831745,2,0,1938194,1938888,1938887,1940257,1938674,1939302,2.16813892712803,-1.67160953659456,0.96,0.828,1822.10268108444,2395.34238947531,1.386,2.738,NaN,1940258,NaN,2.126,124478.119043821,161542.930593291,-0.0336292444334205,-0.0439510923791923,-0.00424653916181303,3.23165977580414e-05,5.0790495260288e-05,2.92258767221757e-05,-0.00698648124145781,0.00795705472395436,1,0.998000000000047,0.9399999999996,0.0580000000004475,3876.388,58.0000000004475,1,0,0,0,paced,0.972428357694138,61.7012035131045,0.0596444967297945,124478.119043821,124478.119043821
1941321,1941321,NaN,20,3.05656652547496,125.362040994637,1941898,11.0483973833243,1944906,7.17000000000007,118.309559040238,-106.939868503456,1942501,760,paced,NA,NA,NaN,8.36820083682,0.0536068735519974,0.235290755817019,3,0,1941321,1942274,1942273,1944048,1941898,1942501,1.91168799853077,-1.6223092017412,1.154,0.454,2101.25619110693,2664.99097025648,1.904,3.548,NaN,1944049,NaN,1.714,145243.136870207,181527.034756167,-0.0247340459395118,-0.0417232450477926,-0.0042916124348903,2.04819080316265e-05,4.41737132036934e-05,2.50175731645598e-05,-0.00704033952477301,0.00531140071564451,1,0.989486973947918,0.903999999999996,0.0854869739479214,3882.642,85.4869739479214,1,0,0,0,paced,0.949139516173932,63.2151532810113,0.0900678693607945,145243.136870207,145243.136870207
1944906,1944906,NaN,20,11.0483973833243,208.544857554169,1945416,10.2587526704437,1948176,6.53999999999996,197.891282527285,-154.212559297314,1945934,761,paced,NA,NA,NaN,9.17431192660556,0.0574565344138168,0.259503946718235,2,0,1944906,1945702,1945701,1946953,1945416,1945934,2.40861625948676,-2.0065909101413,1.02,0.464,2149.63731378086,2436.33397300365,1.59,2.502,NaN,1946954,NaN,2.444,153339.43667529,172481.363649627,-0.0362129792122043,-0.0599621482443512,-0.00339889938802832,3.04071585765483e-05,5.12228501802573e-05,2.88223988047254e-05,-0.0101577443186397,0.00689108304109254,1,0.967999999999847,0.905999999999949,0.0619999999998981,3889.812,61.9999999998981,1,0,0,0,paced,0.941554699809078,63.7243911715022,0.0658485375437774,153339.43667529,153339.43667529
1948176,1948176,NaN,20,10.2587526704437,188.993515614548,1948607,4.9397588553956,1951481,6.61000000000013,181.394259851628,-126.359193644945,1949265,762,paced,NA,NA,NaN,9.07715582450815,0.0584669667026091,0.267929593259797,2,0,1948176,1949000,1948999,1950180,1948607,1949265,2.21226852951774,-1.68411662230299,0.862,0.53,1993.08899542744,2138.02955643036,1.646,2.36,NaN,1950181,NaN,2.6,145817.476182767,155096.647640175,-0.0407136699616119,-0.0411357544087098,-0.00367350190852934,4.04785625998175e-05,3.17484717666547e-05,1.83372581433484e-05,-0.00706614818635877,0.00895878387829852,1,1.02000000000044,0.884000000000015,0.136000000000422,3896.352,136.000000000422,1,0,0,0,paced,0.964340064964307,62.2187153472886,0.141029088120958,145817.476182767,145817.476182767
1951481,1951481,NaN,20,4.9397588553956,131.132897429846,1951940,4.9119499181017,1954601,6.24000000000024,126.207043043098,-166.496054047526,1952548,763,paced,NA,NA,NaN,9.61538461538425,0.0567956132598507,0.278485018468961,3,0,1951481,1952330,1952329,1953551,1951940,1952548,2.02767321678486,-2.03745833864857,0.918,0.436,1975.3106755269,2264.69710233069,1.696,2.442,NaN,1953552,NaN,2.098,149114.382330731,174059.663042393,-0.0338527887728419,-0.0477427036941766,-0.00325048471281617,3.41279182998936e-05,5.00650656360609e-05,2.60687908581937e-05,-0.0077779409134383,0.0079043168411671,1,1.01399999999967,0.926000000000386,0.0879999999992833,3902.962,87.9999999992833,1,0,0,0,paced,0.949785288211373,63.1721724317203,0.0926525195657685,149114.382330731,149114.382330731
1954601,1954601,NaN,20,4.9119499181017,216.848492788451,1955386,4.27231773784758,1958150,7.09799999999996,212.256358960476,-172.073581111031,1955845,764,paced,NA,NA,NaN,8.45308537616235,0.0492310063575422,0.314501639942291,4,0,1954601,1955597,1955596,1957431,1955386,1955845,2.25569408642298,-2.24367957886099,1.57,0.496,2109.46354458118,3096.3356911833,1.99,3.668,NaN,1957432,NaN,1.436,158675.866194564,241754.908762409,-0.0229991084722525,-0.0693393246338461,-0.0060291819627486,3.34416320820049e-05,6.96240214918455e-05,3.90501106457819e-05,-0.0119460484716623,0.00704958401702238,1,0.985999999999876,0.920000000000073,0.0659999999998035,3909.202,65.9999999998035,1,0,0,0,paced,0.961641121956249,62.3933384607587,0.0686326723066303,158675.866194564,158675.866194564
1958150,1958150,NaN,20,4.27231773784758,249.551765295215,1958482,3.47054919257315,1961318,6.33599999999979,245.680331830004,-92.796489030842,1959589,765,paced,NA,NA,NaN,9.46969696969729,0.053337407590671,0.344895824803327,1,0,1958150,1958941,1958940,1960511,1958482,1959589,3.06894959632407,-1.36730819756995,0.664,1.296,2222.16763913359,2326.44912702181,1.58,3.14,NaN,1960512,NaN,1.612,154084.851585676,156799.49370372,-0.0707141574808157,-0.0277024228697717,-0.0026662801717056,9.54614975157871e-05,3.04286924469881e-05,1.76379692453461e-05,-0.0034697330742928,0.0161011442338779,1,0.975886409736429,0.861999999999625,0.113886409736804,3916.3,113.886409736804,1,0,1,0,paced,0.932984162304489,64.3097733318418,0.122066819929185,154084.851585676,154084.851585676
1961318,1961318,NaN,20,3.47054919257315,138.556030979919,1961851,2.15368171969878,1964841,7.04599999999982,135.743915523783,-116.536761440753,1962439,766,paced,NA,NA,NaN,8.51546977008253,0.0594510158189423,0.389471408441468,1,0,1961318,1962229,1962228,1963915,1961851,1962439,2.23225555057123,-1.6481919718971,1.066,0.42,2328.67223643567,2525.22111327353,1.82,3.372,NaN,1963916,NaN,1.85,154459.223309107,163978.230411085,-0.0316325986159847,-0.046544885605143,-0.00278557125660931,3.05876027911008e-05,4.37612905064795e-05,1.64617331632259e-05,-0.00795509715366095,0.00832613007201788,1,0.954972972972675,0.852000000000317,0.102972972972359,3922.636,102.972972972359,1,0,1,0,paced,0.888463679001979,67.5323048291616,0.115900036665573,154459.223309107,154459.223309107
1964841,1964841,NaN,20,2.15368171969878,89.6685136796862,1965352,-11.3003644337311,1968135,6.58800000000019,94.2418550367024,-91.4024745172355,1965927,767,paced,NA,NA,NaN,9.1074681238613,0.0543100319265352,0.402990523087957,2,0,1964841,1965652,1965651,1966575,1965352,1965927,1.40386249408172,-1.51996803896001,1.022,0.55,1378.20281543853,1567.39920539817,1.62,1.846,NaN,1966576,NaN,3.118,86738.8932126977,94880.9315279317,-0.0204234676168478,-0.0364830216532436,-0.00279459578394745,1.78642843883467e-05,3.6328212935319e-05,1.76930793049819e-05,-0.00635919375984675,0.00451202913205895,1,0.920270742357821,0.854000000000269,0.0662707423575516,3929.682,66.2707423575516,1,0,0,0,paced,0.885651402643192,67.7467453006142,0.0748271183896612,86738.8932126977,86738.8932126977
1968135,1968135,NaN,21,-11.3003644337311,120.609732570826,1968709,3.12224004879744,1970437,4.60399999999981,124.698794763293,-121.110596777512,1969160,768,paced,NA,NA,NaN,13.0321459600353,0.369379612523703,0.424397387423161,1,0,1968135,1968921,1968920,1969622,1968709,1969160,2.00107098590583,-2.05407988840096,1.148,0.478,1487.60662406535,1668.89964813119,1.57,1.402,NaN,1969623,NaN,1.628,89397.1891663412,98243.4227933743,-0.0276501270298591,-0.0645761575580902,-0.00608442539889107,2.23434293611832e-05,6.65651216505536e-05,3.63331032514976e-05,-0.0112520214228282,0.00638567760826025,1,0.921999999999571,0.888000000000375,0.033999999999196,3936.27,33.999999999196,1,0,0,0,paced,0.902274814786283,66.4985867018929,0.0376825324635149,89397.1891663412,89397.1891663412
1970437,1970437,NaN,21,3.12224004879744,60.8654780475648,1970782,-12.7363160909863,1971733,2.5920000000001,65.6725160686592,-77.7130605920234,1971456,769,paced,NA,NA,NaN,23.1481481481473,0.329857887223002,0.365497032505985,1,0,1970437,1971139,1971138,1971732,1970782,1971456,1.27825437118899,-1.43679253502703,0.69,0.634,1123.0447157214,1194.5507888798,1.402,1.186,NaN,NaN,NaN,NaN,57338.9445727677,64761.8403062554,-0.028742506609606,-0.0287293338231036,-0.00671117966678868,3.10909925958275e-05,2.77625893274727e-05,2.82280142711445e-05,-0.00524323826716626,0.00759264796010367,1,0.927909090909272,0.905999999999949,0.021909090909323,3940.874,21.909090909323,1,0,0,0,paced,0.915154520639908,65.5626985900107,0.0239403187278181,57338.9445727677,57338.9445727677
1971733,1971733,NaN,21,-12.7363160909863,195.161078934977,1972032,-0.314316057916305,1974851,6.23600000000033,201.686395009428,-84.6661758613714,1972423,770,paced,NA,NA,NaN,9.62155227710019,0.302016983060662,0.453449031447858,1,0,1971733,1972238,1972237,1973163,1972032,1972423,3.06045323150663,-1.55459256386824,0.598,0.37,1682.5227469241,1530.53940691878,1.008,1.85,NaN,1973164,NaN,3.374,94397.8505675124,86284.4369890071,-0.0831941127814194,-0.0837950954484242,-0.00338294009011677,7.73615353017704e-05,0.000105090494833563,2.55922464311158e-05,-0.0144670032630989,0.0152783313731084,1,0.963999999999942,0.927909090909272,0.0360909090906697,3943.466,36.0909090906697,1,0,0,0,paced,0.943665819316388,63.5818303172889,0.038245434296661,94397.8505675124,94397.8505675124
1974851,1974851,NaN,21,-0.314316057916305,133.793349982542,1975299,2.06108958885833,1978201,6.69999999999982,132.919963217071,-88.8123046699627,1975695,771,paced,NA,NA,NaN,8.95522388059726,0.282996600355389,0.411085354924821,2,0,1974851,1975528,1975527,1977194,1975299,1975695,2.40683830059509,-1.44660972697484,0.896,0.334,1810.17116953292,2215.78981150288,1.352,3.332,NaN,1977195,NaN,2.012,110210.182815696,133365.346847603,-0.0396366446145717,-0.0696460308441127,-0.00320177286549171,3.98011381458676e-05,8.54810408421563e-05,2.33751568319081e-05,-0.0121068466479851,0.0091335833461188,1,0.955659751037356,0.893999999999778,0.0616597510375775,3949.702,61.6597510375775,1,0,0,0,paced,0.910271133674948,65.9144267903651,0.067737785761309,110210.182815696,110210.182815696
1978201,1978201,NaN,21,2.06108958885833,136.560556488831,1978576,0.259951921391739,1981534,6.66600000000017,135.400035733705,-93.9249901122269,1979265,772,paced,NA,NA,NaN,9.00090009000878,0.406280708457894,0.442495669674051,1,0,1978201,1978930,1978929,1979875,1978576,1979265,2.17365965991316,-1.55231955600283,0.75,0.67,1657.57164962219,1715.8426409195,1.456,1.89,NaN,1979876,NaN,3.316,96059.1396470425,103371.030166217,-0.0443922286557947,-0.0373933091236276,-0.00264480943404606,5.04069498689928e-05,2.80128826916562e-05,1.65769071797288e-05,-0.00655752992721837,0.00966075102077402,1,0.977766393442746,0.874000000000251,0.103766393442495,3956.402,103.766393442495,1,0,0,0,paced,0.922724918340187,65.0247964560543,0.112456476876285,96059.1396470425,96059.1396470425
1981534,1981534,NaN,21,0.259951921391739,266.827503175702,1981899,-1.40399280042195,1984956,6.8439999999996,267.399523615217,-101.436116332115,1982379,773,paced,NA,NA,NaN,8.7668030391589,0.314441367886507,0.334930400453785,1,0,1981534,1982147,1982146,1983571,1981899,1982379,3.77406809420957,-1.78464919085541,0.73,0.464,2340.77318100617,2430.79119087782,1.224,2.848,NaN,1983572,NaN,2.768,138435.751083033,141412.35825276,-0.0787392834854995,-0.0802319084029067,-0.00236863707089034,0.000100598039155821,8.15747353082073e-05,1.79228234475213e-05,-0.0137861725175708,0.0186987875187246,1,0.978000000000065,0.811999999999898,0.166000000000167,3963.068,166.000000000167,1,0,0,0,paced,0.870927466626193,68.8920745977028,0.19060140638717,138435.751083033,138435.751083033
1984956,1984956,NaN,21,-1.40399280042195,163.047593097765,1985418,0.0705809016744506,1987459,5.00600000000031,163.714299047139,-93.5551417567665,1985916,774,paced,NA,NA,NaN,11.9856172592881,0.354471585333258,0.38366043181078,1,0,1984956,1985612,1985611,1986416,1985418,1985916,2.17959531233038,-1.58256839189408,0.924,0.608,1356.10428051821,1551.64835089289,1.31,1.608,NaN,1986417,NaN,2.084,83452.7057004842,93735.2949683535,-0.0357576029299681,-0.0530544516150177,-0.00339087183587521,4.34054765677408e-05,6.20725850823463e-05,2.57989641801363e-05,-0.00893928643367785,0.0101706459941133,1,0.878064516129261,0.795999999999822,0.0820645161294394,3969.912,82.0645161294394,1,0,0,0,paced,0.833847976260574,71.9555622945473,0.0984166400420628,83452.7057004842,83452.7057004842
1987459,1987459,NaN,21,0.0705809016744506,77.7766492782586,1987868,-37.3738252078131,1988394,1.86999999999989,96.428271431328,-58.7492927032549,1988205,775,paced,NA,NA,NaN,32.0855614973281,0.401268458842311,0.373324783367042,1,0,1987459,1988038,1988037,1988393,1987868,1988205,0.852710803205826,-0.74438531001802,0.818,0.334,506.058887161065,387.916976334727,1.156,0.71,NaN,NaN,NaN,NaN,40238.5206241883,36540.6335373267,-0.0159865544451788,-0.0344722938751415,-0.0097847864116582,1.83648354444356e-05,4.46106284600306e-05,3.84871100898383e-05,-0.00578587518614005,0.00670282307401759,1,0.897999999999683,0.868173719376406,0.0298262806232774,3974.918,29.8262806232774,1,0,0,0,paced,0.885986474596238,67.7211241033259,0.0336644875271599,40238.5206241883,40238.5206241883
1988394,1988394,NaN,21,-37.3738252078131,191.10925186007,1988665,1.61598669596351,1991499,6.21000000000004,208.988171115995,-92.5826753927058,1989049,776,paced,NA,NA,NaN,9.66183574879221,0.418090391474583,0.386971263671268,1,0,1988394,1988871,1988870,1990065,1988665,1989049,2.19246594636601,-1.22117873041971,0.542,0.356,1168.25277546319,1460.86563981701,0.952,2.388,NaN,1990066,NaN,2.866,101810.54932339,114966.909882791,-0.0681217411501258,-0.062938315034031,-0.00225360860491046,7.42023324427362e-05,7.12984370617411e-05,1.51691172557965e-05,-0.01068742311349,0.0133230753944911,1,0.903230068337563,0.859999999999673,0.0432300683378907,3976.788,43.2300683378907,1,0,0,0,paced,0.87157343157794,68.8410153707566,0.0496000299821265,101810.54932339,101810.54932339
1991499,1991499,NaN,21,1.61598669596351,101.599784453546,1991906,-10.2910780193412,1993395,3.79199999999992,105.937330115235,-102.680514630746,1992300,777,paced,NA,NA,NaN,15.8227848101269,0.441112090780796,0.322903943912022,2,0,1991499,1992102,1992101,1993179,1991906,1992300,1.4844011817939,-1.38451418788083,0.814,0.396,1094.98257548179,1950.53341099979,1.204,2.154,NaN,1993180,NaN,0.43,85414.623267977,155854.845333987,-0.0282194013801929,-0.052580929339444,-0.00519794037314637,2.89498515774725e-05,6.09740068363349e-05,2.7696235001108e-05,-0.00906206872635191,0.00706110790644504,1,0.904000000000451,0.795415000000139,0.108585000000312,3982.998,108.585000000312,1,0,0,0,paced,0.85978677863564,69.7847437189155,0.12629293994567,85414.623267977,85414.623267977
1993395,1993395,NaN,21,-10.2910780193412,223.000859257947,1993773,8.44040789332462,1997737,8.6840000000002,223.926194320955,-243.874953555916,1994893,778,paced,NA,NA,NaN,6.90925840626424,0.447909122206692,0.357084092741478,2,0,1993395,1994699,1994698,1996503,1993773,1994893,2.75611111187161,-3.25872555058324,0.756,0.388,4314.5763830106,4516.67030530428,2.606,3.608,NaN,1996504,NaN,2.466,320455.169953523,349469.065398836,-0.0558739844758296,-0.041511773639964,-0.00449912850934165,5.98222796357398e-05,6.71670534453891e-05,2.43094366245551e-05,-0.0032891891021424,0.0117183328182868,0,1.01000000000022,0.756000000000313,0.253999999999905,3986.79,253.999999999905,0,0,0,0,paced,0.905101338108535,66.2909195619873,0.280631559478975,320455.169953523,320455.169953523
1997737,1997737,NaN,21,8.44040789332462,125.987726971338,1998196,1.26967369987992,2001812,8.14999999999964,121.132686174736,-91.5548228619741,1998709,779,paced,NA,NA,NaN,7.36196319018438,0.346157778329307,0.345527003178256,2,0,1997737,1998480,1998479,1999339,1998196,1998709,1.65145925136518,-1.29601181013004,0.918,0.458,1549.8093161036,1343.34087031106,1.484,1.718,NaN,1999340,NaN,4.944,118162.81844829,103084.030666492,-0.0271937420893294,-0.0409523914282308,-0.00309862137622907,2.62490939715554e-05,4.30876907738449e-05,1.86838356598348e-05,-0.00738064071841037,0.00614929090472394,1,0.980000000000018,0.823999999999614,0.156000000000404,3995.474,156.000000000404,1,0,0,0,paced,0.905309528364847,66.2756749157063,0.172316754781282,118162.81844829,118162.81844829
2001812,2001812,NaN,21,1.26967369987992,155.435639556799,2002483,3.08380889842795,2006278,8.93200000000024,153.258898257645,-103.41373720295,2002887,780,paced,NA,NA,NaN,6.71742051052378,0.345274426723495,0.426829441120714,3,0,2001812,2002694,2002693,2006277,2002483,2002887,2.31399806006247,-1.68012785790973,1.342,0.386,2243.77498230973,4194.21628614847,1.762,7.166,NaN,NaN,NaN,NaN,151952.055331979,263384.737121096,-0.0256048583655259,-0.0711871680643277,-0.00219840373408346,2.42170010295333e-05,9.19009706772221e-05,1.77090540914364e-05,-0.0123368484683498,0.00558048377524489,0,0.976130612244926,0.867999999999938,0.108130612244988,4003.624,108.130612244988,0,0,0,0,paced,0.927990598680971,64.6558274246344,0.116521236743866,151952.055331979,151952.055331979
2006278,2006278,NaN,21,3.08380889842795,184.900754294314,2006628,-101.649976707488,2008632,4.70800000000008,234.183838198844,-130.090055790486,2008480,781,paced,NA,NA,NaN,12.7442650807135,0.274957811583339,0.440748413453773,3,0,2006278,2006990,2006989,2008631,2006628,2008480,2.89088790609564,-1.76668516868047,0.7,2.98,2329.4629173816,3663.52495872272,1.422,3.282,NaN,NaN,NaN,NaN,141938.63531804,235923.72909758,-0.0630182618274395,-0.0197761475553841,-0.0090722803179676,7.12745760740688e-05,3.41541993639496e-05,3.23101412450944e-05,-0.0014443771721843,0.0127997564540256,1,0.947039665971012,0.859093023255955,0.0879466427150576,4012.556,87.9466427150576,1,0,0,0,paced,0.889645332185442,67.4426064290228,0.0988558468564252,141938.63531804,141938.63531804
2008632,2008632,NaN,21,-101.649976707488,76.4971303505872,2009004,45.5842996163373,2010727,4.19000000000005,104.529968896163,16.1639047441593,2009791,782,paced,NA,NA,NaN,14.3198090692122,0.273961515406016,0.441975791861693,3,0,2008632,2009791,2009790,2010450,2009004,2009791,1.06326995739671,0.231449657196536,0.744,0,1446.47273276519,1185.74758492527,2.316,1.318,NaN,2010451,NaN,0.552,113332.563607226,81147.2881667714,-0.0458708887103471,-0.0106401295292467,-0.0207794291438112,4.03468859641046e-05,5.54667457130298e-06,4.14603736068939e-05,-0.0010898359052191,0.010003394609239,0,0.89200000000028,0.813999999999396,0.078000000000884,4017.264,78.000000000884,0,0,0,0,paced,0.853190023682047,70.3243103348333,0.0914216034363194,113332.563607226,113332.563607226
2010727,2010727,NaN,21,45.5842996163373,94.7759554192629,2010921,-3.53743085299324,2014761,8.06799999999976,73.7525210375908,-122.339394826801,2011387,783,paced,NA,NA,NaN,7.43678730788322,0.274284113744044,0.431581165454405,3,0,2010727,2011151,2011150,2012449,2010921,2011387,1.53191950918369,-1.82749163139799,0.388,0.472,954.244540155252,2626.16267707276,0.846,2.596,NaN,2012450,NaN,4.622,71640.4038357788,176218.687437622,-0.0737105326638797,-0.051331066496184,-0.00219893598828113,4.98583898718366e-05,5.65045716901262e-05,1.66582714919784e-05,-0.00884383184959209,0.00783196027661826,1,0.978000000000065,0.871807606263968,0.106192393736098,4021.454,106.192393736098,1,0,0,0,paced,0.924303446970353,64.9137468833052,0.114889102798622,71640.4038357788,71640.4038357788
2014761,2014761,NaN,21,-3.53743085299324,268.506130661308,2015176,1.49206367966847,2019181,8.84000000000015,269.52881424797,-112.79822495395,2015876,784,paced,NA,NA,NaN,6.78733031674197,0.283579568194578,0.430283803166523,1,0,2014761,2015538,2015537,2017725,2015176,2015876,3.9763517814308,-1.76433485703288,0.83,0.676,2999.00698741083,3658.87565933788,1.552,4.374,NaN,2017726,NaN,2.91,190500.194368367,227193.044172263,-0.0721330879758587,-0.0555436247523833,-0.00193939560081408,8.58663057165877e-05,4.04520355266013e-05,9.20817711129501e-06,-0.00921840708816326,0.0181503538969978,1,1.02399999999943,0.798000000000229,0.225999999999203,4029.522,225.999999999203,1,0,0,0,paced,0.926972593431079,64.726832729668,0.24380440328089,190500.194368367,190500.194368367
2019181,2019181,NaN,21,1.49206367966847,160.883249860146,2019641,8.91207427044921,2023467,8.57200000000012,155.681180885087,-67.6337265234349,2020403,785,paced,NA,NA,NaN,6.99953336444228,0.237070291977465,0.455370184310578,2,0,2019181,2020087,2020086,2023466,2019641,2020403,2.55105181057789,-1.0748918468305,0.92,0.632,2383.81274906266,3413.93621269709,1.81,6.758,NaN,NaN,NaN,NaN,137063.013780482,212111.55973195,-0.0410632399001346,-0.0325331790338886,-0.00114403688995969,4.12460493002617e-05,2.55656344255105e-05,7.58200286465283e-06,-0.00566568417695428,0.00972407869920189,0,1,0.840000000000146,0.159999999999854,4038.362,159.999999999854,0,0,0,0,paced,0.925479702903441,64.8312435289141,0.172883316076947,137063.013780482,137063.013780482
2023467,2023467,NaN,21,8.91207427044921,142.797247140427,2023884,10.7773604348838,2027582,8.23000000000002,132.952529787761,-75.6209631584644,2024544,786,paced,NA,NA,NaN,7.29040097205345,0.134788252301925,0.424934777285758,2,0,2023467,2024283,2024282,2025074,2023884,2024544,2.71555652697518,-1.4227756424886,0.834,0.522,2788.00872277896,1605.89875702734,1.63,1.582,NaN,2025075,NaN,5.014,143972.302990504,85016.390626454,-0.0496505517619448,-0.0436174151336954,-0.00752011240677343,4.98977176524539e-05,4.34906977393083e-05,2.10227938569152e-05,-0.0081889811927918,0.0107654269377966,1,0.996000000000095,0.766000000000531,0.229999999999563,4046.934,229.999999999563,1,0,0,0,paced,0.892049516178761,67.260840246873,0.257833220945857,143972.302990504,143972.302990504
2027582,2027582,NaN,21,10.7773604348838,163.848744438735,2027978,4.93558925546681,2032365,9.5659999999998,155.992269593559,-86.6276436643806,2028537,787,paced,NA,NA,NaN,6.27221409157445,0.182136726883325,0.31371109439927,2,0,2027582,2028340,2028339,2029405,2027978,2028537,2.95399251212341,-1.4763454811815,0.792,0.394,2789.02058968204,1751.97135853456,1.514,2.13,NaN,2029406,NaN,5.918,165449.771148947,106874.140184241,-0.057505290534602,-0.0558914629082484,-0.00404905857199916,5.95621681048667e-05,5.74397162644522e-05,1.80684232170932e-05,-0.00999436889752271,0.0121458097671254,0,1.02599999999984,0.863999999999578,0.162000000000262,4055.164,162.000000000262,0,0,0,0,paced,0.932390409668192,64.3507262385421,0.173746960844345,165449.771148947,165449.771148947
2032365,2032365,NaN,21,4.93558925546681,267.298751994437,2032626,0.911587445566457,2035565,6.40000000000009,264.375163643921,-152.791316105471,2033088,788,paced,NA,NA,NaN,9.37499999999987,0.321183538151354,0.29910135715149,1,0,2032365,2032884,2032883,2033652,2032626,2033088,4.02849359508292,-2.42184211081233,0.522,0.408,2550.18941579264,2060.17629014659,1.036,1.536,NaN,2033653,NaN,3.824,157261.521198131,129964.345792251,-0.116940367636914,-0.0982583359339746,-0.006210372528549,0.000103799389226075,9.53068903383503e-05,4.0024721214135e-05,-0.0169919565269682,0.0184040209738772,1,0.979963855421818,0.823999999999614,0.155963855422204,4064.73,155.963855422204,1,0,0,0,paced,0.877417515888968,68.3824962614408,0.177753296005479,157261.521198131,157261.521198131
2035565,2035565,NaN,21,0.911587445566457,133.45584733251,2036438,-2.46382506626352,2040517,9.904,134.231966142859,-138.895816823299,2037237,789,paced,NA,NA,NaN,6.05815831987076,0.319696391050555,0.304904516114467,2,0,2035565,2036807,2036806,2038120,2036438,2037237,2.23454321408554,-2.02794744780436,1.746,0.86,2225.66868454216,2675.54776947037,2.482,2.626,NaN,2038121,NaN,4.792,141407.5224811,178245.454027038,-0.0191385661967572,-0.0368096509356366,-0.00262367768522765,2.06090481252262e-05,2.7421760515804e-05,1.62874322161012e-05,-0.00649680276281174,0.007882834619104,1,0.951999999999771,0.815999999999804,0.135999999999967,4071.13,135.999999999967,1,0,0,0,paced,0.873244040357367,68.7093151823235,0.155741114413229,141407.5224811,141407.5224811
2040517,2040517,NaN,21,-2.46382506626352,190.496554338449,2040956,3.72089681125896,2043513,5.99199999999973,189.868018465952,-111.794538663822,2041419,790,paced,NA,NA,NaN,10.0133511348469,0.331521161902549,0.278513763797367,1,0,2040517,2041231,2041230,2042594,2040956,2041419,3.07520597603663,-1.75607083810458,0.878,0.376,2441.62924670281,2737.2077101858,1.426,2.726,NaN,2042595,NaN,1.836,155181.314374152,174720.483336204,-0.0521224182993044,-0.0739440519131451,-0.00415860170453835,5.28118150490918e-05,8.19139957215175e-05,2.5500144049897e-05,-0.013087729311141,0.0119186301602776,1,0.950184873949806,0.836440758294065,0.113744115655741,4081.034,113.744115655741,1,0,0,0,paced,0.868142973214236,69.1130399614413,0.131020026844901,155181.314374152,155181.314374152
2043513,2043513,NaN,21,3.72089681125896,119.187928855503,2044144,-7.00218389335304,2045096,3.16600000000017,120.828572396551,-124.295195754897,2044591,791,paced,NA,NA,NaN,18.9513581806686,0.418351673362412,0.365497139103001,1,0,2043513,2044335,2044334,2045095,2044144,2044591,1.91632769004203,-1.99501614924066,1.262,0.512,1619.47466175591,2093.20273570795,1.642,1.52,NaN,NaN,NaN,NaN,113767.842563024,140004.299472832,-0.0228165594673005,-0.063305634845823,-0.00556234447362702,2.38136098677246e-05,7.26300777804199e-05,3.13909874193663e-05,-0.0110459934872263,0.0068092147473449,1,0.858879432624265,0.831999999999425,0.0268794326248402,4087.026,26.8794326248402,1,0,0,0,paced,0.839344471759236,71.4843571605853,0.0320243160337994,113767.842563024,113767.842563024
2045096,2045096,NaN,21,-7.00218389335304,216.231185502119,2045408,1.3084368837842,2049115,8.03799999999956,219.078059006904,-100.758450577845,2045768,792,paced,NA,NA,NaN,7.4645434187613,0.503719955948362,0.299210556644429,1,0,2045096,2045612,2045611,2046381,2045408,2045768,3.07845901521896,-1.59233556790759,0.624,0.312,1770.00882540262,1294.18387439988,1.03,1.538,NaN,2046382,NaN,5.466,118261.537100335,85568.3463953695,-0.0764871196417687,-0.0925839143046638,-0.00522740941923871,6.66426045450621e-05,0.000117980352121676,3.27918710239713e-05,-0.0158907939476308,0.0137003268821716,1,0.91800000000012,0.858879432624265,0.0591205673758547,4090.192,59.1205673758547,1,0,0,0,paced,0.89884258302652,66.7525116555695,0.0657741060473437,118261.537100335,118261.537100335
2049115,2049115,NaN,21,1.3084368837842,172.352681762142,2049708,0.154081770189593,2052238,6.24600000000009,171.621422435155,-120.629595385505,2050112,793,paced,NA,NA,NaN,9.60614793467805,0.417408741579861,0.365888787301418,1,0,2049115,2049906,2049905,2051079,2049708,2050112,2.48039133674454,-1.91512270931424,1.186,0.412,2099.68937869676,2451.5128052029,1.58,2.346,NaN,2051080,NaN,2.316,135312.165181039,157718.481273432,-0.0307241521780756,-0.0778758186259653,-0.00372008482188583,2.71590956322803e-05,9.14420265794883e-05,2.27560742891823e-05,-0.0134819250589793,0.0071011445203284,1,0.970322851152587,0.844000000000051,0.126322851152536,4098.23,126.322851152536,1,0,0,0,paced,0.901844150893493,66.5303422332513,0.140071708650972,135312.165181039,135312.165181039
2052238,2052238,NaN,21,0.154081770189593,83.7087559387441,2052563,0.509673086860102,2053582,2.6880000000001,83.3768785102193,-66.284146780177,2052916,794,paced,NA,NA,NaN,22.3214285714277,0.466009506180073,0.370586181120714,1,0,2052238,2052747,2052746,2053097,2052563,2052916,1.26032615077093,-1.02044926168123,0.65,0.338,682.938684730589,511.857124158824,1.016,0.7,NaN,2053098,NaN,0.968,43009.3480425116,33443.3654071762,-0.0291973348630433,-0.0467642185716136,-0.0146557095907596,3.5148922053689e-05,5.61861161738111e-05,4.16484367192558e-05,-0.00788070756826599,0.00584989995398377,1,1.00200000000041,0.960837113402147,0.041162886598261,4104.476,41.162886598261,1,0,0,0,paced,0.986465531521588,60.8232098160106,0.0417276481366446,43009.3480425116,43009.3480425116
2053582,2053582,NaN,21,0.509673086860102,189.27895456447,2053869,-2.62030841213559,2055008,2.85199999999986,190.334272227108,-107.544172285121,2054304,795,paced,NA,NA,NaN,21.0378681626939,0.403614657676314,0.353721454375591,1,0,2053582,2054117,2054116,2055007,2053869,2054304,3.43400132735232,-2.02933556070635,0.574,0.374,2280.11241148437,2154.37793343225,1.068,1.78,NaN,NaN,NaN,NaN,126974.334253819,120532.747578364,-0.0894132431536656,-0.0890559824765338,-0.0045149033995338,8.11443528456208e-05,9.35505018331531e-05,3.23511036151712e-05,-0.015489535879417,0.015634599404579,1,0.960837113402147,0.916000000000167,0.0448371134019792,4107.164,44.8371134019792,1,0,0,0,paced,0.930258652842941,64.4981907092564,0.0481985448508901,126974.334253819,126974.334253819
2055008,2055008,NaN,21,-2.62030841213559,81.6362206524175,2055394,1.38940283452518,2057684,5.35200000000077,82.2516734412227,-88.6445158588536,2055816,796,paced,NA,NA,NaN,11.2107623318369,0.444891804137228,0.319054944769364,1,0,2055008,2055582,2055581,2056302,2055394,2055816,1.33080698330968,-1.36914184542833,0.772,0.468,910.63842798066,1117.5770013859,1.146,1.44,NaN,2056303,NaN,2.762,59694.4027990581,75526.9446518013,-0.0264278518283077,-0.0461919613599395,-0.00361787406344454,2.14525773849025e-05,5.17623283298468e-05,2.61815857759277e-05,-0.00788801746715499,0.00517603452605409,1,0.956000000000131,0.931999999999789,0.024000000000342,4110.016,24.000000000342,1,0,0,0,paced,0.940859713969587,63.7714625348912,0.02550858501432,59694.4027990581,59694.4027990581
2057684,2057684,NaN,21,1.38940283452518,134.92213596851,2058136,7.78414496053567,2061945,8.52199999999993,130.335362070979,-65.6590660647792,2058907,797,paced,NA,NA,NaN,7.04060079793481,0.485670074823845,0.315078589208717,2,0,2057684,2058534,2058533,2061944,2058136,2058907,2.13763509234973,-1.0241354635883,0.904,0.746,1770.10209294069,2519.25331997319,1.698,6.82,NaN,NaN,NaN,NaN,108551.664716385,163195.455683682,-0.0351469187100177,-0.0287463237250899,-0.0012367958564974,3.40921986510833e-05,3.00128002512452e-05,8.34188248358433e-06,-0.00443212929159002,0.00777631038762094,0,0.992000000000189,0.815999999999804,0.176000000000386,4115.368,176.000000000386,0,0,0,0,paced,0.922136700388935,65.0662748534935,0.190861072903999,108551.664716385,108551.664716385
2061945,2061945,NaN,21,7.78414496053567,190.108862708382,2062381,17.3021192255799,2064807,5.72399999999925,177.565730615324,-146.759430319124,2063109,798,paced,NA,NA,NaN,10.4821802935024,0.40826042396512,0.248610907288871,2,0,2061945,2062688,2062687,2064130,2062381,2063109,3.02389366931828,-2.52788984087906,0.872,0.842,2520.6269042819,3502.25131755365,1.484,2.884,NaN,2064131,NaN,1.352,155594.845858493,211554.236269385,-0.0521875985421894,-0.0528814341083068,-0.00515707019975195,5.2505996327589e-05,4.30749623423397e-05,3.58475093316659e-05,-0.00931406816318242,0.0116721200953764,1,0.972815415821457,0.885999999999513,0.0868154158219443,4123.89,86.8154158219443,1,0,0,0,paced,0.904551694170924,66.3312007336337,0.0959761795609877,155594.845858493,155594.845858493
2064807,2064807,NaN,21,17.3021192255799,134.167632815804,2065150,-10.4820068011502,2066294,2.97400000000016,130.757576603589,-123.824659073548,2065840,799,paced,NA,NA,NaN,20.1748486886337,0.32172576385332,0.21832749982871,1,0,2064807,2065621,2065620,2066293,2065150,2065840,1.91095365015003,-1.94493642858639,0.686,0.438,1996.32559343777,1566.76478649725,1.626,1.344,NaN,NaN,NaN,NaN,131056.771411013,101926.708166781,-0.046002660122256,-0.0408207526177857,-0.00562369874959001,4.23059156586328e-05,5.02427795228402e-05,3.44054470802222e-05,-0.00616045586381223,0.0074973461650798,1,0.969164926931566,0.88799999999992,0.0811649269316456,4129.614,81.1649269316456,1,0,0,0,paced,0.923965293746519,64.9375040448873,0.0878441295154452,131056.771411013,131056.771411013
2066294,2066294,NaN,21,-10.4820068011502,160.175724751108,2066594,3.12218209984755,2070512,8.4360000000006,163.855637101759,-84.7898516883896,2067126,800,paced,NA,NA,NaN,7.11237553342766,0.386353801145587,0.118308548851663,1,0,2066294,2066936,2066935,2068420,2066594,2067126,2.46074725554252,-1.38445854621977,0.6,0.38,1840.22419306459,1923.24425050935,1.282,2.968,NaN,2068421,NaN,4.182,115836.393688485,120827.826554432,-0.0622671467025731,-0.0506885827005775,-0.00202514704592769,6.61594550794628e-05,4.95000829777778e-05,1.43257384903394e-05,-0.00831956058232471,0.0131301035506641,1,0.996000000000095,0.874826185101421,0.121173814898674,4132.588,121.173814898674,1,0,0,0,paced,0.95237847797264,63.0001636825352,0.127232836210894,115836.393688485,115836.393688485
2070512,2070512,NaN,21,3.12218209984755,148.070157856827,2070920,8.5060026382469,2074492,7.96000000000004,142.256065487779,-101.684967808338,2071733,801,paced,NA,NA,NaN,7.53768844221102,0.378104747981528,0.12278002479609,1,0,2070512,2071298,2071297,2072570,2070920,2071733,2.47153206428377,-1.75598627899227,0.816,0.87,2044.35526811663,2479.88913011297,1.57,2.544,NaN,2072571,NaN,3.842,113785.078170596,139384.855027048,-0.045535740744328,-0.0356287141242084,-0.00201760086465404,4.83868583764663e-05,2.55081956769319e-05,1.30663712227229e-05,-0.00628343559913073,0.0100633702781747,1,1.02800000000025,0.838000000000648,0.1899999999996,4141.024,189.9999999996,1,0,0,0,paced,0.929822112205958,64.5284718575394,0.204340160881778,113785.078170596,113785.078170596
2074492,2074492,NaN,21,8.5060026382469,146.818127717698,2075272,-4.04897879742993,2078900,8.8159999999998,144.58961579729,-102.546059517593,2075673,802,paced,NA,NA,NaN,6.80580762250469,0.422720749244083,0.174667694133643,2,0,2074492,2075474,2075473,2076685,2075272,2075673,2.69298083773762,-2.05293111849443,1.56,0.398,2907.89413902214,2790.83024937442,1.962,2.422,NaN,2076686,NaN,4.428,154311.840170459,150043.475804103,-0.0276822319415998,-0.0851115677855926,-0.00453551483644483,3.98941223338947e-05,0.000105220787480417,2.79160194168256e-05,-0.0147362009943987,0.00854241525708299,1,1.01807782101175,0.920000000000073,0.0980778210116808,4148.984,98.0778210116808,1,0,0,0,paced,0.942733996586738,63.6446762472086,0.104035519422002,154311.840170459,154311.840170459
2078900,2078900,NaN,21,-4.04897879742993,125.723791388725,2079492,-63.1646834360282,2080573,3.34599999999955,159.330622505454,-82.4040808692679,2079995,803,paced,NA,NA,NaN,17.9318589360455,0.371420643308753,0.302925504859267,1,0,2078900,2079768,2079767,2080318,2079492,2079995,1.8929764404807,-1.22788833318915,1.184,0.454,1798.33144188303,1066.42361747917,1.734,1.1,NaN,2080319,NaN,0.508,124381.041314662,75561.8317166858,-0.0235562340619175,-0.0437908562948098,-0.0134812398897682,1.85032682549574e-05,4.46356142899165e-05,2.35831166658865e-05,-0.00779475478759614,0.00555833929691518,1,0.932792291220697,0.832000000000335,0.100792291220362,4157.8,100.792291220362,1,0,0,0,paced,0.873303889548367,68.7046064011341,0.115414911609391,124381.041314662,124381.041314662
2080573,2080573,NaN,21,-63.1646834360282,95.4073593533962,2081564,-0.31756469540989,2084018,6.89000000000033,127.148483419115,-58.4033343061699,2082038,804,paced,NA,NA,NaN,8.70827285921584,0.380544000160818,0.339504528436833,1,0,2080573,2081840,2081839,2082844,2081564,2082038,1.34933959920814,-0.858201455631582,1.982,0.396,1622.08873701746,912.10619468244,2.532,2.008,NaN,2082845,NaN,2.346,117519.787767738,68415.4338498124,-0.016591881979248,-0.0331159671480158,-0.00215188637614578,1.36123458513027e-05,3.60022121056921e-05,1.41206950300546e-05,-0.00595533761346088,0.00521614421464628,0,0.978000000000065,0.844461538461948,0.133538461538118,4161.146,133.538461538118,0,0,0,0,paced,0.941410142471509,63.7341763096799,0.141849397529897,117519.787767738,117519.787767738
2084018,2084018,NaN,21,-0.31756469540989,180.895454451727,2084336,-49.76264825141,2085960,3.88400000000001,205.935560925137,-208.594580592157,2084865,805,paced,NA,NA,NaN,15.447991761071,0.434489746044797,0.327188990934594,2,0,2084018,2084674,2084673,2085266,2084336,2084865,2.53932577951513,-2.65702504752287,0.636,0.382,2257.36028591343,1742.58285642749,1.31,1.184,NaN,2085267,NaN,1.386,171199.200123659,137139.190724379,-0.0599586347009874,-0.0713713187299712,-0.0119204682983148,5.07725251009439e-05,7.85867672347886e-05,6.25360745603231e-05,-0.0115411025817624,0.0110434460433382,1,0.914652719665292,0.756000000000313,0.158652719664979,4168.036,158.652719664979,1,0,0,0,paced,0.821781435870614,73.0121141474005,0.19305950796625,171199.200123659,171199.200123659
2085960,2085960,NaN,21,-49.76264825141,257.756738887381,2086285,3.40678648362339,2088145,4.36999999999989,280.934669771274,-102.616926183752,2086686,806,paced,NA,NA,NaN,13.7299771167051,0.459898470764864,0.37773809480643,1,0,2085960,2086543,2086542,2086907,2086285,2086686,3.3239822647775,-1.28347268724772,0.65,0.286,2150.13096984448,705.005378691121,1.164,0.728,NaN,2086908,NaN,2.474,166852.968774824,59795.7327174246,-0.0896960267613296,-0.0809826722804305,-0.0212100900773715,8.09286935649971e-05,9.13328602382624e-05,5.61447064255287e-05,-0.0139720237356085,0.0174024001702662,1,0.909303964757737,0.761777777778137,0.1475261869796,4171.92,147.5261869796,1,0,0,0,paced,0.850625503194942,70.5363285895385,0.173432593339246,166852.968774824,166852.968774824
2088145,2088145,NaN,21,3.40678648362339,123.359543589885,2088529,6.48296319145616,2090427,4.56400000000031,118.414668752346,-159.939286104726,2088996,807,paced,NA,NA,NaN,13.1463628396135,0.398808577683386,0.358629864581084,2,0,2088145,2088727,2088726,2089462,2088529,2088996,1.59704839560708,-1.93994265865833,0.768,0.538,1178.19477075424,1591.63134574252,1.162,1.47,NaN,2089463,NaN,1.928,92412.8711509971,130326.362377764,-0.0311245292800822,-0.0538455167975073,-0.00646110295762364,2.45965459355581e-05,5.49250401121207e-05,3.2798753281662e-05,-0.00931454207633865,0.00671424750572691,1,0.936000000000604,0.909303964757737,0.0266960352428668,4176.29,26.6960352428668,1,0,0,0,paced,0.92558911443508,64.8235799927489,0.0288422096009203,92412.8711509971,92412.8711509971
2090427,2090427,NaN,21,6.48296319145616,166.905745396108,2090937,-0.158105336048172,2095391,9.92799999999988,163.743316468404,-98.0333137861456,2091544,808,paced,NA,NA,NaN,6.04351329572932,0.399868337611766,0.354496012688242,1,0,2090427,2091333,2091332,2093740,2090937,2091544,1.92914140664397,-1.20608038459295,1.02,0.422,1887.96705310962,2347.98325905037,1.81,4.814,NaN,2093741,NaN,3.3,146615.849569853,174344.833652347,-0.0284889678693467,-0.0361163846647282,-0.00152458844335907,2.67368192063368e-05,3.53298059277031e-05,9.13273533312987e-06,-0.00601692016825673,0.00700356959079595,1,0.937991341991785,0.78400000000056,0.153991341991225,4180.854,153.991341991225,1,0,0,0,paced,0.882800638513314,67.9655149559513,0.174435014286526,146615.849569853,146615.849569853
2095391,2095391,NaN,21,-0.158105336048172,303.407417744202,2095864,-3.25705577614745,2100347,9.91200000000026,305.1149983003,-130.520537452378,2096297,809,paced,NA,NA,NaN,6.05326876513301,0.313357236650366,0.470433123790732,1,0,2095391,2096094,2096093,2097496,2095864,2096297,3.97169877448678,-1.95891689972986,0.946,0.406,2716.53233632807,3029.81167934777,1.404,2.804,NaN,2097497,NaN,5.7,179939.460326005,191370.256720867,-0.0626330385888269,-0.0967286247532839,-0.00341796145477235,6.17319716835689e-05,0.000109535730213805,2.26086498567922e-05,-0.0168765123326082,0.0148537129176716,1,0.940000000000509,0.857999999999265,0.0820000000012442,4190.782,82.0000000012442,1,0,0,0,paced,0.877624667544895,68.3663554806938,0.0934340191583659,179939.460326005,179939.460326005
2100347,2100347,NaN,21,-3.25705577614745,198.333135961287,2100882,0.461812495201561,2105244,9.79399999999987,199.73075760176,-97.8211154092014,2101438,810,paced,NA,NA,NaN,6.12619971411076,0.368963447068791,0.444259213117113,2,0,2100347,2101212,2101211,2103909,2100882,2101438,2.98073552476194,-1.64041234242388,1.07,0.452,2525.71792548043,3380.92766533523,1.728,5.394,NaN,2103910,NaN,2.668,151253.989956095,212259.645295415,-0.0415612527348487,-0.0579395311789801,-0.00299706303398891,3.67621713793047e-05,4.48057155141758e-05,1.77177163568038e-05,-0.00991473519347578,0.00992156695199697,1,0.926000000000386,0.826000000000022,0.100000000000364,4200.694,100.000000000364,1,0,0,0,paced,0.874219337231777,68.6326616727451,0.114387769454991,151253.989956095,151253.989956095
2105244,2105244,NaN,21,0.461812495201561,132.177378116981,2105593,1.97331234551291,2110086,9.68399999999929,130.959815696624,-104.607453175076,2106403,811,paced,NA,NA,NaN,6.1957868649323,0.419033674414077,0.412645710415597,1,0,2105244,2106193,2106192,2107839,2105593,2106403,2.81158368503218,-2.30345434660612,0.698,0.42,3206.34926921005,3339.18223606249,1.896,3.292,NaN,2107840,NaN,4.492,146848.445230859,156786.595503038,-0.0602871621580377,-0.0448262303866687,-0.00305523534642764,7.5941178539971e-05,4.76787691179218e-05,2.06786308153841e-05,-0.00634800201803303,0.013509915387141,1,0.908000000000357,0.768000000000029,0.140000000000327,4210.488,140.000000000327,1,0,0,0,paced,0.856729440349217,70.0337786635919,0.16341215021543,146848.445230859,146848.445230859
2110086,2110086,NaN,21,1.97331234551291,74.8532023754586,2110563,-0.250178176228208,2114238,8.30400000000009,73.9916352908162,-66.4066042680868,2111608,812,paced,NA,NA,NaN,7.22543352601148,0.435104672860872,0.482758269871781,2,0,2110086,2110993,2110992,2112273,2110563,2111608,1.27609637393933,-1.07345264532056,0.954,1.23,1252.05207573351,1629.35520800835,1.812,2.56,NaN,2112274,NaN,3.928,67917.4964581474,89741.1586127055,-0.019744070405661,-0.0158034044774368,-0.0018388624505741,1.92703581076089e-05,1.47168013298821e-05,1.01961404402622e-05,-0.00261208256031005,0.00460208838547138,1,1.0113439363822,0.829999999999927,0.181343936382276,4220.172,181.343936382276,1,0,0,0,paced,0.913630562098462,65.672058804808,0.19848716089987,67917.4964581474,67917.4964581474
2114238,2114238,NaN,21,-0.250178176228208,221.238538799196,2114766,-19.1720666757279,2115715,2.95400000000063,230.949661225174,-151.93373547904,2115248,813,paced,NA,NA,NaN,20.3114421123856,0.434463600555595,0.38843410494846,1,0,2114238,2114986,2114985,2115714,2114766,2115248,3.51031581885986,-2.79892325000262,1.056,0.524,2407.42919474927,2564.96033574533,1.494,1.456,NaN,NaN,NaN,NaN,134337.404145084,142229.621042821,-0.0496116663502223,-0.0923262853672474,-0.00864695979148569,5.08991422082395e-05,9.38327315433879e-05,4.62543597197871e-05,-0.0160987018324216,0.0136269261918867,1,1.01200000000063,0.935999999999694,0.0760000000009313,4228.476,76.0000000009313,1,0,0,0,paced,0.960960363332281,62.437538830364,0.0790875491860969,134337.404145084,134337.404145084
2115715,2115715,NaN,21,-19.1720666757279,146.397285474173,2116096,0.0781339525440082,2117277,3.1239999999998,155.944251835765,-80.1573926942138,2116528,814,paced,NA,NA,NaN,19.2061459667106,0.445139624594226,0.378891558717072,1,0,2115715,2116348,2116347,2117276,2116096,2116528,2.50180871088724,-1.48390999754346,0.762,0.36,1874.17049711303,1824.18603038816,1.264,1.856,NaN,NaN,NaN,NaN,106563.187419889,103698.569467467,-0.0544227111435078,-0.0657341059391145,-0.00344706635311073,4.29417673964727e-05,7.21377672063493e-05,2.48752956331967e-05,-0.0115917997144093,0.0103530365519708,1,0.975999999999658,0.953999999999724,0.0219999999999345,4231.43,21.9999999999345,1,0,0,0,paced,0.96392040027467,62.2458036814066,0.0228234613497812,106563.187419889,106563.187419889
2117277,2117277,NaN,21,0.0781339525440082,89.418000425537,2117587,-1.28778029939526,2120285,6.01599999999962,90.0228235989627,-59.8963340033324,2118011,815,paced,NA,NA,NaN,9.97340425531978,0.447004169712662,0.40956190483583,1,0,2117277,2117806,2117805,2118564,2117587,2118011,1.69580082375089,-1.14920736638163,0.62,0.41,1021.35485850535,971.754162123566,1.056,1.516,NaN,2118565,NaN,3.44,57689.8216286314,55009.9406037615,-0.0409322213831804,-0.0475413332364526,-0.00264500195166616,3.6605282501685e-05,5.49181548121717e-05,2.18068818811107e-05,-0.00822784552882393,0.00747840376660414,1,0.973713114753814,0.90282743362853,0.0708856811252835,4234.554,70.8856811252835,1,0,0,0,paced,0.935712996667654,64.1222257398128,0.0757557941139302,57689.8216286314,57689.8216286314
2120285,2120285,NaN,21,-1.28778029939526,130.395186206496,2120870,-0.413359744095092,2125215,9.86000000000058,131.245756228241,-100.672248301887,2121330,816,paced,NA,NA,NaN,6.0851926977684,0.453154574672337,0.346715492520735,1,0,2120285,2121134,2121133,2122679,2120870,2121330,2.1722364857259,-1.66591937268097,1.17,0.392,2099.35162643559,2346.64973918388,1.696,3.09,NaN,2122680,NaN,5.07,130375.002471547,144791.109006869,-0.0273041759276106,-0.0596060285861065,-0.00229720667713323,2.42374951565834e-05,6.41378263390917e-05,1.60437664786359e-05,-0.0103877615025167,0.00647070757289947,1,0.926000000000386,0.850000000000364,0.0760000000000218,4240.57,76.0000000000218,1,0,0,0,paced,0.896017474635787,66.962979739194,0.0848197743363368,130375.002471547,130375.002471547
2125215,2125215,NaN,21,-0.413359744095092,125.865107179637,2125780,0.417589350947025,2130505,10.5799999999999,125.862992376211,-110.131618721641,2126639,817,paced,NA,NA,NaN,5.67107750472594,0.331084249949728,0.288116648954337,2,0,2125215,2126345,2126344,2129160,2125780,2126639,2.44037365264923,-1.87677588266104,1.13,0.588,3086.4551517019,3886.11955343816,2.258,5.63,NaN,2129161,NaN,2.688,167168.198985367,215635.149340642,-0.0317975948154221,-0.0350247939662921,-0.00191278878247633,2.94121356639344e-05,2.64580138032303e-05,1.11843283286517e-05,-0.00566226543044206,0.00850049383557872,1,0.985999999999876,0.796000000000276,0.1899999999996,4250.43,189.9999999996,1,0,0,0,paced,0.911114387325702,65.8534217378695,0.208535835502814,167168.198985367,167168.198985367
2130505,2130505,NaN,21,0.417589350947025,221.490472950907,2130930,2.97225429106889,2135446,9.88199999999961,219.795551129899,-93.1599268918386,2132080,818,paced,NA,NA,NaN,6.07164541590795,0.16204303729598,0.339986299400791,1,0,2130505,2131457,2131456,2134026,2130930,2132080,3.60762713154892,-1.60024364175324,0.85,1.246,3183.46623866773,4016.32458193454,1.902,5.138,NaN,2134027,NaN,2.838,174911.310942241,222786.119068732,-0.0630934612111777,-0.0310473052317252,-0.002162411455566,6.64441928190487e-05,2.74576125208169e-05,1.17719893023446e-05,-0.00438317897101647,0.0144279481474909,1,0.953999999999724,0.768000000000029,0.185999999999694,4261.01,185.999999999694,1,0,1,0,paced,0.878651809420579,68.2864353737194,0.211687949658182,174911.310942241,174911.310942241
2135446,2135446,NaN,21,2.97225429106889,123.394333400399,2135846,7.08612742718685,2140464,10.0360000000001,118.365142541271,-82.4458401124229,2137165,819,paced,NA,NA,NaN,5.97847748106812,0.0481214852204184,0.491601230195662,2,0,2135446,2136577,2136576,2139835,2135846,2137165,2.35615412248262,-1.42416179607652,0.8,1.176,3073.8621176657,4092.71933195652,2.26,6.516,NaN,2139836,NaN,1.256,168615.671124438,219293.033181626,-0.0441037094783793,-0.0197527765861037,-0.00180764350184475,4.71667556009193e-05,1.44708479715442e-05,9.22477884983806e-06,-0.00326294163339912,0.0097112299455766,1,1.07800000000043,0.735999999999876,0.342000000000553,4270.892,342.000000000553,1,0,0,0,paced,0.926580978658689,64.7541891987201,0.369098878433301,168615.671124438,168615.671124438
2140464,2140464,NaN,21,7.08612742718685,168.359411034849,2140833,11.1167378266381,2145362,9.79600000000028,159.257978407936,-56.4260067383466,2141888,820,paced,NA,NA,NaN,6.1249489587585,0.168062719538655,0.503210809020261,2,0,2140464,2141527,2141526,2145361,2140833,2141888,3.23031925058952,-1.1564961165437,0.738,0.722,3235.09342279705,4701.27762968062,2.124,7.668,NaN,NaN,NaN,NaN,156920.558950823,221944.917759095,-0.067568362534518,-0.0280428698482907,-0.00136011736334947,7.37066179525165e-05,2.03258485527323e-05,7.79321752981152e-06,-0.00434722539122089,0.0140154791010398,0,1.03600000000006,0.799999999999272,0.236000000000786,4280.928,236.000000000786,0,0,0,0,paced,0.940156959462275,63.8191308335548,0.251021914612818,156920.558950823,156920.558950823
2145362,2145362,NaN,21,11.1167378266381,93.8097641025122,2145746,-0.421970026475128,2150091,9.45799999999963,88.4623802024308,-89.4627860579919,2147161,821,paced,NA,NA,NaN,6.34383590611148,0.296862637735867,0.516316058327418,3,0,2145362,2146493,2146492,2147851,2145746,2147161,2.10966637973079,-2.19831897657342,0.768,1.336,3054.07054634517,3600.83270665069,2.26,2.716,NaN,2147852,NaN,4.478,127215.23626078,146664.431024556,-0.0439349917521742,-0.0220281551278026,-0.00419297631786793,4.19045178680114e-05,2.61051686968381e-05,2.03443109106236e-05,-0.00377630495590635,0.00813007808144151,1,1,0.800000000000182,0.199999999999818,4290.724,199.999999999818,1,0,0,0,paced,0.933024319329042,64.3070054627808,0.214356684875741,127215.23626078,127215.23626078
2150091,2150091,NaN,21,-0.421970026475128,50.1587826178148,2150932,56.4880582737121,2155519,10.8559999999998,22.1257384941963,-54.3811786035046,2151480,822,paced,NA,NA,NaN,5.52689756816519,0.294923483499881,0.495050313948164,6,0,2150091,2151230,2151229,2155518,2150932,2151480,0.96478873676563,-0.990602908718816,1.682,0.5,1106.92632974484,2183.42147858297,2.276,8.576,NaN,NaN,NaN,NaN,57105.3496032022,127746.582971419,-0.00893340256553683,-0.0251899990258022,-0.00257046390134464,1.28197816481775e-05,2.08183184118198e-05,8.6106425920028e-06,-0.00416644287283519,0.00490242585067913,0,1.0019999999995,0.894000000000233,0.107999999999265,4300.182,107.999999999265,0,0,0,0,paced,0.96198500170212,62.3710347810382,0.112267862605105,57105.3496032022,57105.3496032022
2155519,2155519,NaN,21,56.4880582737121,128.077297713409,2155792,-23.9159041302335,2158548,6.05799999999999,111.79122064167,-168.183436548702,2156983,823,paced,NA,NA,NaN,9.90425883129747,0.297640418591466,0.515950517071107,3,0,2155519,2156739,2156738,2158547,2155792,2156983,1.93735656329686,-2.68869429250575,0.546,0.488,3544.70928001721,5263.31952014201,2.438,3.616,NaN,NaN,NaN,NaN,222650.049292854,329637.02100497,-0.071892112145593,-0.0289820919875053,-0.00402596142966189,3.47793107990487e-05,3.9984771541686e-05,2.36486117920832e-05,-0.00314889085871534,0.00488701562705462,1,1.03200000000015,0.770000000000437,0.261999999999716,4311.038,261.999999999716,1,0,0,0,paced,0.915690174032956,65.524346227003,0.28612297852427,222650.049292854,222650.049292854
2158548,2158548,NaN,21,-23.9159041302335,97.6569248222913,2159385,5.90732807839282,2160530,3.96400000000085,106.661212848212,-50.3431736480232,2159746,824,paced,NA,NA,NaN,15.1362260343055,0.297501072434369,0.535340133102404,2,0,2158548,2159614,2159613,2160529,2159385,2159746,1.13970875116892,-0.52455126627029,1.674,0.264,1319.09176993891,471.839925582588,2.13,1.83,NaN,NaN,NaN,NaN,94232.2170391078,37084.9386266769,-0.0132751190048232,-0.0328356664954545,-0.00533973322686686,1.63130687645955e-05,3.94018845029518e-05,2.69356637510549e-05,-0.00556797633819726,0.00530774526968542,1,1.011453488372,0.894000000000233,0.11745348837177,4317.096,117.45348837177,1,0,0,0,paced,0.926234619221927,64.7784036083669,0.126807491249285,94232.2170391078,94232.2170391078
2160530,2160530,NaN,21,5.90732807839282,208.065986658167,2160839,-4.29372249812976,2165143,9.22599999999966,207.259183868036,-99.3529459482536,2161683,825,paced,NA,NA,NaN,6.50336006936941,0.376274111964751,0.502364085236066,2,0,2160530,2161311,2161310,2162915,2160839,2161683,2.71329574064481,-1.41301273812349,0.618,0.744,2396.33763538313,2897.33890845385,1.56,3.208,NaN,2162916,NaN,4.454,173783.839596367,210158.028739829,-0.0678998131795749,-0.033401268800043,-0.00388489257610528,5.28806518240179e-05,2.64928652486298e-05,1.65819795820338e-05,-0.00547541329557059,0.0106131583646716,0,0.899037037036901,0.747999999999593,0.151037037037308,4321.06,151.037037037308,0,0,0,0,paced,0.818696549069997,73.2872272005511,0.184484760817521,173783.839596367,173783.839596367
2165143,2165143,NaN,21,-4.29372249812976,201.573857114113,2165718,2.66489598520903,2170327,10.3680000000004,202.388270370574,-134.903681965531,2166688,826,paced,NA,NA,NaN,5.78703703703682,0.418784621347708,0.302951651296656,1,0,2165143,2166301,2166300,2168087,2165718,2166688,2.89986261555614,-2.04320515181645,1.15,0.774,3395.18892972434,3680.6334050103,2.314,3.572,NaN,2168088,NaN,4.478,218608.491655443,232942.588422291,-0.0370143610088808,-0.0348788772071872,-0.00256666509361393,3.43001480881476e-05,2.3277639995872e-05,1.4864710336148e-05,-0.00537796003118293,0.00807636635237019,1,1.02199999999993,0.772000000000844,0.249999999999091,4330.286,249.999999999091,1,0,0,0,paced,0.930361541433057,64.491057860776,0.268712741085589,218608.491655443,218608.491655443
2170327,2170327,NaN,21,2.66489598520903,110.857283474724,2171038,-1.7914396599513,2175210,9.76599999999962,110.420555312095,-115.318999870059,2171440,827,paced,NA,NA,NaN,6.14376407945959,0.411798213336951,0.29085145223949,3,0,2170327,2171266,2171265,2172514,2171038,2171440,1.80285597196046,-1.52265045374723,1.422,0.348,1826.32403572391,1956.25040826755,1.876,2.496,NaN,2172515,NaN,5.39,138269.408905374,142376.060045998,-0.0190354864805195,-0.0598502882762968,-0.00277495389626386,1.96744292049666e-05,6.93317399903467e-05,1.99334568288104e-05,-0.0102437643657978,0.00453573925747164,1,0.995377245509319,0.87318367346921,0.122193572040109,4340.654,122.193572040109,1,0,0,0,paced,0.918305552810334,65.3377297092228,0.133064176369351,138269.408905374,138269.408905374
2175210,2175210,NaN,21,-1.7914396599513,139.137404618127,2175921,36.4586451386168,2177375,4.32999999999993,121.803801878794,-230.067278356892,2176663,828,paced,NA,NA,NaN,13.8568129330256,0.377411986800364,0.324697510900627,2,0,2175210,2176214,2176213,2177059,2175921,2176663,2.23961014403451,-3.27968703159675,1.422,0.898,2507.38963511097,3500.92573531964,2.006,1.69,NaN,2177060,NaN,0.63,169449.79991772,244626.628791215,-0.024258014635853,-0.0542234972141317,-0.0113225799559953,3.07019123391712e-05,5.93004496436684e-05,5.30137315266154e-05,-0.00965389940303415,0.0138901270129266,1,0.9035381062359,0.802000000000589,0.101538106235311,4350.42,101.538106235311,1,0,0,0,paced,0.842569429294681,71.2107488284096,0.120510076327251,169449.79991772,169449.79991772
2177375,2177375,NaN,21,36.4586451386168,181.446315455795,2177688,5.51162081774632,2179445,4.14000000000033,160.461182477614,-84.392939038365,2178121,829,paced,NA,NA,NaN,14.4927536231873,0.403388247000001,0.300291476085579,1,0,2177375,2177966,2177965,2179148,2177688,2178121,2.38115224087906,-1.21964155083818,0.626,0.31,1858.55917918797,1414.74045915066,1.18,2.364,NaN,2179149,NaN,0.592,129797.41970447,104078.4332578,-0.066451373734787,-0.0595085401305689,-0.00309950987208965,5.25635427134248e-05,6.75115653979711e-05,1.96234508789059e-05,-0.0104107131173482,0.00824730046555677,1,1.01400000000012,0.9035381062359,0.110461893764224,4354.75,110.461893764224,1,0,0,0,paced,0.973809140047081,61.6137162125005,0.113432796244737,129797.41970447,129797.41970447
2179445,2179445,NaN,21,5.51162081774632,125.019288637793,2180031,-2.13424917658056,2182736,6.58199999999943,123.33060281721,-109.568788431448,2180381,830,paced,NA,NA,NaN,9.11577028258968,0.368894565582713,0.233492435887968,1,0,2179445,2180195,2180194,2181088,2180031,2180381,1.77447747887154,-1.60263998194412,1.172,0.372,1382.16498859104,1469.94281317694,1.498,1.786,NaN,2181089,NaN,3.294,95597.9777141631,102624.005422468,-0.022897674228783,-0.0703754884183367,-0.00417407443239956,2.36334751458265e-05,8.00208033943593e-05,2.54514634821173e-05,-0.0116699084105676,0.00437356440360204,1,1.00613017751482,0.907674008810861,0.0984561687039591,4358.89,98.4561687039591,1,0,0,0,paced,0.950653680122903,63.1144666607119,0.103566809620124,95597.9777141631,95597.9777141631
2182736,2182736,NaN,21,-2.13424917658056,83.7031790582705,2183286,-0.776456761760327,2185308,5.14400000000023,85.158532027441,-89.8956732372088,2183629,831,paced,NA,NA,NaN,11.6640746500772,0.177112520609696,0.232835534601066,4,0,2182736,2183458,2183457,2184404,2183286,2183629,1.43298870964126,-1.34192145271189,1.1,0.342,1172.12427246279,1551.38884423613,1.442,1.892,NaN,2184405,NaN,1.806,87707.3877449682,109369.974811273,-0.020140719303847,-0.0593779513870606,-0.00507130062142325,2.8296057279498e-05,6.94824231914309e-05,2.79498984539889e-05,-0.00978724669514839,0.00559401953798178,1,0.907674008810861,0.872915717539438,0.0347582912714225,4365.472,34.7582912714225,1,0,0,0,paced,0.889407238048297,67.4606608010783,0.0390802882914419,87707.3877449682,87707.3877449682
2185308,2185308,NaN,21,-0.776456761760327,109.264152091651,2185828,3.8544118457644,2187712,4.80799999999999,107.725174549649,-85.762443008163,2186222,832,paced,NA,NA,NaN,12.4792013311148,0.172836851599995,0.233793441596632,2,0,2185308,2186028,2186027,2187147,2185828,2186222,1.8918689296482,-1.65063654149935,1.04,0.388,1766.40355395111,2020.6726447691,1.438,2.238,NaN,2187148,NaN,1.128,99722.0589358068,111052.91533602,-0.0270167690624317,-0.0653241442125234,-0.00394490850036679,3.3097258931959e-05,7.27174581994265e-05,2.13289915529378e-05,-0.0112483841611143,0.00817080512446899,1,0.983857142856698,0.86200000000008,0.121857142856618,4370.616,121.857142856618,1,0,0,0,paced,0.906949550953439,66.1558296565938,0.134359339754361,99722.0589358068,99722.0589358068
2187712,2187712,NaN,21,3.8544118457644,86.5998074287287,2188155,4.47002534721709,2189757,4.09000000000015,82.437588832238,-69.2449036527413,2188550,833,paced,NA,NA,NaN,14.6699266503662,0.156890840866908,0.166013302127398,1,0,2187712,2188332,2188331,2189179,2188155,2188550,1.71064655213499,-1.3745265460719,0.886,0.436,1218.80735474819,1358.03451775816,1.238,1.694,NaN,2189180,NaN,1.154,65335.2783716155,77743.1748509302,-0.0300143513798119,-0.0566100945769142,-0.00411075094315777,3.7746283344873e-05,6.31432829470978e-05,2.45537918506605e-05,-0.00947369413041249,0.00717342754553441,1,0.997999999999593,0.974068965517254,0.0239310344823382,4375.424,23.9310344823382,1,0,1,0,paced,0.988818241340095,60.6784922562564,0.0242016515086794,65335.2783716155,65335.2783716155
2189757,2189757,NaN,21,4.47002534721709,130.292631078945,2190301,1.4791602253261,2192297,5.07999999999993,127.318038292674,-112.938364117,2190690,834,paced,NA,NA,NaN,11.8110236220474,0.100987614784382,0.161877527311125,1,0,2189757,2190490,2190489,2191496,2190301,2190690,2.23375679662639,-2.08283937569088,1.088,0.4,1858.90341951567,2116.36011268369,1.464,2.012,NaN,2191497,NaN,1.6,106843.008677892,117908.019412282,-0.0305362558300028,-0.0797305473864661,-0.00459283787924719,2.91919962193302e-05,9.39466648123909e-05,2.68239155953935e-05,-0.0136621984283782,0.00720840662500333,1,0.974068965517254,0.895999999999731,0.0780689655175235,4379.514,78.0689655175235,1,0,1,0,paced,0.917405436417273,65.4018361111058,0.0850975614690107,106843.008677892,106843.008677892
2192297,2192297,NaN,21,1.4791602253261,115.987904048481,2192687,2.23306268348151,2194551,4.50799999999981,114.131792594077,-87.9427167814352,2193266,835,paced,NA,NA,NaN,13.3096716947654,0.128168390550742,0.185618503247769,1,0,2192297,2192958,2192957,2193916,2192687,2193266,1.99953948177209,-1.6636657090147,0.78,0.616,1552.14003829644,1847.1687478941,1.32,1.916,NaN,2193917,NaN,1.268,89689.6358118209,102787.038596064,-0.0386971394909086,-0.0449846040795169,-0.00371901066078596,4.39324494055379e-05,4.46159028229422e-05,2.12499836002025e-05,-0.00813767270337783,0.00882100368931327,1,0.900900662251342,0.859999999999673,0.040900662251669,4384.594,40.900662251669,1,0,1,0,paced,0.876408825598664,68.4612001242853,0.0466684737271219,89689.6358118209,89689.6358118209
2194551,2194551,NaN,21,2.23306268348151,121.427337278636,2194926,2.13219760249645,2196937,4.77199999999993,119.244707135647,-78.7077561749161,2195324,836,paced,NA,NA,NaN,12.5733445096397,0.312774272147996,0.232215770639475,1,0,2194551,2195181,2195180,2196203,2194926,2195324,2.16847788650556,-1.09816124481629,0.75,0.286,1542.36322349629,1138.04218475826,1.258,2.044,NaN,2196204,NaN,1.466,88491.7972903843,89638.3189926605,-0.0436766325072569,-0.0585920439838064,-0.00231481270423381,4.55315423824018e-05,7.22036441347186e-05,1.72914274537002e-05,-0.0101931214713622,0.00883355685562459,1,0.880000000000109,0.86200000000008,0.0180000000000291,4389.102,18.0000000000291,1,0,0,0,paced,0.870949486726974,68.8903328084845,0.0206670998425788,88491.7972903843,88491.7972903843
2196937,2196937,NaN,21,2.13219760249645,119.353461075523,2197347,-0.934972952724485,2198905,3.9360000000006,118.754848750637,-96.9003994044175,2197743,837,paced,NA,NA,NaN,15.2439024390221,0.31161575832271,0.590576027816637,1,0,2196937,2197552,2197551,2198233,2197347,2197743,1.11165232817032,-0.918309211288465,0.82,0.382,758.555262854035,717.448119058693,1.228,1.362,NaN,2198234,NaN,1.342,78225.295208981,78507.4946354942,-0.0206657955011373,-0.0369219961002723,-0.00328712914805314,2.41911549679981e-05,3.98075654738376e-05,1.76066180304123e-05,-0.0062940593869082,0.00502396771710256,1,0.891999999999825,0.865999999999985,0.0259999999998399,4393.874,25.9999999998399,1,0,0,0,paced,0.878692935362445,68.2832393266609,0.0295894037080376,78225.295208981,78225.295208981
2198905,2198905,NaN,21,-0.934972952724485,98.6665779566873,2199523,-112.495974239058,2201761,5.71199999999953,155.382051552579,-156.084370479724,2201685,838,paced,NA,NA,NaN,10.5042016806731,0.335154957983175,0.544141722371997,3,0,2198905,2201524,2201523,2201760,2199523,2201685,0.93883655341291,-0.95877220024289,1.236,0.322,1765.1951570869,306.104948356613,5.236,0.472,NaN,NaN,NaN,NaN,206433.473749729,44682.246054831,-0.011691504968356,-0.00848868167614119,-0.0269782396401656,1.32760119277642e-05,2.5536992327573e-05,8.05547026948709e-05,9.18538965896588e-05,0.00710287604359461,0,0.880000000000109,0.760090909090554,0.119909090909555,4397.81,119.909090909555,0,0,0,0,paced,0.849220671653376,70.6530139959782,0.141198977971298,206433.473749729,206433.473749729
2201761,2201761,NaN,21,-112.495974239058,135.215776307611,2201940,36.1190976468102,2202540,1.55799999999999,173.404214603735,-121.53064245644,2202214,839,paced,NA,NA,NaN,38.5109114249039,0.346802502526381,0.527296160296496,1,0,2201761,2202081,2202080,2202539,2201940,2202214,0.928436325975457,-0.837018870565593,0.358,0.266,351.531966453324,407.059215174377,0.638,0.916,NaN,NaN,NaN,NaN,54693.6811207111,51361.6740575035,-0.0695321544532514,-0.049322969991815,-0.0162165008779671,0.000106138707274005,8.20706818702311e-05,5.27563819734658e-05,-0.00797266031063152,0.0131430835036825,1,0.760090909090554,0.710683195592364,0.0494077134981893,4403.522,49.4077134981893,1,0,0,0,paced,0.730878043960785,82.0930393186354,0.0676004894475121,54693.6811207111,54693.6811207111
2202540,2202540,NaN,21,36.1190976468102,445.733138584285,2202816,60.3635538672824,2204627,4.17399999999998,397.491812827239,-303.548338050852,2204067,840,paced,NA,NA,NaN,14.3747005270724,0.347227578052239,0.497630116567979,4,0,2202540,2203031,2203030,2204626,2202816,2204067,4.44861719799177,-2.64588777377043,0.552,2.072,2672.0807900209,4012.03001476584,0.98,3.19,NaN,NaN,NaN,NaN,302393.817599045,443764.52627481,-0.129388592551772,-0.0454302485882894,-0.0118913382203165,0.000108324003702647,9.65223501080834e-05,6.61024636391044e-05,-0.00274019900944552,0.0195976037235908,1,0.734000000000378,0.703999999999724,0.0300000000006548,4405.08,30.0000000006548,1,0,0,0,paced,0.716359207571155,83.7568629897736,0.0418784314958009,302393.817599045,302393.817599045
2204627,2204627,NaN,21,60.3635538672824,342.815697114982,2204867,124.021549754525,2206174,3.09400000000005,250.623145304078,-217.199721157733,2205665,841,paced,NA,NA,NaN,19.3923723335485,0.391255401129827,0.521096518512243,2,0,2204627,2205072,2205071,2205866,2204867,2205665,3.32533197436928,-1.57652433528833,0.48,1.186,1935.92984346561,1391.9808478074,0.888,1.588,NaN,2205867,NaN,0.614,225864.442889532,162754.872342645,-0.123224150600754,-0.0475169677229102,-0.00849809230641557,8.69266583047135e-05,8.50190311928452e-05,7.23252354497358e-05,-0.00469884487521879,0.0135921910288184,1,0.841999999999643,0.733999999999469,0.108000000000175,4409.254,108.000000000175,1,0,0,0,paced,0.77718293136905,77.2019013519851,0.138963422433798,225864.442889532,225864.442889532
2206174,2206174,NaN,21,124.021549754525,185.616836631391,2206370,-15.3165214617614,2207870,3.39199999999983,131.264322485009,-97.2224298803966,2206725,842,paced,NA,NA,NaN,17.6886792452839,0.420768571558506,0.693698770061873,3,0,2206174,2206577,2206576,2207187,2206370,2206725,1.72429371493268,-0.892006998805569,0.392,0.296,1019.16005273553,651.269826351119,0.804,1.22,NaN,2207188,NaN,1.364,123055.267006689,78289.0199156572,-0.0890607986920674,-0.0533069601291549,-0.00512275127019966,3.8284711836687e-05,6.58046385625552e-05,2.6123157228869e-05,-0.00909017075849433,0.00604208957673458,1,0.852903073285753,0.807999999999993,0.0449030732857606,4412.348,44.9030732857606,1,0,0,0,paced,0.834080560486169,71.9354974116975,0.0538354152020849,123055.267006689,123055.267006689
2207870,2207870,NaN,21,-15.3165214617614,154.521299995983,2208546,18.3519565659008,2210267,4.79399999999987,153.003582443913,-150.069263059375,2209634,843,paced,NA,NA,NaN,12.515644555695,0.376749857481908,0.707279332473893,2,0,2207870,2208748,2208747,2209882,2208546,2209634,1.27017207934769,-1.09125742645354,1.352,1.772,1061.97941469831,1145.11777636764,1.754,2.268,NaN,2209883,NaN,0.768,126221.492591699,136322.604342289,-0.0178064796375316,-0.0170522027667209,-0.00416715350068025,1.77413169388651e-05,3.08704904745986e-05,3.02955704695989e-05,-0.00124799986667624,0.00647327111798374,1,0.855999999999767,0.819999999999709,0.0360000000000582,4415.74,36.0000000000582,1,0,0,0,paced,0.840985245328917,71.3448902144929,0.042806934128765,126221.492591699,126221.492591699
2210267,2210267,NaN,21,18.3519565659008,109.82673454367,2210656,5.73384500303425,2211512,2.49000000000069,97.783833759202,-121.067128965921,2210998,844,paced,NA,NA,NaN,24.096385542162,0.377100084067628,0.508550773392364,2,0,2210267,2210820,2210819,2211300,2210656,2210998,1.07482087603118,-1.17945226500138,0.778,0.356,741.734944866017,682.935766011582,1.104,0.96,NaN,2211301,NaN,0.422,77753.8414849935,68276.477709217,-0.0232573409004359,-0.0488389356105725,-0.00681550585537889,2.56737657721929e-05,6.50387780275167e-05,4.11540708209543e-05,-0.00789793942954937,0.00476391266383125,1,0.898723214285502,0.850000000000364,0.048723214285138,4420.534,48.723214285138,1,0,0,0,paced,0.87241687280779,68.7744607768712,0.0558485464962719,77753.8414849935,77753.8414849935
2211512,2211512,NaN,21,5.73384500303425,23.1488055872497,2211618,3.24549423364753,2212235,1.44599999999991,18.6591359689088,-51.0855333037024,2211889,845,paced,NA,NA,NaN,41.4937759336125,0.363932171960356,0.428350744804607,2,0,2211512,2211798,2211797,2212234,2211618,2211889,0.495529977170014,-0.518855709167413,0.212,0.182,205.484851929534,249.769876561578,0.57,0.872,NaN,NaN,NaN,NaN,21651.2766648316,21443.3728199392,-0.0388701251418959,-0.0316805606570476,-0.0104685555910729,8.12100454097937e-05,8.18096342635267e-05,5.41841999168693e-05,-0.00442142662298774,0.00557059188170372,1,0.905999999999949,0.886719646799126,0.0192803532008236,4423.024,19.2803532008236,1,0,0,0,paced,0.89903822329891,66.737985599586,0.0214455322378582,21651.2766648316,21651.2766648316
2212235,2212235,NaN,21,3.24549423364753,142.402617562186,2212542,-23.9563044903835,2214850,5.22999999999956,152.758022690554,-152.469695335253,2212952,846,paced,NA,NA,NaN,11.472275334609,0.419847923134937,0.431219330212022,5,0,2212235,2212802,2212801,2213492,2212542,2212952,2.12845652178863,-1.94225593595172,0.614,0.3,1693.95323642326,1481.79266247507,1.132,1.38,NaN,2213493,NaN,2.714,135290.278016842,116509.455972719,-0.0538493008972256,-0.075775053290151,-0.00836947476325693,5.74382193987117e-05,0.000119469791408766,4.49690377014817e-05,-0.0120205519153277,0.0107403989914334,1,0.9399999999996,0.882000000000517,0.0579999999990832,4424.47,57.9999999990832,1,0,0,0,paced,0.913017633389341,65.7161458944288,0.0635256076969437,135290.278016842,135290.278016842
2214850,2214850,NaN,21,-23.9563044903835,159.777195533857,2215540,0.316843619977659,2216957,4.21399999999994,171.59692596906,-157.731848935915,2215878,847,paced,NA,NA,NaN,14.2382534409114,0.433950780867101,0.483126147795611,1,0,2214850,2215709,2215708,2216256,2215540,2215878,2.33512908585326,-2.12292788591382,1.38,0.338,1526.80803176066,1389.74306107092,1.716,1.094,NaN,2216257,NaN,1.4,109823.422538932,100112.227183609,-0.0306789853092882,-0.0978085197177771,-0.0108518699094855,4.2703283256568e-05,0.000125489132018701,6.60285407976396e-05,-0.0159432783787533,0.00832261670979562,1,0.930426439232684,0.890937499999969,0.0394889392327156,4429.7,39.4889392327156,1,0,0,0,paced,0.902443426563732,66.4861621613936,0.0437578002901291,109823.422538932,109823.422538932
2216957,2216957,NaN,21,0.316843619977659,115.396195272736,2217472,5.12486931021181,2218833,3.75200000000041,112.675338807641,-106.874161676854,2217830,848,paced,NA,NA,NaN,15.9914712153501,0.418191254196863,0.466270825134568,2,0,2216957,2217658,2217657,2218481,2217472,2217830,2.04523986927757,-1.60772604789681,1.03,0.344,1425.67692031562,1502.14506792481,1.4,1.646,NaN,2218482,NaN,0.702,101634.293794045,101690.309375603,-0.030412851880546,-0.0743594207762559,-0.00496635707083496,3.91586109765087e-05,9.07556568314511e-05,2.6737292330364e-05,-0.0125449403864813,0.00666137070030726,1,0.911011037527649,0.878000000000611,0.0330110375270383,4433.914,33.0110375270383,1,0,0,0,paced,0.890769849014642,67.3574662033871,0.0370589974094371,101634.293794045,101634.293794045
2218833,2218833,NaN,21,5.12486931021181,121.885338701029,2219032,-5.25283830213548,2219876,2.08600000000024,121.949323196991,-85.7819596189467,2219386,849,paced,NA,NA,NaN,28.7631831255959,0.309645101902697,0.259362934057323,1,0,2218833,2219226,2219225,2219634,2219032,2219386,1.60614196750254,-0.876647894726454,0.398,0.32,720.842140024007,522.579856591665,0.784,0.816,NaN,2219635,NaN,0.482,56114.3426455364,37557.49734769,-0.0685531731413053,-0.0537934869377137,-0.00962976192358886,0.000146697509186674,9.81676852095866e-05,6.16011000955084e-05,-0.00918286449081807,0.015066962151203,1,0.917999999999665,0.911011037527649,0.00698896247201586,4437.666,6.98896247201586,1,0,0,0,paced,0.915435084574155,65.5426048346301,0.00763458009178991,56114.3426455364,56114.3426455364
2219876,2219876,NaN,21,-5.25283830213548,207.718962295603,2220096,-0.0821450862464362,2221087,2.42199999999957,210.386453989794,-158.737254188318,2220412,850,paced,NA,NA,NaN,24.7729149463297,0.353172601307156,0.283088645133056,1,0,2219876,2220252,2220251,2220709,2220096,2220412,2.61409101104289,-2.24162252858982,0.44,0.32,1180.4093940691,1252.42913939152,0.75,0.914,NaN,2220710,NaN,0.754,87079.5469845909,85973.3360113425,-0.0911045321930278,-0.113251021850513,-0.0148613834406591,9.57529659784126e-05,0.00015489675873735,8.5933959764478e-05,-0.0187807261443366,0.0139735578842874,1,0.92200000000048,0.907723684210703,0.0142763157897776,4439.752,14.2763157897776,1,0,0,0,paced,0.91494948680949,65.577390735772,0.0156033923135586,87079.5469845909,87079.5469845909
2221087,2221087,NaN,21,-0.0821450862464362,116.084523792447,2221547,2.73801294264035,2223388,4.60199999999986,114.75658986425,-93.4967641374822,2221911,851,paced,NA,NA,NaN,13.0378096479795,0.379466427345775,0.303640188554457,1,0,2221087,2221731,2221730,2222641,2221547,2221911,1.9103158251641,-1.47799959518347,0.92,0.36,1316.50187376669,1383.14136909815,1.286,1.82,NaN,2222642,NaN,1.492,84534.5852871972,89394.4252934844,-0.0309418946673812,-0.0673989188047194,-0.00340289060860186,3.65406055688462e-05,7.65368357831398e-05,2.26939288541566e-05,-0.0113380772806758,0.00775220833549728,1,0.960000000000036,0.893999999999323,0.066000000000713,4442.174,66.000000000713,1,0,0,0,paced,0.919099726958209,65.2812727935106,0.0718094000736375,84534.5852871972,84534.5852871972
2223388,2223388,NaN,21,2.73801294264035,121.898301970115,2223861,6.0364737724149,2225773,4.77000000000044,117.511058612587,-109.258132598881,2224307,852,paced,NA,NA,NaN,12.5786163522001,0.365708079941622,0.353890328452736,1,0,2223388,2224110,2224109,2225182,2223861,2224307,2.42753878375025,-1.9281116417139,0.946,0.394,1980.60762272953,2166.01712895079,1.442,2.144,NaN,2225183,NaN,1.18,116564.069438673,127718.9936239,-0.0390316402075529,-0.0697251291601774,-0.00435572799456248,4.42086805494409e-05,7.80562749782165e-05,2.27575547955853e-05,-0.0120614628797132,0.00993368939033967,1,0.946187499999735,0.88799999999992,0.0581874999998152,4446.776,58.1874999998152,1,0,0,0,paced,0.906873224969707,66.1613975889565,0.0641627720365863,116564.069438673,116564.069438673
2225773,2225773,NaN,21,6.0364737724149,112.109820017106,2226278,-1.31987771996494,2228867,6.1880000000001,109.751521990881,-92.4973932324158,2226644,853,paced,NA,NA,NaN,9.69618616677424,0.259749378206096,0.368818648311931,1,0,2225773,2226451,2226450,2227227,2226278,2226644,1.91825430866266,-1.68587622353102,1.01,0.386,1388.8049738673,1487.33026959278,1.354,1.552,NaN,2227228,NaN,3.278,79738.3006566246,83937.2294201448,-0.0286743525246704,-0.0723364889177399,-0.00521025620992647,2.25842766628009e-05,8.92204470929247e-05,3.34844010024662e-05,-0.0121801647067219,0.00518898331930129,1,0.950000000000728,0.913326039387237,0.0366739606134902,4451.546,36.6739606134902,1,0,0,0,paced,0.93261235502708,64.3354118960367,0.0393239060321319,79738.3006566246,79738.3006566246
2228867,2228867,NaN,21,-1.31987771996494,92.812000621186,2229407,-1.97727567892991,2231906,6.07799999999952,94.4605773206334,-88.4692356912193,2229778,854,paced,NA,NA,NaN,9.8716683119455,0.153998933287746,0.207183829698493,1,0,2228867,2229580,2229579,2230437,2229407,2229778,1.82948111097489,-1.68050417596969,1.08,0.396,1381.57382941832,1528.05257448394,1.424,1.714,NaN,2230438,NaN,2.936,72725.444218073,84883.2150249468,-0.0245690944605544,-0.068517000787598,-0.00410302357662734,2.17170540261243e-05,7.93658904688466e-05,2.64325841800741e-05,-0.0115282479840075,0.0056767742876026,1,0.918000000000575,0.902000000000044,0.0160000000005311,4457.734,16.0000000005311,1,0,1,0,paced,0.911185770119128,65.8482627446603,0.0175595367324923,72725.444218073,72725.444218073
2231906,2231906,NaN,21,-1.97727567892991,75.420989964753,2232405,1.64659024923817,2234220,4.6279999999997,75.5863326795989,-90.3382577825046,2232762,855,paced,NA,NA,NaN,12.9645635263621,0.147509751785096,0.208256595076994,2,0,2231906,2232568,2232567,2233255,2232405,2232762,1.53798175603767,-1.70540943156511,0.998,0.388,1128.26339945475,1303.73533518318,1.322,1.374,NaN,2233256,NaN,1.928,63406.2003980877,69392.4537143536,-0.0240250399380145,-0.0671932543699208,-0.00574906189156653,3.65327319579465e-05,8.55925036203263e-05,3.5387262885942e-05,-0.0111278172621411,0.00610757568534398,1,0.911881578947618,0.85514018691587,0.0567413920317483,4463.812,56.7413920317483,1,0,0,0,paced,0.883517632661131,67.910359433667,0.064222138794044,63406.2003980877,63406.2003980877
2234220,2234220,NaN,21,1.64659024923817,104.22908801352,2234703,6.08909209253384,2236638,4.83600000000024,100.361246842634,-124.090605993659,2235165,856,paced,NA,NA,NaN,12.4069478908182,0.148159964374438,0.40619092635952,2,0,2234220,2234957,2234956,2235843,2234703,2235165,2.22310330882924,-2.41116176535715,0.966,0.416,1988.37206153096,2369.89738249192,1.472,1.772,NaN,2235844,NaN,1.588,105936.261311094,129668.439817551,-0.0343087973898973,-0.0726023123582866,-0.00657724738551325,3.83004557946142e-05,8.37426953929632e-05,3.48868173051751e-05,-0.012745702914907,0.00941174740998529,1,0.898040816326983,0.839999999999236,0.0580408163277465,4468.44,58.0408163277465,1,0,0,0,paced,0.855753730969838,70.1136294573921,0.0678242048234695,105936.261311094,105936.261311094
2236638,2236638,NaN,21,6.08909209253384,152.58000887606,2237143,2.76982408620895,2238727,4.17799999999988,148.150550786689,-104.916024128101,2237487,857,paced,NA,NA,NaN,14.3609382479659,0.118330712940386,0.397790269407433,1,0,2236638,2237312,2237311,2238191,2237143,2237487,2.62485870833263,-2.12519901468299,1.01,0.35,1853.15952093249,1961.71882166764,1.346,1.758,NaN,2238192,NaN,1.07,103058.228817235,102369.287126914,-0.0384090101072312,-0.100487683834474,-0.00568967242532549,3.08110868415032e-05,0.000123015921610453,3.26153708452452e-05,-0.0168363114622719,0.00674888766015713,1,0.908000000000357,0.885999999999513,0.022000000000844,4473.276,22.000000000844,1,0,1,0,paced,0.898579104889816,66.7720845872075,0.0244830976829153,103058.228817235,103058.228817235
2238727,2238727,NaN,21,2.76982408620895,108.8503696894,2239145,3.36612847916669,2241241,5.02800000000025,105.782393406712,-95.938177946015,2239567,858,paced,NA,NA,NaN,11.9331742243431,0.0877160020819755,0.362118844512119,2,0,2238727,2239388,2239387,2240017,2239145,2239567,1.90965276984945,-1.61093606593571,0.836,0.358,1496.33598090048,1290.41666581015,1.32,1.258,NaN,2240018,NaN,2.446,88850.8658664933,78867.1339910223,-0.0353487029866558,-0.0601204395481672,-0.00701840193219201,4.00447233395293e-05,6.30975129191112e-05,3.7837960755317e-05,-0.0102052326525767,0.00840202962108916,1,0.897118942731388,0.842000000000553,0.0551189427308347,4477.454,55.1189427308347,1,0,0,0,paced,0.865381101033496,69.333614899082,0.0636932591490709,88850.8658664933,88850.8658664933
2241241,2241241,NaN,21,3.36612847916669,194.542440223207,2241531,-62.2401549225735,2243609,4.73599999999988,223.97945344491,-83.5834171081005,2241841,859,paced,NA,NA,NaN,12.6689189189192,0.289751044461157,0.2831522862816,2,0,2241241,2241702,2241701,2243172,2241531,2241841,2.29712257311915,-1.18009796835504,0.58,0.278,1086.08479861392,873.267483337125,0.92,2.94,NaN,2243173,NaN,0.872,73880.9361204561,64322.7298858488,-0.0633646312550389,-0.0834900236446973,-0.00372037773639413,9.43194796839263e-05,0.000131647135648025,2.51209617497336e-05,-0.0139877240148508,0.0139045549461827,1,0.844000000000051,0.813764705882208,0.0302352941178428,4482.482,30.2352941178428,1,0,0,0,paced,0.826642822406264,72.5827387278907,0.0365760075552719,73880.9361204561,73880.9361204561
2243609,2243609,NaN,21,-62.2401549225735,103.74417443282,2243939,-65.2355250237511,2246068,4.91800000000057,167.482014405982,-243.914134208909,2245891,860,paced,NA,NA,NaN,12.2000813338741,0.313122441437432,0.472428119750577,2,0,2243609,2245600,2244148,2246067,2243939,2245891,1.01908640925479,-2.60739966949744,0.66,0.582,608.034948828495,1507.94851206061,1.078,0.934,2244149,NaN,2.902,NaN,55864.716596571,134938.547476806,-0.0351121556266198,-0.0143747059896228,-0.020386775225565,3.39052848280935e-05,2.32169383672184e-05,8.01143424231876e-05,-0.000744983520790135,0.0156123592547223,1,0.813764705882208,0.739999999999782,0.0737647058824265,4487.218,73.7647058824265,1,0,0,0,paced,0.76890407962705,78.0331404004287,0.0959348608453286,55864.716596571,55864.716596571
2246068,2246068,NaN,21,-65.2355250237511,84.5608624570963,2246295,-37.1521313729228,2248858,5.57999999999993,135.754690655433,-215.975949354391,2247989,861,paced,NA,NA,NaN,10.7526881720432,0.334693398856303,0.488587691443132,3,0,2246068,2247540,2247539,2248327,2246295,2247989,0.972145846141419,-2.19312805198947,0.454,0.898,1211.80421869664,1371.05247553559,2.942,1.574,NaN,2248328,NaN,1.06,108552.428021002,134122.81358167,-0.0557881892012053,-0.0150663606071043,-0.0147637736458936,6.85857054876305e-05,3.22769418172528e-05,8.46450969893127e-05,-0.00118800401810615,0.0156091710275948,1,0.885999999999513,0.704674220962729,0.181325779036784,4492.136,181.325779036784,1,0,0,0,paced,0.805062600225873,74.5283658477814,0.225231899961457,108552.428021002,108552.428021002
2248858,2248858,NaN,21,-37.1521313729228,166.286665773054,2249011,24.8633926318702,2249694,1.67199999999957,172.43103514358,-131.58184935817,2249244,862,paced,NA,NA,NaN,35.885167464124,0.377567228228575,0.442918835051527,2,0,2248858,2249154,2249153,2249424,2249011,2249244,1.19286710385259,-0.60939688204852,0.306,0.18,431.999736512678,192.920911349515,0.59,0.54,NaN,2249425,NaN,0.538,52287.4914294914,34818.7293342352,-0.0638097614098612,-0.0601311480600623,-0.014117768991915,0.000115800930346623,0.000117929559031546,8.43089203578851e-05,-0.0095748020529234,0.0116258927162273,1,0.704674220962729,0.681999999999789,0.0226742209629396,4497.716,22.6742209629396,1,0,0,0,paced,0.693512071785231,86.5161580324747,0.0326947747348822,52287.4914294914,52287.4914294914
2249694,2249694,NaN,21,24.8633926318702,400.012372269368,2250029,23.4337358782423,2252786,6.1840000000002,375.863808014312,-183.056976769237,2250815,863,paced,NA,NA,NaN,9.70245795601522,0.438465913149673,0.516068880399398,1,0,2249694,2250518,2250517,2252785,2250029,2250815,4.00054693831513,-1.99766641409959,0.67,0.594,3408.44040300678,4913.0866322115,1.646,4.534,NaN,NaN,NaN,NaN,300968.746724372,438242.69519573,-0.0923734444149412,-0.053379540073995,-0.00317222021107869,8.26069073298614e-05,5.54468037902775e-05,1.87689011672447e-05,-0.00776585002601642,0.0166569729978852,0,1.09400000000005,0.689302052785882,0.404697947214169,4499.388,404.697947214169,0,0,0,0,paced,0.897747061665916,66.8339697917365,0.450792839648159,300968.746724372,300968.746724372
2252786,2252786,NaN,22,23.4337358782423,151.121200388707,2253280,13.506353917904,2256173,6.77399999999943,132.651155490634,-116.857742536382,2254688,864,paced,NA,NA,NaN,8.85739592559862,0.0512139553618501,0.115212661747818,2,0,2252786,2253803,2253802,2255482,2253280,2254688,1.6672287722055,-1.28049457037587,0.988,1.77,2007.73559021504,2507.01992880419,2.032,3.358,NaN,2255483,NaN,1.38,176854.033465025,218024.820471758,-0.0275120369649701,-0.0152206331786722,-0.00320218264638496,2.07084163293073e-05,1.7058018914446e-05,1.26589623406109e-05,-0.00210394261263029,0.00504968543068651,1,1.13000000000011,1.03799999999956,0.092000000000553,4505.572,92.000000000553,1,0,0,0,paced,1.09276828874864,54.9064249189623,0.0841898515429149,176854.033465025,176854.033465025
2256173,2256173,NaN,22,13.506353917904,141.139669946603,2256689,7.57831493655154,2259550,6.75400000000081,130.597335519376,-78.2092272532996,2258043,865,paced,NA,NA,NaN,8.8836245188026,0.0540531375281681,0.142096148425054,3,0,2256173,2257107,2257106,2258707,2256689,2258043,1.35829982615164,-1.04667594966725,1.032,1.872,1341.95049356557,1791.45258853612,1.866,3.2,NaN,2258708,NaN,1.684,114047.164427371,131207.507215088,-0.0216864875904246,-0.0129256992363416,-0.00224562245475872,2.45492059822142e-05,1.60849357260821e-05,1.15262113041872e-05,-0.00153772142694328,0.00453319067388036,0,1.10484476534311,0.971999999999753,0.132844765343356,4512.346,132.844765343356,0,0,0,0,paced,1.01609126602755,59.0498137382606,0.130740977493802,114047.164427371,114047.164427371
2259550,2259550,NaN,22,7.57831493655154,118.016140535057,2259925,7.76366265878026,2262607,6.11399999999958,110.345151737391,-91.4704838927976,2261112,866,paced,NA,NA,NaN,9.81354268891137,0.0497630102661353,0.234285753856357,2,0,2259550,2260370,2260369,2261600,2259925,2261112,1.93825834226144,-1.65429276979805,0.75,1.484,1800.52186199167,2275.61193620655,1.638,2.46,NaN,2261601,NaN,2.012,105047.981008567,128134.658736842,-0.0399943199894008,-0.0219733576094454,-0.00319664862774333,4.29498811180411e-05,2.4252401454258e-05,2.28530206292259e-05,-0.00316308937083981,0.00830990508313545,1,0.998466926070122,0.88799999999992,0.110466926070202,4519.1,110.466926070202,1,0,0,1,final10,0.920233468947905,65.2008452470192,0.120042282526953,105047.981008567,105047.981008567
2262607,2262607,NaN,22,7.76366265878026,114.931761866853,2263053,10.8179882085547,2265753,6.29200000000037,105.640936433186,-81.9771961802975,2264253,867,paced,NA,NA,NaN,9.53591862682716,0.0457103482520063,0.231526082351979,2,0,2262607,2263468,2263467,2264806,2263053,2264253,2.0582913243963,-1.44875501099848,0.892,1.57,1860.14958107752,2292.06979018197,1.72,2.676,NaN,2264807,NaN,1.892,98002.3726134474,125779.433983646,-0.0353456645958955,-0.0209285231690869,-0.00269835931548014,3.54420480427837e-05,2.15279091131918e-05,1.69454993413547e-05,-0.0029550761806553,0.00807509246358507,1,0.938000000000102,0.885999999999513,0.0520000000005894,4525.214,52.0000000005894,1,0,0,1,final10,0.913424114606896,65.6869016708868,0.0569286481154137,98002.3726134474,98002.3726134474
2265753,2265753,NaN,22,10.8179882085547,107.92914464677,2266214,15.0999913005535,2268780,6.05400000000009,94.9701548922154,-70.6710098642826,2267574,868,paced,NA,NA,NaN,9.91080277502463,0.0404379734501616,0.24585496377955,2,0,2265753,2266647,2266646,2268323,2266214,2267574,1.83184304925093,-1.22690963862071,0.922,1.854,1790.76229001216,2434.16045300574,1.786,3.352,NaN,2268324,NaN,0.912,101901.504100093,139833.349409467,-0.0305829981377713,-0.0161775964286512,-0.0028654529838688,2.76487512164955e-05,1.89884065965017e-05,1.23959050241594e-05,-0.00225013190841593,0.00641415963115599,1,0.98228571428562,0.846000000000458,0.136285714285162,4531.506,136.285714285162,1,0,0,1,final10,0.902469461193003,66.4842441545713,0.151014211721914,101901.504100093,101901.504100093
2268780,2268780,NaN,22,15.0999913005535,189.853067632737,2269134,10.235680597009,2271894,6.22799999999916,177.185231683956,-85.4810402360099,2270533,869,paced,NA,NA,NaN,9.63391136801672,0.0351550088041815,0.311625970294179,2,0,2268780,2269535,2269534,2271111,2269134,2270533,3.03148591565397,-1.49136711632048,0.708,1.996,2389.09315599064,2738.80726258606,1.508,3.152,NaN,2271112,NaN,1.564,135520.594867213,155958.169275423,-0.0677358428523743,-0.0228437272761914,-0.00271926684361454,7.19884285944974e-05,2.35107038005101e-05,1.62162518272907e-05,-0.00273806965303781,0.0130383975961677,1,0.985999999999876,0.895999999999731,0.0900000000001455,4537.56,90.0000000001455,1,0,0,1,final10,0.935793328280764,64.1167212745915,0.0961750819120427,135520.594867213,135520.594867213
2271894,2271894,NaN,22,10.235680597009,171.270103371757,2272248,7.79361590814571,2275042,6.29600000000028,162.255455119179,-82.0338680266501,2273518,870,paced,NA,NA,NaN,9.52986022871623,0.0360515718926104,0.300787747579317,2,0,2271894,2272655,2272654,2274064,2272248,2273518,2.75350807118496,-1.37005393262506,0.708,1.726,2142.22062057162,2404.96193505849,1.52,2.818,NaN,2274065,NaN,1.954,117428.024010994,133798.744145469,-0.0607854354850982,-0.022987181918662,-0.00214122121192729,6.55252248892402e-05,2.37705204888672e-05,1.595396268181e-05,-0.00295645166391964,0.0119513340063551,1,0.948174999999592,0.876000000000204,0.0721749999993881,4543.788,72.1749999993881,1,0,0,1,final10,0.904858342428636,66.3087216933429,0.0797638664696075,117428.024010994,117428.024010994
2275042,2275042,NaN,22,7.79361590814571,174.890682762168,2275414,7.38754514651227,2278347,6.61000000000058,167.300102234839,-92.6766895744613,2276827,871,paced,NA,NA,NaN,9.07715582450752,0.0489265037848282,0.322928842143925,2,0,2275042,2275875,2275874,2277385,2275414,2276827,2.67972035142412,-1.60532831924628,0.744,1.904,2106.57450280992,2634.30234735936,1.664,3.02,NaN,2277386,NaN,1.922,116112.776287857,141789.065590163,-0.0562516589257512,-0.0216039812870648,-0.00313938157404506,6.45525542278618e-05,2.48312916012977e-05,1.81379862085895e-05,-0.00254680564452619,0.0122512125311662,1,0.952000000000226,0.865999999999985,0.0860000000002401,4550.084,86.0000000002401,1,0,0,1,final10,0.913651081110903,65.6705839247149,0.0941278369590208,116112.776287857,116112.776287857
2278347,2278347,NaN,22,7.38754514651227,85.6438763125294,2278717,7.90383233732622,2281656,6.61799999999948,77.9981875706102,-70.2142977230218,2279510,872,paced,NA,NA,NaN,9.06618313690007,0.0661210756662176,0.315242494527349,3,0,2278347,2279260,2279259,2281137,2278717,2279510,1.682771023996,-1.22148955305356,0.74,0.5,1665.77659437414,2209.35475255843,1.824,3.754,NaN,2281138,NaN,1.036,85045.6585996754,111870.540613922,-0.0360422946461882,-0.0256898262113936,-0.00310934346037276,3.53318688470951e-05,2.43483666275837e-05,1.70741236657986e-05,-0.00389811212492831,0.00650614338083222,1,0.938764705881895,0.858000000000175,0.0807647058817202,4556.694,80.7647058817202,1,0,0,1,final10,0.903526903991969,66.4064343130322,0.0893882689324303,85045.6585996754,85045.6585996754
2281656,2281656,NaN,22,7.90383233732622,169.67450111727,2282071,11.7016626626935,2284974,6.63600000000042,159.87175361726,-75.6595387681175,2283596,873,paced,NA,NA,NaN,9.04159132007176,0.133209990505512,0.396734101523219,2,0,2281656,2282469,2282468,2284198,2282071,2283596,2.93730993306853,-1.64587749906739,0.83,2.254,2259.51637871119,2942.65849009062,1.624,3.458,NaN,2284199,NaN,1.55,109729.884863597,138034.525800404,-0.0544081015768478,-0.021412461858278,-0.00253506709375571,6.01585243236003e-05,2.45599204894136e-05,1.58717442589058e-05,-0.00220901780732613,0.0128141245465911,1,0.953999999999724,0.845999999999549,0.108000000000175,4563.312,108.000000000175,1,0,0,1,final10,0.903727677418857,66.3916813650838,0.119505026457344,109729.884863597,109729.884863597
2284974,2284974,NaN,22,11.7016626626935,97.8567780658326,2285325,4.14489608049351,2287898,5.84799999999996,89.9334986942391,-65.9329631195382,2286322,874,paced,NA,NA,NaN,10.2599179206567,0.133496258930424,0.397232322671585,2,0,2284974,2285776,2285775,2286775,2285325,2286322,2.03275485816229,-1.4948416751661,0.702,1.092,1866.48700667265,1965.79614574982,1.602,1.998,NaN,2286776,NaN,2.244,82976.4767223954,89024.9300657604,-0.047027872036662,-0.0260624971010438,-0.00393793071119272,4.83467905439821e-05,3.32911196908767e-05,2.66615834612939e-05,-0.00416191746022649,0.00862351567740927,1,0.94976519916106,0.849233256350666,0.100531942810394,4569.948,100.531942810394,1,0,0,1,final10,0.904903830155051,66.3053884850054,0.111096825386592,82976.4767223954,82976.4767223954
2287898,2287898,NaN,22,4.14489608049351,103.620762736101,2288359,2.06422225962756,2291509,7.22199999999975,100.516203566041,-70.4307080133312,2288989,875,paced,NA,NA,NaN,8.30794793685988,0.134758910683798,0.43849938085792,3,0,2287898,2288768,2288767,2290371,2288359,2288989,2.09183506779504,-1.49546675726271,0.922,0.442,2056.24507486124,2857.2010482643,1.738,3.206,NaN,2290372,NaN,2.274,96939.2296233017,138596.665357714,-0.0337902771708806,-0.0398997180776839,-0.00395248643736324,3.23362508683992e-05,3.66828659345955e-05,1.81484474344372e-05,-0.00639234553027861,0.00732686020824946,0,0.984000000000378,0.814000000000306,0.170000000000073,4575.796,170.000000000073,0,0,0,1,final10,0.890399304062139,67.3854974125325,0.190925576002257,96939.2296233017,96939.2296233017
2291509,2291509,NaN,22,2.06422225962756,57.5861029046513,2292056,2.51910751168869,2293819,4.61999999999989,55.2944380189932,-79.7009653524142,2292494,876,paced,NA,NA,NaN,12.9870129870133,0.134126051146727,0.397043570314356,2,0,2291509,2292250,2292249,2293062,2292056,2292494,1.13763268175765,-1.38942690774194,1.094,0.488,949.485953044525,1257.90233793754,1.48,1.624,NaN,2293063,NaN,1.512,50164.3080962607,68001.4797577268,-0.0158436293319477,-0.0414964049038481,-0.00447822722917742,1.71486508569786e-05,4.53004294119301e-05,2.22917105926566e-05,-0.00717204399492166,0.00409503137387618,1,0.982585365853995,0.92650214592308,0.0560832199309157,4583.018,56.0832199309157,1,0,0,1,final10,0.945824115727292,63.4367415699302,0.0592956121527843,50164.3080962607,50164.3080962607
2293819,2293819,NaN,22,2.51910751168869,93.0189102702693,2294283,5.08119421088302,2297086,6.53399999999965,89.2187594089835,-134.764287374596,2295445,877,paced,NA,NA,NaN,9.18273645546422,0.138246113613683,0.416108014628569,3,0,2293819,2294787,2294786,2296033,2294283,2295445,1.80571837097232,-2.30032395987404,0.928,1.316,2079.81029555386,2889.21635673975,1.934,2.492,NaN,2296034,NaN,2.104,106032.36124661,146459.746783985,-0.0291510208250132,-0.0265539361615913,-0.00574029603009703,3.07677488706731e-05,3.90246734667935e-05,3.31124078280262e-05,-0.0038146896899456,0.00654490400670316,1,0.92650214592308,0.850000000000364,0.0765021459227158,4587.638,76.5021459227158,1,0,0,1,final10,0.882867476358186,67.9603695987296,0.0866519018667285,106032.36124661,106032.36124661
2297086,2297086,NaN,22,5.08119421088302,193.49485482451,2297423,3.82583635229943,2300464,6.75600000000031,189.041339542918,-87.5089427230337,2298119,878,paced,NA,NA,NaN,8.88099467140279,0.139791346718224,0.383994575547624,1,0,2297086,2297873,2297872,2299850,2297423,2298119,3.37897515823193,-1.66284516463142,0.674,0.492,2698.19648992265,3156.62843876567,1.572,3.954,NaN,2299851,NaN,1.226,139626.961661935,168567.354547479,-0.0761326873051602,-0.0499038109953452,-0.00295179692192834,9.23127258233745e-05,4.07979273618163e-05,1.51793373452507e-05,-0.00784005229364413,0.0158480054486676,1,0.90424669603478,0.847999999999956,0.056246696034824,4594.172,56.246696034824,1,0,1,1,final10,0.880745341862602,68.124118457569,0.0638626097253871,139626.961661935,139626.961661935
2300464,2300464,NaN,22,3.82583635229943,130.997331923979,2300778,1.67596588122235,2303611,6.29399999999987,128.246430807219,-65.0601253900525,2301470,879,paced,NA,NA,NaN,9.53288846520516,0.134885140490339,0.361967984050875,1,0,2300464,2301168,2301167,2302775,2300778,2301470,2.01775371299847,-1.06664282510543,0.628,0.604,1445.41748076875,1581.91869296864,1.406,3.214,NaN,2302776,NaN,1.67,83164.1615401576,92819.4409899411,-0.0492373132613901,-0.0308143753047469,-0.0019512725638129,5.82644434700865e-05,2.86899816701445e-05,1.11929235917753e-05,-0.00506141707220853,0.00932644336216759,1,0.886245535713825,0.841999999999643,0.0442455357141815,4600.928,44.2455357141815,1,0,1,1,final10,0.852296271481197,70.3980552393202,0.0519133277883378,83164.1615401576,83164.1615401576
2303611,2303611,NaN,22,1.67596588122235,182.248648699762,2303963,6.54597911995524,2307094,6.96600000000035,178.137676199174,-94.0220747311567,2304785,880,paced,NA,NA,NaN,8.61326442721748,0.0461545660363809,0.33040875561207,2,0,2303611,2304456,2304197,2306534,2303963,2304785,2.77744282843985,-1.49086530032413,0.704,0.658,1818.97141022248,3338.44649705797,1.172,4.156,2304198,2306535,0.516,1.118,104269.815062555,192396.189640231,-0.0594694400950871,-0.0378276077407562,-0.00550544925944405,7.47218656455868e-05,5.2613847348345e-05,1.80927513953856e-05,-0.00462819250924528,0.0133747480057178,0,0.935537796976396,0.739999999999782,0.195537796976615,4607.222,195.537796976615,0,0,0,1,final10,0.833047178410932,72.0247322780112,0.23472595795788,104269.815062555,104269.815062555
2307094,2307094,NaN,22,6.54597911995524,136.490856770253,2307537,4.81737405367094,2310736,7.28399999999965,130.80918018344,-85.0868002213123,2308339,881,paced,NA,NA,NaN,8.23723228995097,0.0431979198531404,0.303318672821697,1,0,2307094,2308010,2308009,2310171,2307537,2308339,2.57487717506219,-1.49076759389766,0.886,0.658,2529.2944214523,3137.73015393089,1.83,4.322,NaN,2310172,NaN,1.128,134363.498977395,169013.171790765,-0.0451767192094084,-0.0345861268027191,-0.0025398341816858,4.68184977046212e-05,2.41686516401018e-05,1.14956131320173e-05,-0.00546115736450209,0.0104611658255571,1,0.944000000000415,0.831999999999425,0.11200000000099,4614.188,112.00000000099,1,0,1,1,final10,0.901421907485863,66.5615063287565,0.12424814514811,134363.498977395,134363.498977395
2310736,2310736,NaN,22,4.81737405367094,164.806103119502,2311122,4.07257010307129,2314142,6.8119999999999,160.361131041131,-85.5117149999098,2311816,882,paced,NA,NA,NaN,8.80798590722268,0.130234216273094,0.320668626692584,2,0,2310736,2311553,2311552,2313449,2311122,2311816,2.77036807047416,-1.54106731671302,0.772,0.526,2336.86483996837,2877.22826577077,1.632,3.792,NaN,2313450,NaN,1.384,126185.510908648,150160.448621971,-0.0553698606560946,-0.0427784072068917,-0.00279150543820748,6.17115211212963e-05,3.20692151912966e-05,1.64033085111742e-05,-0.0068279151336811,0.0121265690499155,1,0.950423076923528,0.774000000000342,0.176423076923186,4621.472,176.423076923186,1,0,0,1,final10,0.865060726618547,69.3592925372247,0.203942996710543,126185.510908648,126185.510908648
2314142,2314142,NaN,22,4.07257010307129,75.2468009261305,2314765,8.33761482594127,2317538,6.79200000000037,69.0417084616242,-69.0440123225903,2315388,883,paced,NA,NA,NaN,8.83392226148362,0.128307380485625,0.323674562166009,3,0,2314142,2315214,2315213,2316983,2314765,2315388,1.36851883389471,-1.38533776813544,1.246,0.348,1903.36749596434,2673.58971374487,2.142,3.538,NaN,2316984,NaN,1.108,96979.1358254618,128390.258559506,-0.0169403821966105,-0.0330884442163403,-0.00337953991836921,1.64394821302784e-05,4.60339940007243e-05,1.65636855680045e-05,-0.00461088786149883,0.00363209088864469,0,0.954000000000633,0.851999999999862,0.102000000000771,4628.284,102.000000000771,0,0,0,1,final10,0.905647187527409,66.2509648639351,0.112626640269541,96979.1358254618,96979.1358254618
2317538,2317538,NaN,22,8.33761482594127,113.742872274188,2317946,1.7464916578628,2320979,6.88199999999961,108.700819032286,-69.6662314051775,2318633,884,paced,NA,NA,NaN,8.71839581517051,0.128180750836344,0.277712591946713,2,0,2317538,2318395,2318394,2320051,2317946,2318633,2.39821276754489,-1.5708017596025,0.816,0.476,2184.06245798089,2668.87408536073,1.712,3.312,NaN,2320052,NaN,1.854,103518.077993802,118268.720730714,-0.0449186678476298,-0.0405021035110466,-0.00333161966320308,4.63855199721982e-05,3.67235783174594e-05,1.84015102414937e-05,-0.0063925864027738,0.00969495094556461,1,0.937813559321975,0.869999999999891,0.0678135593220841,4635.076,67.8135593220841,1,0,0,1,final10,0.897072223517691,66.8842468053708,0.0755943139741488,103518.077993802,103518.077993802
2320979,2320979,NaN,22,1.7464916578628,84.5085466832388,2321356,1.98603057559417,2323341,4.72400000000016,82.6422855665103,-62.4683525732784,2321878,885,paced,NA,NA,NaN,12.7011007620656,0.12646817566324,0.29051182670253,1,0,2320979,2321619,2321618,2322574,2321356,2321878,2.02095916725572,-1.51271053431384,0.754,0.518,1479.67888806233,1581.13998435699,1.278,1.91,NaN,2322575,NaN,1.532,64187.5265281819,72020.4331208785,-0.0407455753651971,-0.0487010317959878,-0.00356978671012971,4.67612487455346e-05,5.06194874722229e-05,2.34054475125275e-05,-0.00882448061897783,0.00897366589769411,1,0.916225108225269,0.854000000000269,0.0622251082249996,4641.958,62.2251082249996,1,0,1,1,final10,0.870314241720275,68.9406160715044,0.0714972882691251,64187.5265281819,64187.5265281819
2323341,2323341,NaN,22,1.98603057559417,119.875018290245,2323751,0.0640040939675064,2326714,6.74600000000009,118.850000955465,-77.8242460157931,2324584,886,paced,NA,NA,NaN,8.89415950192694,0.130187282391478,0.287204056270176,2,0,2323341,2324061,2324060,2325076,2323751,2324584,2.53635294129473,-1.5208490256614,0.82,1.046,1936.11678624508,2021.92884251362,1.438,2.03,NaN,2325077,NaN,3.274,85286.6933606098,98920.0655682679,-0.046628474255407,-0.0348658571864582,-0.00351789362268286,5.20125114183153e-05,3.93916192062586e-05,2.54815615547604e-05,-0.00557581874953875,0.0108932060065408,1,0.92200000000048,0.867999999999483,0.0540000000009968,4646.682,54.0000000009968,1,0,0,1,final10,0.89615992579215,66.9523354851688,0.0602571019377642,85286.6933606098,85286.6933606098
2326714,2326714,NaN,22,0.0640040939675064,99.3510147248675,2327126,0.324650050432178,2330189,6.94999999999982,99.1566876526676,-52.1459055390706,2327631,887,paced,NA,NA,NaN,8.63309352518008,0.140749677324769,0.23043522650956,1,0,2326714,2327393,2327392,2328703,2327126,2327631,1.89486621907286,-1.07145111733202,0.824,0.476,1254.49644229849,1443.07936252249,1.356,2.62,NaN,2328704,NaN,2.97,63033.9822017227,77748.2749518174,-0.0346682283943719,-0.0409198392660945,-0.00182111912542359,4.00078540328601e-05,3.86554312665628e-05,1.21688515068875e-05,-0.00708986884227752,0.00840111337682359,1,0.910557734205475,0.863517084282515,0.0470406499229604,4653.428,47.0406499229604,1,0,1,1,final10,0.896744167120587,66.9087151050649,0.0524571574008742,63033.9822017227,63033.9822017227
2330189,2330189,NaN,22,0.324650050432178,147.18031306722,2330605,4.42954135767728,2333187,5.99600000000009,144.803217363165,-86.3758084454566,2331559,888,paced,NA,NA,NaN,10.0066711140759,0.135454044430164,0.249269781107142,1,0,2330189,2331008,2331007,2332276,2330605,2331559,2.45182228077668,-1.82915155510998,0.832,1.102,2207.83172487417,2859.91722757852,1.636,2.536,NaN,2332277,NaN,1.82,118812.987806682,154328.63859471,-0.0443291704360896,-0.0319035662561833,-0.00455524819338884,4.68012711351021e-05,3.32728597767039e-05,2.0827890480478e-05,-0.00556860204452266,0.00936689203535779,1,0.969999999999345,0.80199999999968,0.167999999999665,4660.378,167.999999999665,1,0,1,1,final10,0.877081294767671,68.4087100681965,0.191544388190569,118812.987806682,118812.987806682
2333187,2333187,NaN,22,4.42954135767728,164.993407267481,2333512,8.44963139833568,2336098,5.82200000000012,158.553820889475,-90.74879395476,2334175,889,paced,NA,NA,NaN,10.3057368601853,0.0986379045235054,0.203551948713229,2,0,2333187,2333978,2333977,2335695,2333512,2334175,2.77209154344337,-1.68631752093098,0.65,0.394,2505.06198456824,3219.82311003109,1.58,3.434,NaN,2335696,NaN,0.804,134395.496372512,172602.473960465,-0.0651652773586908,-0.0479821446133505,-0.00373586857297858,7.71586376452308e-05,5.65950237370821e-05,2.18033429788223e-05,-0.007312873447249,0.012835388782124,0,0.964247422680151,0.869062068965415,0.0951853537147367,4666.374,95.1853537147367,0,0,0,1,final10,0.894460400830764,67.079548680157,0.106416509469094,134395.496372512,134395.496372512
2336098,2336098,NaN,22,8.44963139833568,157.132095442973,2336469,8.12440928642715,2338747,5.29799999999977,148.845075100592,-89.1529463425248,2337602,890,paced,NA,NA,NaN,11.3250283125713,0.0930626871660734,0.254578689014544,2,0,2336098,2336841,2336840,2338034,2336469,2337602,2.489714250626,-1.44121551465533,0.742,1.522,1852.91098513546,2080.53753027272,1.484,2.386,NaN,2338035,NaN,1.424,103846.286813135,119834.886148861,-0.0523561918182809,-0.0250059038153509,-0.00331977934202517,5.75822096343955e-05,3.0867286069166e-05,2.39432749398014e-05,-0.00317612821248246,0.0108155542369639,1,0.869062068965415,0.805999999999585,0.0630620689658294,4672.196,63.0620689658294,1,0,0,1,final10,0.827936713074706,72.4693071976216,0.0761677408067049,103846.286813135,103846.286813135
2338747,2338747,NaN,22,8.12440928642715,99.2896026666279,2339099,3.11431037222617,2342057,6.61999999999989,93.6702428373013,-61.2945475681553,2339737,891,paced,NA,NA,NaN,9.06344410876148,0.105518045538132,0.298522084530263,1,0,2338747,2339559,2339558,2340815,2339099,2339737,1.63998283735386,-1.09684990209011,0.704,0.356,1541.41198342615,1490.00623492919,1.622,2.512,NaN,2340816,NaN,2.482,86970.6800854883,84677.874761545,-0.0372472417145997,-0.0312970845464125,-0.00195976083044006,3.76262094181964e-05,4.00606405026331e-05,1.53759966680397e-05,-0.00452450802316325,0.00682852419383717,1,0.940000000000509,0.807999999999993,0.132000000000517,4677.494,132.000000000517,1,0,1,1,final10,0.85967548029096,69.7937784379901,0.153546312564179,86970.6800854883,86970.6800854883
2342057,2342057,NaN,22,3.11431037222617,154.910051298897,2342444,3.21365665844841,2344937,5.76000000000022,151.746067783559,-101.414925741648,2343005,892,paced,NA,NA,NaN,10.4166666666663,0.109025763435839,0.323854612807165,1,0,2342057,2342812,2342811,2344222,2342444,2343005,2.85593054941363,-2.09176139218072,0.774,0.386,2470.9119033612,2893.72593381868,1.508,2.82,NaN,2344223,NaN,1.428,120829.823835541,142714.233109742,-0.0564709354802388,-0.0627689383483431,-0.00445302552469677,6.59532669293524e-05,6.6203024372668e-05,2.24817363782887e-05,-0.00999043871370769,0.013016840069265,1,0.929429787234351,0.8100000000004,0.119429787233951,4684.114,119.429787233951,1,0,1,1,final10,0.870394130303891,68.9342883999591,0.137213456612182,120829.823835541,120829.823835541
2344937,2344937,NaN,22,3.21365665844841,86.7225394349799,2345654,2.81997161615574,2348157,6.44000000000051,83.7057252976778,-78.7187614478368,2346022,893,paced,NA,NA,NaN,9.31677018633467,0.117623446963103,0.312785327918526,2,0,2344937,2345820,2345819,2346969,2345654,2346022,1.67610126057085,-1.69927294718405,1.434,0.404,1891.9395814634,2248.61540168168,1.764,2.298,NaN,2346970,NaN,2.374,93211.4957635578,109168.523594906,-0.0185772757449094,-0.0669393280689898,-0.00411170616153405,2.57119367463671e-05,7.69086464828516e-05,2.40029883704103e-05,-0.0112577882410267,0.00523696687245334,1,0.998738336714146,0.917999999999665,0.0807383367144805,4689.874,80.7383367144805,1,0,0,1,final10,0.950341255372006,63.1352155458234,0.0849572048546666,93211.4957635578,93211.4957635578
2348157,2348157,NaN,22,2.81997161615574,76.9491392777583,2348645,2.18234740021744,2350583,4.85199999999986,74.4479797695717,-82.2302421112693,2349053,894,paced,NA,NA,NaN,12.3660346248973,0.109317825364633,0.265069456372922,1,0,2348157,2348857,2348856,2349422,2348645,2349053,1.55560997098175,-1.47411494193011,0.976,0.392,1072.0431307382,1006.32414384872,1.398,1.13,NaN,2349423,NaN,2.32,54753.908303595,50457.6793601356,-0.0240503055533355,-0.0539649840320105,-0.00720871828028594,2.37003057940556e-05,5.93841307245209e-05,3.59923188276652e-05,-0.0092967690940112,0.00530518395443891,1,1.00600000000031,0.916538461538141,0.0894615384621718,4696.314,89.4615384621717,1,0,1,1,final10,0.983322265299876,61.0176359443079,0.0909788597483749,54753.908303595,54753.908303595
2350583,2350583,NaN,22,2.18234740021744,93.0041709566805,2350985,7.90501568966275,2353738,6.30999999999949,87.9604894117404,-85.2906442918113,2351753,895,paced,NA,NA,NaN,9.50871632329712,0.115109152352955,0.354039814306806,3,0,2350583,2351543,2351542,2353032,2350985,2351753,2.1517484980249,-1.9527075504969,0.804,0.42,2517.86051059344,3396.66235546779,1.918,2.978,NaN,2353033,NaN,1.41,106088.818083869,146140.634395308,-0.040684958500528,-0.0386400787769197,-0.00523813063076095,5.0914138518238e-05,4.10737300579822e-05,2.02947626127631e-05,-0.00553129611316245,0.0104653294634904,1,0.962000000000444,0.840000000000146,0.122000000000298,4701.166,122.000000000298,1,0,0,1,final10,0.900071201429315,66.661392903939,0.135544832238341,106088.818083869,106088.818083869
2353738,2353738,NaN,22,7.90501568966275,89.8038370855113,2354077,1.82888076272469,2357069,6.66200000000026,84.9368888593176,-70.3715604240108,2354861,896,paced,NA,NA,NaN,9.00630441308881,0.134139755885307,0.328809040196058,3,0,2353738,2354656,2354655,2356456,2354077,2354861,1.82493335155493,-1.52372926955284,0.678,0.41,2241.52338897474,2568.44526467668,1.834,3.6,NaN,2356457,NaN,1.224,96528.5539861954,116284.220577764,-0.0429415539777904,-0.0320027247821467,-0.00296816244984794,4.86326145950355e-05,4.74745598531353e-05,1.71160762784036e-05,-0.00430564613564723,0.00841726613554994,1,0.961999999999911,0.892000000000735,0.0699999999991758,4707.476,69.9999999991758,1,0,0,1,final10,0.926072896244505,64.7897160615729,0.0755880020709451,96528.5539861954,96528.5539861954
2357069,2357069,NaN,22,1.82888076272469,107.329479529985,2357413,-1.45128098203571,2360435,6.73199999999997,107.14067963964,-79.4765238276693,2357856,897,paced,NA,NA,NaN,8.91265597147954,0.130364004272435,0.456517423238407,1,0,2357069,2357663,2357662,2358438,2357413,2357856,1.96890215489732,-1.55973840365243,0.688,0.386,1282.44021960087,1273.64012087796,1.186,1.55,NaN,2358439,NaN,3.992,60956.2120794732,60586.0918499433,-0.0444060711225239,-0.0569444963481366,-0.00517783422027541,5.23515364849453e-05,5.78183781979329e-05,2.7972102669665e-05,-0.00971916165606391,0.00919884794508552,1,0.919680170575527,0.882588764045136,0.0370914065303909,4714.138,37.0914065303909,1,0,1,1,final10,0.90081278404182,66.6065147641317,0.0411754886114815,60956.2120794732,60956.2120794732
2360435,2360435,NaN,22,-1.45128098203571,175.494602359491,2360758,3.5708888049374,2363178,5.48599999999988,174.43479844804,-72.2073989199235,2361273,898,paced,NA,NA,NaN,10.9369303682102,0.107320311941097,0.398649507792281,2,0,2360435,2361069,2361068,2362694,2360758,2361273,2.4919509722742,-1.17602658433098,0.646,0.408,1642.03341961142,2014.61613591577,1.266,3.25,NaN,2362695,NaN,0.966,100967.150744827,131577.082488341,-0.0594160696584835,-0.0493015656007213,-0.00261010588630352,7.30847997623125e-05,4.07145140274676e-05,1.68945425743762e-05,-0.00832747933356815,0.0119767709204923,0,0.981999999999971,0.83600000000024,0.145999999999731,4720.87,145.999999999731,0,0,0,1,final10,0.89264177147066,67.2162136230168,0.163559453149039,100967.150744827,100967.150744827
2363178,2363178,NaN,22,3.5708888049374,120.503108243508,2363493,2.74410819178533,2365682,5.00799999999981,117.345609745147,-74.0970501969412,2364563,899,paced,NA,NA,NaN,11.980830670927,0.150472390681104,0.35274505851804,1,0,2363178,2363880,2363879,2364903,2363493,2364563,1.53221636127135,-1.03570838006431,0.63,1.366,1116.3016278415,1405.4235393064,1.402,2.046,NaN,2364904,NaN,1.556,74932.2788820592,95082.1247351741,-0.0374129267662366,-0.0173666317806699,-0.00273846023608834,5.18530149525089e-05,2.25993726928974e-05,1.87359844369546e-05,-0.00245278163981336,0.00830343083179197,1,0.975124236252671,0.787237410072054,0.187886826180618,4726.356,187.886826180618,1,0,1,1,final10,0.902129668629656,66.5092858448393,0.208270310482106,74932.2788820592,74932.2788820592
2365682,2365682,NaN,22,2.74410819178533,238.853635236414,2365971,12.3575461528809,2368627,5.89000000000033,231.302808064081,-144.767327063951,2366650,900,paced,NA,NA,NaN,10.1867572156191,0.343284358176096,0.314491208360658,1,0,2365682,2366425,2366424,2368128,2365971,2366650,3.26822230701708,-2.16791577057898,0.578,0.45,2996.01484346298,3713.76810913629,1.484,3.406,NaN,2368129,NaN,0.996,207858.072194402,262121.131239929,-0.0883606424865648,-0.0558410434579006,-0.00432782115895434,7.74854942001733e-05,4.32405202620154e-05,2.03392033314925e-05,-0.00890088887918695,0.0149367858186245,1,0.961306889353124,0.769999999999527,0.191306889353597,4731.364,191.306889353597,1,0,0,1,final10,0.868882416385848,69.0542228367015,0.220175809460324,207858.072194402,207858.072194402
2368627,2368627,NaN,22,12.3575461528809,196.550852501169,2368934,5.69334239682022,2371443,5.63200000000052,187.525408226319,-105.365324401637,2370191,901,paced,NA,NA,NaN,10.6534090909081,0.337958512973077,0.27434670350287,2,0,2368627,2369367,2369366,2370687,2368934,2370191,2.39921321814211,-1.22514175013513,0.614,1.648,1869.51433691742,1994.95465987125,1.478,2.64,NaN,2370688,NaN,1.51,139898.346177916,154475.208890825,-0.0606154700581775,-0.0205381147856532,-0.00287775338142462,7.23546043651998e-05,2.20414886125616e-05,1.7822691873674e-05,-0.00270261977549289,0.0112976591608651,1,0.962000000000444,0.858000000000175,0.104000000000269,4737.254,104.000000000269,1,0,0,1,final10,0.882970648649513,67.9524286472816,0.117784209655593,139898.346177916,139898.346177916
2371443,2371443,NaN,22,5.69334239682022,178.013457329409,2371785,-71.7821770468857,2375305,7.72399999999925,211.057874654442,-109.067825683155,2372881,902,paced,NA,NA,NaN,7.76799585706963,0.346172307101012,0.315204088637538,3,0,2371443,2372179,2372178,2373338,2371785,2372881,1.90400922562306,-1.11174493256053,0.684,1.404,1468.8928945211,1601.65176877535,1.47,2.318,NaN,2373339,NaN,3.932,120168.801481905,134389.532934587,-0.0434472171571453,-0.0199362632209812,-0.00255873348635658,4.91639434682244e-05,2.5652253253599e-05,1.93964649714992e-05,-0.00276873734818602,0.00859984075367137,0,0.967999999999847,0.822432071269525,0.145567928730322,4742.886,145.567928730322,0,0,0,1,final10,0.890293934267848,67.3934727516057,0.163505470639911,120168.801481905,120168.801481905
2375305,2375305,NaN,22,-71.7821770468857,227.854093576799,2375557,-6.9825426999154,2376171,1.73199999999997,267.2364534502,-180.431599219427,2375911,903,paced,NA,NA,NaN,34.6420323325641,0.345913513127089,0.293117096092871,1,0,2375305,2375737,2375736,2376170,2375557,2375911,2.37837655570216,-1.98728549961204,0.504,0.348,1143.1133729033,1105.78579890786,0.862,0.866,NaN,NaN,NaN,NaN,118910.931583945,108783.250135642,-0.0762879306880885,-0.0895021091303172,-0.0133324104045732,8.72845051987135e-05,0.000102076786019861,7.55886358881138e-05,-0.0147293790705102,0.0144760860383006,1,0.822432071269525,0.75415306122439,0.0682790100451345,4750.61,68.2790100451345,1,0,0,1,final10,0.786488878249106,76.2884277951558,0.086814972129216,118910.931583945,118910.931583945
2376171,2376171,NaN,22,-6.9825426999154,139.391346371522,2376422,7.90838582471098,2379081,5.82000000000062,138.928424809124,-154.131945857591,2377548,904,paced,NA,NA,NaN,10.3092783505144,0.381961871220058,0.310731965859595,4,0,2376171,2376942,2376941,2378296,2376422,2377548,2.03025765992902,-1.79262085078839,0.502,1.212,2012.15056810749,2660.52436049363,1.54,2.708,NaN,2378297,NaN,1.568,174929.711627935,221089.542117456,-0.059187142298952,-0.0243976329675392,-0.00423034782985404,6.04328960030773e-05,2.57947583524074e-05,1.83200766086758e-05,-0.00415693836359236,0.0123874430706298,1,1.14060083283741,0.753999999999905,0.386600832837503,4752.342,386.600832837503,1,0,0,1,final10,0.996368267417057,60.2186982083858,0.388009981329204,174929.711627935,174929.711627935
2379081,2379081,NaN,22,7.90838582471098,136.788220555496,2379459,16.0769381938577,2381474,4.78600000000006,124.795558546212,-143.45529561927,2380386,905,paced,NA,NA,NaN,12.536564981195,0.429953730973978,0.349962647150368,1,0,2379081,2379856,2379855,2380937,2379459,2380386,1.77697514692021,-1.62022286051771,0.756,1.06,1577.27888501119,1939.64707570757,1.548,2.162,NaN,2380938,NaN,1.072,127407.540531025,156465.280542189,-0.0366609425725107,-0.0258834184007452,-0.00317086580896907,4.1905037921032e-05,2.25011065944158e-05,1.94376892473096e-05,-0.00421975752031852,0.0080713115709603,1,1.14199999999983,0.934319502074787,0.207680497925039,4758.162,207.680497925039,1,0,0,1,final10,1.00484233255137,59.7108601581855,0.206679686153072,127407.540531025,127407.540531025
2381474,2381474,NaN,22,16.0769381938577,157.172052178854,2381900,25.5290680789264,2384865,6.78199999999924,136.369049042462,-175.084298403114,2382810,906,paced,NA,NA,NaN,8.84694780300895,0.458025938659626,0.402906511252894,2,0,2381474,2382616,2382615,2384551,2381900,2382810,2.02152280889068,-2.17194815505829,0.852,0.388,3222.02509663998,4065.64493170734,2.282,3.87,NaN,2384552,NaN,0.626,261537.493829153,323116.803313813,-0.0372159033649716,-0.0338234623096927,-0.00416732507973277,3.7263362185986e-05,4.04484850550302e-05,1.54674188324909e-05,-0.00409555421057447,0.00816890208922749,1,0.934319502074787,0.757999999999811,0.176319502074976,4762.948,176.319502074976,1,0,0,1,final10,0.839856410896802,71.4407834738462,0.209940056165912,261537.493829153,261537.493829153
2384865,2384865,NaN,23,25.5290680789264,99.9810518831642,2385314,7.01119885832234,2387882,6.03400000000056,83.7109184145398,-83.8214240477773,2386406,907,final,NA,NA,NaN,9.94365263506702,0.101857207722166,0.630173022207645,3,0,2384865,2385732,2385731,2387004,2385314,2386406,1.44260864113411,-1.16585531254989,0.898,1.348,1577.90543561586,1647.19868095873,1.732,2.544,NaN,2387005,NaN,1.754,103848.600831331,113644.952226595,-0.0280331940795366,-0.0173436848622946,-0.00298014751754707,2.05024973377303e-05,1.94086134175656e-05,1.53688879171532e-05,-0.00258816348503642,0.0041467496893165,1,0.910000000000764,0.787999999999556,0.122000000001208,4769.73,122.000000001208,1,0,0,1,final10,0.84967133990402,70.6155394234877,0.143584930162513,103848.600831331,103848.600831331
2387882,2387882,NaN,23,7.01119885832234,48.1321233017202,2388219,2.0630693937436,2390313,4.86200000000008,43.5949891756872,-40.7911593647014,2388773,908,final,NA,NA,NaN,12.3406005758945,0.0883073258279325,0.584735284718713,2,0,2387882,2388518,2388517,2389226,2388219,2388773,0.750408404768995,-0.608492954734736,0.674,0.51,623.51108536833,554.340632024094,1.27,1.416,NaN,2389227,NaN,2.172,42612.4484687247,38572.2438431438,-0.0177571749726379,-0.0176163368212901,-0.0023433433081849,1.79369022917216e-05,2.18273575950744e-05,1.32760324584813e-05,-0.00328009330429961,0.00309996189387546,1,0.902000000000044,0.88799999999992,0.0140000000001237,4775.764,14.0000000001237,1,0,0,1,final10,0.894627300035867,67.0670345043065,0.0156489747178098,42612.4484687247,42612.4484687247
2390313,2390313,NaN,23,2.0630693937436,111.707508325481,2390594,0.669466941069669,2393368,6.10999999999967,110.341240158074,-69.4106833695856,2391135,909,final,NA,NA,NaN,9.8199672667763,0.0993559583940118,0.515367368276899,1,0,2390313,2390911,2390910,2392252,2390594,2391135,1.82767476207323,-1.33132981481429,0.562,0.448,1312.8028850243,1737.2255371921,1.194,2.682,NaN,2392253,NaN,2.23,73415.8189358495,88401.3391750248,-0.05006738223714,-0.0410559018988059,-0.00265248803784173,4.16870934323683e-05,3.53734748971475e-05,1.5290882087338e-05,-0.00676026264171767,0.00772727414588159,1,0.894115299334789,0.838342042755187,0.0557732565796014,4780.626,55.7732565796014,1,0,1,1,final10,0.871607551559071,68.838320517848,0.0639889552125129,73415.8189358495,73415.8189358495
2393368,2393368,NaN,23,0.669466941069669,209.703749877145,2393623,1.30982719250058,2396321,5.90599999999995,208.71410281036,-105.348934071586,2394259,910,final,NA,NA,NaN,10.1591601760922,0.100401960250003,0.520861362756951,2,0,2393368,2394034,2394033,2395654,2393623,2394259,3.78163124030294,-2.06941922911054,0.51,0.45,2815.22377588924,3648.25457600756,1.33,3.24,NaN,2395655,NaN,1.332,139815.798444089,181802.208958576,-0.109004161327805,-0.0633822471367757,-0.00478071604825181,0.000105397932562469,5.1064157950567e-05,2.44261715430566e-05,-0.010041981169009,0.0180662806172833,0,0.945999999999913,0.809999999999491,0.136000000000422,4786.736,136.000000000422,0,0,0,1,final10,0.871151575175547,68.8743517313957,0.156115197258315,139815.798444089,139815.798444089
2396321,2396321,NaN,23,1.30982719250058,85.9520016613821,2396646,1.489700350583,2399242,5.84200000000055,84.5522378898403,-77.5746777818929,2397241,911,final,NA,NA,NaN,10.2704553235184,0.215886135146523,0.500773604460505,4,0,2396321,2397045,2397044,2398266,2396646,2397241,2.15274538682028,-1.52706548727284,0.65,0.392,1871.56702378579,2240.15047061691,1.446,2.442,NaN,2398267,NaN,1.95,93955.7083264208,115532.808148239,-0.0506787939255979,-0.0442941666094174,-0.00463697723880136,6.37077222937106e-05,4.61030348592953e-05,2.08183232000077e-05,-0.00698866739792244,0.0104874644257636,1,0.960000000000036,0.885999999999513,0.0740000000005239,4792.642,74.0000000005239,1,0,0,1,final10,0.915861734445014,65.5120721211901,0.0807982222833731,93955.7083264208,93955.7083264208
2399242,2399242,NaN,23,1.489700350583,122.672073895933,2399536,7.65985417113998,2401720,4.95599999999922,118.097296635072,-85.6613067577473,2400427,912,final,NA,NA,NaN,12.1065375302682,0.205103737529802,0.427997368364312,1,0,2399242,2399885,2399884,2400937,2399536,2400427,2.23384517449313,-1.68443809878093,0.588,1.084,1445.10556971529,1854.04689006066,1.284,2.104,NaN,2400938,NaN,1.564,71480.0981140973,93769.6144814609,-0.0568815642286089,-0.0309015154157721,-0.00408124246179008,7.57937027184347e-05,3.1467048385122e-05,2.29082268151735e-05,-0.00438289053521369,0.0112736579660643,1,0.95190000000023,0.897999999999229,0.0539000000010015,4798.484,53.9000000010015,1,0,0,1,final10,0.921023986649699,65.1448831623321,0.0585218200419157,71480.0981140973,71480.0981140973
2401720,2401720,NaN,23,7.65985417113998,72.1989065564028,2402059,3.41108623383009,2404236,5.03200000000015,66.6634363539178,-46.6591370574561,2402867,913,final,NA,NA,NaN,11.9236883942763,0.205166589331773,0.444340851788475,1,0,2401720,2402431,2402430,2403565,2402059,2402867,1.52047159235618,-1.11951725877979,0.678,0.872,1332.93430251218,1494.189511206,1.42,2.268,NaN,2403566,NaN,1.34,58391.8455037649,67638.6403944471,-0.0352352163248121,-0.0233516801694162,-0.0026855635438707,3.63040351388047e-05,2.52975220986744e-05,1.67570726036774e-05,-0.00427458799479631,0.00632324432245979,1,0.938000000000102,0.909999999999854,0.0280000000002474,4803.44,28.0000000002474,1,0,0,1,final10,0.924840059016754,64.8760825345186,0.0302755051830429,58391.8455037649,58391.8455037649
2404236,2404236,NaN,23,3.41108623383009,103.970857013439,2404621,-2.78690482491341,2408503,8.53400000000056,103.65876630898,-67.4450416674721,2405283,914,final,NA,NA,NaN,7.03070072650528,0.211604739139576,0.185417740887975,3,0,2404236,2405106,2405105,2406469,2404621,2405283,2.08521917389251,-1.60064178384979,0.77,0.354,1905.61173454602,2209.39348295775,1.738,2.726,NaN,2406470,NaN,4.066,85791.855943661,97285.0335087119,-0.0416707656299804,-0.0422858233164957,-0.0037536684047215,4.74970980595579e-05,6.61078752183207e-05,2.44391546746787e-05,-0.00534106119300812,0.00933660473619868,1,0.918251626898328,0.828594724220532,0.0896569026777965,4808.472,89.6569026777965,1,0,0,1,final10,0.866483380944401,69.2454134949531,0.10347215497668,85791.855943661,85791.855943661
2408503,2408503,NaN,23,-2.78690482491341,78.7910744863472,2408908,2.32018312385451,2411159,5.3119999999999,79.0244353368766,-80.3182581855458,2409481,915,final,NA,NA,NaN,11.2951807228918,0.210823284206714,0.183146733305097,4,0,2408503,2409288,2409287,2410540,2408908,2409481,2.27024783954343,-1.97607361395896,0.81,0.386,2190.03660290361,2699.09703728947,1.568,2.504,NaN,2410541,NaN,1.236,96043.9759406669,115923.383362386,-0.0421361072178524,-0.0541741980509,-0.00476889751980557,5.34229768701005e-05,6.85948846160913e-05,2.30666923664397e-05,-0.00852153671686879,0.010936299176358,1,0.940000000000509,0.769999999999527,0.170000000000982,4817.006,170.000000000982,1,0,0,1,final10,0.842141783017863,71.2469102114689,0.201866245600328,96043.9759406669,96043.9759406669
2411159,2411159,NaN,23,2.32018312385451,93.1185348328098,2411614,2.28058840318077,2414196,6.07399999999961,90.8181490692922,-75.075724058821,2412158,916,final,NA,NA,NaN,9.87816924596704,0.1965326267598,0.165296169619582,2,0,2411159,2411984,2411983,2413541,2411614,2412158,2.10484906876608,-1.76202590752138,0.91,0.348,2166.12646417301,2704.93360033878,1.648,3.114,NaN,2413542,NaN,1.308,98332.3191331915,118258.570667388,-0.0355336367896178,-0.0519105007737046,-0.00405280918594638,3.96435674203756e-05,6.53809975915684e-05,2.30218897538723e-05,-0.0082438387230245,0.0089744296507217,1,0.960000000000036,0.931999999999789,0.0280000000002474,4822.318,28.0000000002474,1,0,0,1,final10,0.945001001827836,63.4919961819586,0.0296295982185091,98332.3191331915,98332.3191331915
2414196,2414196,NaN,23,2.28058840318077,91.1531502907452,2414635,3.99350913783244,2416870,5.34799999999996,88.0161015202386,-57.2447782361676,2415116,917,final,NA,NA,NaN,11.2191473448019,0.191138739436631,0.151193638447399,1,0,2414196,2414923,2414922,2416118,2414635,2415116,1.95379261904199,-1.41669578123938,0.878,0.386,1666.48011717939,2003.81076010247,1.452,2.39,NaN,2416119,NaN,1.502,76943.8887561915,91921.8384055474,-0.0338076971950553,-0.0503725093620067,-0.0040054418846239,3.63141143951198e-05,5.40473259530436e-05,1.96390282569027e-05,-0.00857714157086822,0.00786784028429066,1,0.944899999999537,0.86200000000008,0.0828999999994565,4828.392,82.8999999994565,1,0,1,1,final10,0.884970915955954,67.7988382648569,0.0936753948686632,76943.8887561915,76943.8887561915
2416870,2416870,NaN,23,3.99350913783244,93.0407277057024,2417298,7.06908725440584,2419984,6.22800000000007,87.5094295095832,-67.8169612007695,2417907,918,final,NA,NA,NaN,9.63391136801531,0.0694912942709084,0.193963441695439,2,0,2416870,2417710,2417709,2419528,2417298,2417907,2.14123545915703,-1.53234894532807,0.856,0.394,2083.62230456806,2659.73933562091,1.678,3.636,NaN,2419529,NaN,0.91,94609.7165972349,121905.158867295,-0.0374185526767472,-0.0427805670911917,-0.00331476468389378,4.09986513692308e-05,4.4043665110651e-05,1.94790989035287e-05,-0.0068260504911404,0.00872126332917533,1,0.935999999999694,0.809999999999491,0.126000000000204,4833.74,126.000000000204,1,0,0,1,final10,0.868687828208943,69.0696911498205,0.145046351414857,94609.7165972349,94609.7165972349
2419984,2419984,NaN,23,7.06908725440584,116.649739410671,2420393,3.60961908266394,2422817,5.66600000000017,111.310386242136,-70.3160994919536,2420916,919,final,NA,NA,NaN,10.589481115425,0.103800442498295,0.208514422776537,2,0,2419984,2420732,2420731,2422292,2420393,2420916,2.37139591642849,-1.55456455572177,0.818,0.368,1980.97667105765,2390.57613763178,1.494,3.12,NaN,2422293,NaN,1.048,85632.7291489993,104196.043699426,-0.0450737077654853,-0.0534087156067094,-0.00392714159540854,5.13957649207213e-05,5.36934769039791e-05,2.13580150112433e-05,-0.00854386937127761,0.0106276379042629,1,0.934999999999794,0.900000000000546,0.0349999999992481,4839.968,34.9999999992481,1,0,0,1,final10,0.913660325680738,65.6699194586303,0.0383074530167114,85632.7291489993,85632.7291489993
2422817,2422817,NaN,23,3.60961908266394,122.270623209723,2423160,1.6248563865719,2425437,5.23999999999978,119.653385475105,-71.0710033850176,2423700,920,final,NA,NA,NaN,11.4503816793898,0.126126256544595,0.222153499178521,1,0,2422817,2423507,2423506,2424760,2423160,2423700,2.87209592274316,-1.76470662587005,0.686,0.386,2132.14279413235,2592.35483364708,1.378,2.506,NaN,2424761,NaN,1.352,87615.7815813323,109799.780391063,-0.0640669696741646,-0.0601842636752925,-0.00507211985086648,7.50553899323141e-05,5.24994111067297e-05,2.53410914778358e-05,-0.0096455362783124,0.013097914777273,1,0.911703056768497,0.872000000000298,0.0397030567681991,4845.634,39.7030567681991,1,0,1,1,final10,0.885985887794183,67.721168956066,0.0448122902578582,87615.7815813323,87615.7815813323
2425437,2425437,NaN,23,1.6248563865719,69.8738785124868,2425827,1.86966637574183,2428170,5.46600000000035,68.12661713133,-60.4054651932799,2426295,921,final,NA,NA,NaN,10.9769484083418,0.307423641230021,0.26599069882188,1,0,2425437,2426118,2426117,2426984,2425827,2426295,1.83631583414385,-1.40051414045929,0.78,0.354,1511.30038947257,1338.82289507748,1.36,1.732,NaN,2426985,NaN,2.37,63988.0274556405,56509.2894194004,-0.0358434373107988,-0.0502111354614372,-0.00511049371107059,3.55539980797651e-05,5.72910173206751e-05,2.61553695647594e-05,-0.00867704519000089,0.00713023041403837,1,0.926000000000386,0.873999999999796,0.0520000000005894,4850.874,52.0000000005894,1,0,0,1,final10,0.891017373951081,67.3387542758444,0.0583602537063932,63988.0274556405,63988.0274556405
2428170,2428170,NaN,23,1.86966637574183,77.5709896704391,2428556,10.3475949913147,2430425,4.51000000000022,71.4623589869108,-55.0938141191838,2429659,922,final,NA,NA,NaN,13.3037694013297,0.348003686474735,0.407637935745365,2,0,2428170,2428889,2428888,2430071,2428556,2429659,1.82294858133744,-1.37622600537881,0.772,1.54,1401.70566347544,1947.37008805636,1.436,2.364,NaN,2430072,NaN,0.706,54438.1933609469,74116.3505474618,-0.0363048397915592,-0.0210333225389661,-0.00447285910363578,3.81447527464328e-05,2.45821669031974e-05,2.327194828027e-05,-0.00279874576087688,0.00756211574076326,1,0.919365010799304,0.884000000000015,0.0353650107992893,4856.34,35.3650107992893,1,0,0,1,final10,0.900077333299885,66.6609387662575,0.0392910803226577,54438.1933609469,54438.1933609469
2430425,2430425,NaN,23,10.3475949913147,82.7151346319354,2430730,2.22267125461428,2432576,4.30199999999968,76.4300015089709,-53.6614665733567,2431297,923,final,NA,NA,NaN,13.9470013947012,0.351596688652405,0.436558689811132,1,0,2430425,2430982,2430981,2431900,2430730,2431297,2.11748418062592,-1.42282561634382,0.61,0.63,1334.57820146174,1367.99273060151,1.112,1.836,NaN,2431901,NaN,1.35,47580.4746986675,47302.5316924774,-0.0562785000406632,-0.0432793257263652,-0.00323747228803457,5.77613119394735e-05,3.57540922034821e-05,1.99951987293335e-05,-0.00705802170714331,0.00896549805098013,1,0.953999999999724,0.904000000000451,0.0499999999992724,4860.85,49.9999999992724,1,0,0,1,final10,0.919868929373892,65.2266840242543,0.054355570019421,47580.4746986675,47580.4746986675
2432576,2432576,NaN,23,2.22267125461428,130.902826184342,2432897,-2.08160486398315,2437415,9.67799999999988,130.832292989026,-94.9715050560026,2433942,924,final,NA,NA,NaN,6.19962802231874,0.347722437620106,0.432182466519139,3,0,2432576,2433255,2433254,2434421,2432897,2433942,3.23041430954641,-2.11193950534395,0.642,1.374,2190.02988705158,2629.63799743239,1.356,2.332,NaN,2434422,NaN,5.986,81658.0535436123,105363.64298563,-0.0759201994625271,-0.0366989759426887,-0.00485111520828464,9.39716920385296e-05,4.27281642725491e-05,3.26700598960186e-05,-0.00464334063806786,0.0153759959237709,1,0.957999999999629,0.844000000000051,0.113999999999578,4865.152,113.999999999578,1,0,0,1,final10,0.91347915512725,65.6829437904818,0.124797593201453,81658.0535436123,81658.0535436123
2437415,2437415,NaN,23,-2.08160486398315,28.2193348371256,2437771,-1.76334178772387,2439392,3.95399999999972,30.1418081629791,-44.1751909995515,2438213,925,final,NA,NA,NaN,15.1745068285291,0.362585309420477,0.423555423452272,2,0,2437415,2438011,2438010,2438522,2437771,2438213,0.785085228700974,-0.864529951515551,0.712,0.404,534.236372608206,542.245872828007,1.19,1.022,NaN,2438523,NaN,1.738,24464.8990833754,25167.3229906801,-0.0170656211349307,-0.0271173788049071,-0.00453531539020493,1.91091351795528e-05,3.17957594785975e-05,2.26620660702645e-05,-0.00464498926797122,0.00325069071475248,1,0.925948717948966,0.905999999999949,0.019948717949017,4874.83,19.948717949017,1,0,0,1,final10,0.917529882395074,65.3929655602922,0.0217417637635342,24464.8990833754,24464.8990833754
2439392,2439392,NaN,23,-1.76334178772387,140.533150214104,2439666,7.98388269595409,2442039,5.29400000000078,137.422879759989,-115.646301461298,2440800,926,final,NA,NA,NaN,11.3335851907804,0.357249574352204,0.476301095668628,2,0,2439392,2440127,2440126,2441399,2439666,2440800,2.7174408101229,-2.07824594770538,0.548,1.346,2406.8215278527,3015.06537801268,1.468,2.544,NaN,2441400,NaN,1.278,111979.545954878,154859.023822609,-0.0753923927639435,-0.0311865704845925,-0.00628885038067382,6.82833619011777e-05,4.24073520615597e-05,3.10163861973703e-05,-0.004600775308854,0.012783728342793,1,0.998131147540956,0.845999999999549,0.152131147541407,4878.784,152.131147541407,1,0,0,1,final10,0.905872565177369,66.2344818757725,0.167938795576196,111979.545954878,111979.545954878
2442039,2442039,NaN,23,7.98388269595409,116.698031466174,2442432,3.07157011241723,2444843,5.60799999999927,111.170305061988,-70.2788957719743,2442966,927,final,NA,NA,NaN,10.6990014265349,0.341706251562233,0.455727005180445,2,0,2442039,2442786,2442785,2444346,2442432,2442966,2.08674629939597,-1.24231261840715,0.786,0.36,1861.89958979676,2230.48549654589,1.492,3.12,NaN,2444347,NaN,0.992,96923.6071452879,123420.283371969,-0.0422573772028223,-0.0445269438355961,-0.00333889950673381,4.91328931184137e-05,4.77902957026673e-05,1.83055036923922e-05,-0.0072377461895885,0.00970898455391556,1,1,0.864542986425801,0.135457013574199,4884.078,135.457013574199,1,0,0,1,final10,0.917899281772459,65.3666488159139,0.147572850599286,96923.6071452879,96923.6071452879
2444843,2444843,NaN,23,3.07157011241723,80.7793405904193,2445246,11.4242899685977,2447126,4.56600000000071,73.5314105499119,-81.1010659756775,2446214,928,final,NA,NA,NaN,13.1406044678035,0.16158849007824,0.474932099196931,3,0,2444843,2445609,2445608,2446747,2445246,2446214,1.48105015563385,-1.28316985837472,0.806,1.21,1448.89776804292,1824.81462013622,1.53,2.276,NaN,2446748,NaN,0.756,84030.6278339102,108192.666566961,-0.0278189208392557,-0.0215976831030899,-0.00439552117529143,3.03207352238141e-05,3.26237477570427e-05,2.23883539914086e-05,-0.00350151371982408,0.00617526714646011,1,0.889999999999418,0.811999999999898,0.0779999999995198,4889.686,77.9999999995198,1,0,0,1,final10,0.845487374577281,70.9649863547617,0.0922544822606222,84030.6278339102,84030.6278339102
2447126,2447126,NaN,23,11.4242899685977,194.755434585579,2447431,10.7927034024242,2449502,4.7519999999995,183.646937900069,-98.4884243828844,2448493,929,final,NA,NA,NaN,12.626262626264,0.20660291600465,0.338588342899708,2,0,2447126,2447757,2447756,2449000,2447431,2448493,3.19225540541473,-1.61573677464108,0.61,1.472,2235.77969938964,2507.33756278628,1.26,2.486,NaN,2449001,NaN,1.002,127908.002503918,142997.275462541,-0.0801749685916294,-0.0325979203568829,-0.00451835973238664,0.000101278106998859,3.91780394888026e-05,2.65270393821484e-05,-0.00419480708085947,0.0157559093058834,1,0.877559550561518,0.826000000000022,0.0515595505614961,4894.252,51.5595505614961,1,0,0,1,final10,0.848445159318489,70.7175936370417,0.0607694557452731,127908.002503918,127908.002503918
2449502,2449502,NaN,23,10.7927034024242,98.7415796718939,2449903,3.14058235284827,2451998,4.99200000000019,91.7749367942577,-61.9806997330985,2450381,930,final,NA,NA,NaN,12.0192307692303,0.229479042278406,0.339044136982622,1,0,2449502,2450205,2450204,2451544,2449903,2450381,1.75082003393895,-1.13627563848899,0.802,0.352,1474.99898517045,1551.77334143542,1.404,2.678,NaN,2451545,NaN,0.906,83701.2625693409,91508.3767992824,-0.0342810355430185,-0.0427812298524891,-0.00260374136393285,3.18026749184503e-05,4.26571337069613e-05,1.41171312050701e-05,-0.00727275551572521,0.00630896265941105,1,0.882000000000323,0.844000000000051,0.0380000000002718,4899.004,38.0000000002718,1,0,0,1,final10,0.861314728923188,69.6609473693916,0.0441186000009303,83701.2625693409,83701.2625693409
2451998,2451998,NaN,23,3.14058235284827,167.653685264713,2452364,-3.83700214969885,2453721,3.44599999999991,168.001895163139,-75.5001110220126,2452847,931,final,NA,NA,NaN,17.4114915844462,0.235466919575753,0.366949812622293,1,0,2451998,2452600,2452599,2453378,2452364,2452847,2.3920901229252,-1.46073200469346,0.732,0.494,1462.27366600096,1439.07387225297,1.202,1.556,NaN,2453379,NaN,0.684,83414.5645568925,80401.6326054271,-0.05006801118492,-0.0554919120327895,-0.00393835019847085,6.33916169706714e-05,5.90208459062515e-05,2.69806057502401e-05,-0.00961852072413708,0.0118413472126608,1,0.901941309254783,0.863999999999578,0.0379413092552046,4903.996,37.9413092552046,1,0,0,1,final10,0.877118185103562,68.4058328957297,0.0432567810126121,83414.5645568925,83414.5645568925
2453721,2453721,NaN,23,-3.83700214969885,92.6506081992344,2454406,2.53375182467373,2457159,6.8760000000002,93.302233361747,-110.238366399708,2455231,932,final,NA,NA,NaN,8.72600349040114,0.227313352791164,0.401916024664576,2,0,2453721,2454732,2454731,2455796,2454406,2455231,1.7416699218171,-2.19976126516187,1.37,0.998,1701.45677934895,2516.91015811661,2.02,2.128,NaN,2455797,NaN,2.724,94814.9548856824,125294.643941704,-0.0191225849381776,-0.0340684270839849,-0.00538275111953683,2.01403687908832e-05,3.41953969233171e-05,2.52494518909639e-05,-0.00572685504008173,0.00648112842563919,1,0.970000000000255,0.871999999999389,0.0980000000008658,4907.442,98.0000000008658,1,0,0,1,final10,0.906495171076133,66.1889902058406,0.108108684003828,94814.9548856824,94814.9548856824
2457159,2457159,NaN,23,2.53375182467373,143.687801071684,2457492,3.16135995618528,2460486,6.65399999999954,140.840245181254,-67.6788667388529,2458123,933,final,NA,NA,NaN,9.01713255184913,0.292434178803172,0.346246443422977,1,0,2457159,2457938,2457937,2459700,2457492,2458123,2.67917402391226,-1.56391311757305,0.666,0.37,2246.91446181457,2781.72140235539,1.556,3.524,NaN,2459701,NaN,1.57,105037.864026748,132171.275952071,-0.0613080952079698,-0.0475871029446324,-0.00337019821947969,7.43959462675734e-05,5.36907910118439e-05,1.81067743468028e-05,-0.00702996514684885,0.012764651310619,1,0.975999999999658,0.884000000000015,0.0919999999996435,4914.318,91.9999999996435,1,0,0,1,final10,0.93203457626971,64.3752941442779,0.0987087843541769,105037.864026748,105037.864026748
2460486,2460486,NaN,23,3.16135995618528,90.9229487102848,2460838,5.42633381177722,2462866,4.76000000000022,86.6291018263036,-54.4709824353175,2461367,934,final,NA,NA,NaN,12.6050420168061,0.289147366486104,0.336660509451798,1,0,2460486,2461146,2461145,2462132,2460838,2461367,1.8828421626404,-1.16932566198305,0.704,0.442,1324.13926697122,1349.19364287514,1.318,1.972,NaN,2462133,NaN,1.466,58887.4362162878,64384.8769279468,-0.0409322490801809,-0.0401744766041812,-0.00242160229687515,4.66965970994966e-05,3.35903768097624e-05,1.90798617373639e-05,-0.00676375401897019,0.00840187802872605,1,0.961999999999976,0.909999999999854,0.0520000000001215,4920.972,52.0000000001215,1,0,0,1,final10,0.92828572051594,64.6352719577029,0.0560172356968068,58887.4362162878,58887.4362162878
2462866,2462866,NaN,23,5.42633381177722,62.6095045442748,2463311,5.89591731409061,2465400,5.06800000000021,56.9483789813409,-66.4898740550363,2463854,935,final,NA,NA,NaN,11.8389897395417,0.307044833542393,0.269469447610996,2,0,2462866,2463639,2463638,2464332,2463311,2463854,1.5516729680919,-1.57146802458157,0.89,0.43,1440.14618675031,1428.57162555784,1.544,1.386,NaN,2464333,NaN,2.134,63592.696099932,65396.7252226732,-0.026372823386765,-0.0419398880218475,-0.00641768434465699,2.8601487830206e-05,4.92266300778237e-05,2.94720786118856e-05,-0.00717106945959411,0.00647506776403417,1,0.966000000000349,0.91399999999976,0.0520000000005894,4925.732,52.0000000005894,1,0,0,1,final10,0.93562717116581,64.1281077004624,0.0555776933410306,63592.696099932,63592.696099932
2465400,2465400,NaN,23,5.89591731409061,131.060653041319,2465745,1.03040941316688,2469653,8.5059999999994,127.59748967769,-69.9474371976911,2466396,936,final,NA,NA,NaN,7.05384434516861,0.353215289463571,0.262332772545986,1,0,2465400,2466177,2466176,2467597,2465745,2466396,2.68299505979674,-1.56977293520867,0.69,0.438,2004.85433391771,2386.92008462954,1.552,2.84,NaN,2467598,NaN,4.11,91108.7521129221,114904.608752276,-0.059255853646027,-0.046757337481974,-0.00388947936328748,7.08321102604457e-05,5.44905804615416e-05,2.01148090100675e-05,-0.00669210412338133,0.0124676877419052,1,0.981999999999971,0.876000000000204,0.105999999999767,4930.8,105.999999999767,1,0,0,1,final10,0.928387395832744,64.6281932190401,0.11417647468672,91108.7521129221,91108.7521129221
2469653,2469653,NaN,23,1.03040941316688,103.848645348881,2470287,3.58646078158486,2472235,5.16400000000067,101.540210251505,-79.904524293288,2471012,937,final,NA,NA,NaN,11.6189000774578,0.347503859928113,0.342142764668762,2,0,2469653,2470585,2470584,2471731,2470287,2471012,1.49587438316059,-1.29954834339912,1.268,0.854,1423.45369443009,2018.78304971875,1.862,2.292,NaN,2471732,NaN,1.006,95830.4199359174,135067.274189674,-0.0176138261290388,-0.0281894807889527,-0.0045303566109191,1.52981869866643e-05,3.31219182684951e-05,2.10679599808986e-05,-0.00506119086220734,0.00528973844118058,1,0.981543788187458,0.841999999999643,0.139543788187814,4939.306,139.543788187814,1,0,0,1,final10,0.889180635786145,67.4778527390586,0.156935253166462,95830.4199359174,95830.4199359174
2472235,2472235,NaN,23,3.58646078158486,112.258699074245,2472649,7.26492476284947,2473777,3.08399999999983,106.833006302028,-117.28398379248,2473048,938,final,NA,NA,NaN,19.455252918289,0.339647051025858,0.392160597451815,2,0,2472235,2472847,2472846,2473525,2472649,2473048,1.88183690765312,-1.73230851183854,0.828,0.402,1303.98493824519,1406.02579397902,1.222,1.356,NaN,2473526,NaN,0.502,91980.1913925854,97390.0271233458,-0.0350448276869913,-0.0662123934151941,-0.00573322616823575,3.96043081420016e-05,7.50469597381719e-05,3.65053201029633e-05,-0.0113172575767553,0.00811387076566206,1,0.932000000000698,0.845933491686905,0.0860665083137935,4944.47,86.0665083137935,1,0,0,1,final10,0.895481875038233,67.0030311863524,0.096111949010826,91980.1913925854,91980.1913925854
2473777,2473777,NaN,23,7.26492476284947,122.708330675356,2474144,8.09078846390994,2475526,3.49799999999959,115.030474061976,-102.433100524163,2474492,939,final,NA,NA,NaN,17.1526586620946,0.339749931287791,0.312274712134996,1,0,2473777,2474305,2474304,2474885,2474144,2474492,1.78421109366664,-1.62691115907865,0.734,0.374,1161.6309009504,1111.04881184484,1.054,1.16,NaN,2474886,NaN,1.28,81238.735622559,79223.338675985,-0.0386320567171361,-0.0710216397225562,-0.00708293691991913,3.41857576682045e-05,8.36993612261809e-05,4.02861132474485e-05,-0.011807535107738,0.00718063746040665,1,0.931042918455005,0.797674074073852,0.133368844381152,4947.554,133.368844381152,1,0,0,1,final10,0.881182995046451,68.0902835589072,0.151352040530607,81238.735622559,81238.735622559
2475526,2475526,NaN,23,8.09078846390994,191.73482789275,2475887,16.6588395254689,2478598,6.14400000000023,179.360013898061,-145.291590779111,2476628,940,final,NA,NA,NaN,9.76562499999963,0.228306876679795,0.389638138159069,2,0,2475526,2476392,2476391,2478061,2475887,2476628,3.06471407508563,-2.15993449074188,0.722,0.472,3020.44718868808,4098.00235832541,1.73,3.338,NaN,2478062,NaN,1.072,202882.465011456,273483.093017954,-0.0643209338175422,-0.0497753402363556,-0.00496203586827213,8.00507289517718e-05,5.01080467348666e-05,2.07831135580241e-05,-0.00788755454789949,0.014668821082729,1,0.956000000000131,0.778000000000247,0.177999999999884,4951.052,177.999999999884,1,0,0,1,final10,0.878237037867727,68.318685517607,0.202678767035435,202882.465011456,202882.465011456
2478598,2478598,NaN,23,16.6588395254689,72.5464273300408,2479033,9.22917267848814,2481316,5.43599999999969,59.6024212280622,-87.9960055398516,2480018,941,final,NA,NA,NaN,11.0375275938196,0.234138021866293,0.389031629098633,4,0,2478598,2479406,2479405,2480586,2479033,2480018,1.31346414642462,-1.2149328786031,0.87,1.224,1484.08695106792,1674.24526296368,1.614,2.36,NaN,2480587,NaN,1.458,97266.922665891,113072.667716579,-0.0252829764988513,-0.0191515960686383,-0.00365094926787693,2.30223413160525e-05,2.73663680290889e-05,1.86568538672505e-05,-0.00303853177593459,0.00452190225070637,1,0.917053078556166,0.804000000000087,0.113053078556079,4957.196,113.053078556079,1,0,0,1,final10,0.855148863504612,70.1632225225736,0.132202805126536,97266.922665891,97266.922665891
2481316,2481316,NaN,23,9.22917267848814,117.234395366453,2481723,5.40494294948145,2483846,5.0600000000004,109.917337552468,-80.3612370892878,2482631,942,final,NA,NA,NaN,11.8577075098805,0.15967097257248,0.388247995821974,2,0,2481316,2482038,2482037,2483178,2481723,2482631,1.79857687992444,-1.18787863164485,0.814,1.186,1517.35197511118,1713.25395683844,1.442,2.28,NaN,2483179,NaN,1.334,97351.1388422775,110073.212893559,-0.0342121162943359,-0.0236085998661106,-0.00283947992278302,3.65537149334082e-05,2.69223774397287e-05,1.7375129786369e-05,-0.003666774946748,0.00749322366758687,1,1.03267450980407,0.86200000000008,0.170674509803987,4962.632,170.674509803987,1,0,0,1,final10,0.926248086533676,64.7774617538371,0.184264358853044,97351.1388422775,97351.1388422775
2483846,2483846,NaN,23,5.40494294948145,60.2311780314134,2484219,-1.31062954648593,2486430,5.16799999999967,58.1840213299156,-36.4812858262127,2484680,943,final,NA,NA,NaN,11.6099071207438,0.0814184281650588,0.458917112326845,4,0,2483846,2484463,2484462,2485179,2484219,2484680,1.06660429432526,-0.882214164218612,0.746,0.434,737.667170768654,712.021191536507,1.232,1.432,NaN,2485180,NaN,2.5,42141.0632891282,39094.2904467067,-0.0231420201649259,-0.030269085796602,-0.00248512691592554,2.52860907810715e-05,3.22007644893744e-05,1.81604787280566e-05,-0.00525496276854119,0.00482983356025268,1,1.05200000000059,0.884514285714298,0.167485714286291,4967.692,167.485714286291,1,0,0,1,final10,1.00466413419988,59.7214511372842,0.166708165032365,42141.0632891282,42141.0632891282
2486430,2486430,NaN,23,-1.31062954648593,104.367598314707,2486769,5.03005360667136,2489268,5.67600000000039,102.507886284614,-91.4503370384564,2487792,944,final,NA,NA,NaN,10.5708245243122,0.0660802843832542,0.443755614878376,4,0,2486430,2487208,2487207,2488520,2486769,2487792,1.9815853628505,-1.57574650182917,0.678,1.168,2005.05653098793,2590.72173957628,1.554,2.624,NaN,2488521,NaN,1.494,107068.836219248,145304.492405259,-0.0424282498629693,-0.0253650248806021,-0.00431244442774813,3.86646658839152e-05,3.06092375411288e-05,1.88944928719867e-05,-0.00445568849541488,0.00832277276523963,1,1.09799999999996,0.82799999999952,0.270000000000437,4972.86,270.000000000437,1,0,0,1,final10,0.939602332906648,63.8568018604112,0.287355608372315,107068.836219248,107068.836219248
2489268,2489268,NaN,23,5.03005360667136,117.041659770082,2489631,11.531916610246,2491860,5.1840000000002,108.760674661624,-65.4154539412716,2490811,945,final,NA,NA,NaN,11.5740740740736,0.0678766959338454,0.363802126342077,2,0,2489268,2490066,2490065,2491455,2489631,2490811,1.95363597555266,-1.20519311991071,0.726,1.49,1722.12400032002,2180.51234000056,1.594,2.778,NaN,2491456,NaN,0.808,94181.4247377866,122335.662542999,-0.0415043473261924,-0.0195542256778719,-0.00361723100807577,4.90732378220533e-05,2.68347209995867e-05,1.76499944985325e-05,-0.00288114001733502,0.00914311663633005,0,1.08301275045538,1.02199999999993,0.0610127504554474,4978.536,61.0127504554474,0,0,0,1,final10,1.06086187865442,56.5577868403595,0.057512435580054,94181.4247377866,94181.4247377866
2491860,2491860,NaN,23,11.531916610246,207.753207017026,2492168,13.8157244848976,2494283,4.84599999999955,195.079386469454,-94.6774400408838,2493223,946,final,NA,NA,NaN,12.3813454395389,0.10666566695178,0.368623569939773,1,0,2491860,2492528,2492527,2493744,2492168,2493223,3.1893401549679,-1.62786502940934,0.616,1.39,2213.19668519749,2426.34421016209,1.334,2.432,NaN,2493745,NaN,1.076,123539.951451323,142023.801281725,-0.0805423253552523,-0.0321151567343661,-0.00344499199237585,9.3404969141869e-05,3.43860201280377e-05,2.17640897053536e-05,-0.00437528560577855,0.0146855657565179,1,1.1260000000002,1.03799999999956,0.0880000000006476,4983.72,88.0000000006476,1,0,1,1,final10,1.08014673720589,55.5480083707953,0.081470412277766,123539.951451323,123539.951451323
2494283,2494283,NaN,23,13.8157244848976,173.988958285441,2494601,5.11669167201371,2497201,5.83600000000024,164.522750206985,-74.6350011323989,2495210,947,final,NA,NA,NaN,10.2810143934197,0.103268312719137,0.288516716281993,1,0,2494283,2494986,2494985,2496625,2494601,2495210,2.70997583539139,-1.25548919730306,0.636,0.448,1941.31907412008,2218.05451575564,1.404,3.278,NaN,2496626,NaN,1.15,112132.278904846,123208.466136168,-0.0670204851835426,-0.0446768997201671,-0.00257565104659043,7.51512286250611e-05,4.04130284524238e-05,1.40745264794859e-05,-0.00702852070726848,0.0121934567119952,1,1.05521492007093,0.955999999999221,0.0992149200717058,4988.566,99.2149200717058,1,0,1,1,final10,0.996759411001834,60.1950674733981,0.0995374801347356,112132.278904846,112132.278904846
2497201,2497201,NaN,23,5.11669167201371,125.25559508913,2497588,7.42577858684322,2499737,5.07200000000012,118.984359959702,-96.8252266249701,2498407,948,final,NA,NA,NaN,11.8296529968452,0.111815288723257,0.306681477784832,2,0,2497201,2497904,2497903,2498954,2497588,2498407,2.13691684662002,-1.6382280298338,0.774,1.006,1655.21275412812,2001.82238101176,1.404,2.1,NaN,2498955,NaN,1.564,93165.7947425658,110308.190570608,-0.0422384779506648,-0.0329662423857533,-0.00427667890755629,4.6652221103949e-05,3.37739263143834e-05,2.52660837399195e-05,-0.00530222159224097,0.00923248303109347,1,1.01200000000063,0.91399999999976,0.0980000000008658,4994.402,98.0000000008658,1,0,0,1,final10,0.953542600811196,62.923250569987,0.102774642598553,93165.7947425658,93165.7947425658
2499737,2499737,NaN,23,7.42577858684322,109.558790608735,2500338,2.7528218786953,2503008,6.54199999999946,104.469490375966,-73.9783440312276,2500760,949,final,NA,NA,NaN,9.17150718434805,0.121552516427389,0.372160188761158,1,0,2499737,2500584,2500583,2501936,2500338,2500760,2.32213958933452,-1.63491142507301,1.202,0.352,2050.65847583368,2438.6969487683,1.692,2.704,NaN,2501937,NaN,2.142,104557.111522803,120919.21504499,-0.0291112781619795,-0.0671749353274149,-0.0040200854614297,2.16364298521162e-05,7.73480024194204e-05,1.97355019348567e-05,-0.011711899715238,0.0063067489328934,1,1.01117391304408,0.926000000000386,0.0851739130436915,4999.474,85.1739130436915,1,0,1,1,final10,0.953731558330719,62.9107839369558,0.0893059606759456,104557.111522803,104557.111522803
2503008,2503008,NaN,23,2.7528218786953,104.390231404489,2503346,2.71925474800321,2505723,5.43000000000029,101.65419309114,-67.2758074349778,2503851,950,final,NA,NA,NaN,11.0497237569055,0.114273529718609,0.290337664628289,1,0,2503008,2503614,2503613,2504361,2503346,2503851,2.19458765134076,-1.58923743157683,0.676,0.474,1436.59138916118,1398.26456013757,1.21,1.494,NaN,2504362,NaN,2.722,62965.387846511,65883.733723133,-0.0498297782546204,-0.0530169712318002,-0.00461712615458525,5.86654071329662e-05,5.11421682637378e-05,2.56934990167218e-05,-0.00928279396103718,0.0100299727558875,1,0.989999999999782,0.938000000000102,0.0519999999996799,5006.016,51.9999999996799,1,0,1,1,final10,0.959658045495303,62.5222705959106,0.0541859678494556,62965.387846511,62965.387846511
2505723,2505723,NaN,23,2.71925474800321,91.5278747217595,2506197,1.08246884462564,2508181,4.91600000000017,89.627012925445,-93.7231615535921,2506541,951,final,NA,NA,NaN,12.2050447518303,0.130887367111747,0.168542430490384,1,0,2505723,2506364,2506363,2506957,2506197,2506541,2.11245196698414,-2.02327031858871,0.948,0.354,1256.97175452219,1357.06347103215,1.28,1.186,NaN,2506958,NaN,2.446,56553.9230842259,63303.7908505018,-0.0334084333034965,-0.0887399170911671,-0.00815286172504185,3.11541646474073e-05,0.000114906549568716,5.38049569962281e-05,-0.0147312389176138,0.00720799305126296,1,0.997999999999593,0.931999999999789,0.0659999999998035,5011.446,65.9999999998035,1,0,1,1,final10,0.963202556378708,62.2921934775363,0.068521412825086,56553.9230842259,56553.9230842259
2508181,2508181,NaN,23,1.08246884462564,68.2881438022848,2508734,2.60997662130717,2510561,4.76000000000022,66.4419210693184,-86.8432062227835,2509089,952,final,NA,NA,NaN,12.6050420168061,0.12858836523423,0.189068535806825,1,0,2508181,2508892,2508891,2509524,2508734,2509089,1.66118203014509,-1.89511111725075,1.106,0.394,1271.19614456162,1380.52558002398,1.42,1.264,NaN,2509525,NaN,2.072,56130.3019264126,64706.7193539593,-0.0221627036856978,-0.0737832839271011,-0.00715949056655797,2.39674034447883e-05,8.5585185377936e-05,4.34315912922237e-05,-0.0121648987048111,0.00621117092621049,1,1.00600000000031,0.961999999999534,0.0440000000007785,5016.362,44.0000000007785,1,0,1,1,final10,0.982920135448085,61.0425993284263,0.044764572841638,56130.3019264126,56130.3019264126
2510561,2510561,NaN,23,2.60997662130717,93.8127415955845,2511023,-0.130694218595189,2513451,5.77999999999975,92.5731003942285,-81.1613449816805,2511499,953,final,NA,NA,NaN,10.3806228373707,0.0895656348929645,0.208197703331506,1,0,2510561,2511301,2511300,2512430,2511023,2511499,2.16807621238798,-1.84152323159458,0.924,0.396,1937.02309180212,2250.22060033498,1.478,2.258,NaN,2512431,NaN,2.04,86984.267760343,105089.261576746,-0.0357846947285831,-0.0604089288438773,-0.00423646808906829,4.51392529958706e-05,6.36016568141283e-05,2.07961539453283e-05,-0.0101475756117327,0.00874185438965203,1,0.990413518886487,0.940000000000509,0.0504135188859778,5021.122,50.4135188859778,1,0,1,1,final10,0.966360963076867,62.0886007325478,0.0521684140939039,86984.267760343,86984.267760343
2513451,2513451,NaN,23,-0.130694218595189,97.8665095559008,2513999,5.16304317884242,2515715,4.52800000000025,95.3503350757772,-78.5513187028271,2514387,954,final,NA,NA,NaN,13.2508833922254,0.107228840341433,0.208604168242774,1,0,2513451,2514172,2514171,2515058,2513999,2514387,2.08761787711021,-1.6995634041011,1.096,0.43,1564.54695346991,1708.98259404365,1.44,1.772,NaN,2515059,NaN,1.312,72896.6986119657,83435.9832640218,-0.0281230610273652,-0.0705904011959744,-0.00439330275715931,2.24273567598069e-05,7.98035602392907e-05,2.64454212429795e-05,-0.011867087961117,0.0049810266590623,1,0.985999999999876,0.940000000000509,0.045999999999367,5026.902,45.999999999367,1,0,1,1,final10,0.964215354397521,62.2267626483612,0.0477071846964204,72896.6986119657,72896.6986119657
2515715,2515715,NaN,23,5.16304317884242,132.323030841213,2516043,4.77464270891131,2518425,5.42000000000007,127.354187897336,-71.6935045269625,2516590,955,final,NA,NA,NaN,11.0701107011069,0.10761654865695,0.233563622981746,2,0,2515715,2516381,2516380,2517732,2516043,2516590,2.67417380843234,-1.63169556358447,0.656,0.418,2020.00181789033,2759.31857434615,1.33,2.702,NaN,2517733,NaN,1.384,98598.5431720969,135755.407197349,-0.0619978762176184,-0.0552145085960151,-0.00442047013520099,7.05943360925543e-05,4.98722811032277e-05,2.44220858328358e-05,-0.00940033033641811,0.0116953942907447,0,0.979590263691587,0.900000000000546,0.0795902636910416,5031.43,79.5902636910416,0,0,0,1,final10,0.9366305698394,64.0594081936573,0.0849750865004209,98598.5431720969,98598.5431720969
2518425,2518425,NaN,23,4.77464270891131,82.0717534428208,2518953,5.839524429935,2521211,5.57199999999921,76.7646698733976,-71.5906697523991,2519313,956,final,NA,NA,NaN,10.7681263460173,0.117417491405315,0.334188640605228,3,0,2518425,2519147,2519146,2520388,2518953,2519313,1.8155065222594,-1.47415553410408,1.056,0.332,1715.78758548574,1944.71286931868,1.442,2.482,NaN,2520389,NaN,1.644,82370.162800135,92497.1969664931,-0.0264579627442104,-0.06621334142091,-0.00435912391820886,3.16144115231896e-05,7.57054723554541e-05,2.75892286569438e-05,-0.0111089839184632,0.00695695688426712,1,0.949500000000283,0.916712446351817,0.032787553648466,5036.85,32.787553648466,1,0,0,1,final10,0.936920625603453,64.0395764170045,0.0349950174566262,82370.162800135,82370.162800135
2521211,2521211,NaN,23,5.839524429935,107.246768018405,2521611,3.80793689923018,2523403,4.38400000000001,102.423037353823,-84.8787453869152,2522101,957,final,NA,NA,NaN,13.6861313868613,0.103912087711094,0.334223076976645,1,0,2521211,2521909,2521908,2522858,2521611,2522101,2.3517830940599,-1.92288369377434,0.8,0.384,1907.17519799526,2023.08774441082,1.394,1.898,NaN,2522859,NaN,1.088,88957.3259965579,92668.509407162,-0.0444631327726896,-0.0630317386635906,-0.00432412048058159,5.22113088836444e-05,6.76522189568035e-05,2.72514474509293e-05,-0.010704422466243,0.0106739739187158,1,0.930599137931054,0.890000000000327,0.0405991379307268,5042.422,40.5991379307268,1,0,1,1,final10,0.905586546762612,66.2554012253102,0.0448318695500335,88957.3259965579,88957.3259965579
2523403,2523403,NaN,23,3.80793689923018,74.7107477504471,2523774,3.2613117176382,2525845,4.88400000000001,71.1761234420129,-56.3852060585871,2524277,958,final,NA,NA,NaN,12.2850122850122,0.145596442209835,0.373646976458337,1,0,2523403,2524093,2524092,2524778,2523774,2524277,1.83048887025905,-1.43844872261416,0.742,0.368,1534.00740784497,1338.34320604869,1.378,1.37,NaN,2524779,NaN,2.132,67200.000440452,57533.9223678243,-0.0382785993507153,-0.0468100742221737,-0.00677136201153284,4.0798831881083e-05,5.25369255040667e-05,3.03073202647085e-05,-0.00803581291344771,0.00783333336526759,1,0.942000000000007,0.920025974025744,0.0219740259742629,5046.806,21.9740259742629,1,0,1,1,final10,0.933302955118458,64.2878067308643,0.0235443655822068,67200.000440452,67200.000440452
2525845,2525845,NaN,23,3.2613117176382,38.4133103800247,2526367,2.15810903347459,2528054,4.41800000000057,35.7036000044683,-58.134589320493,2526729,959,final,NA,NA,NaN,13.5808057944754,0.144003827581348,0.342899924369563,2,0,2525845,2526525,2526524,2527155,2526367,2526729,1.04662288015639,-1.44278790564724,1.044,0.408,887.044777660978,1008.75280687868,1.358,1.26,NaN,2527156,NaN,1.796,37800.8612531199,43249.3427616754,-0.0163083330985124,-0.0509239383860829,-0.00514283545416409,2.34189050690572e-05,6.55539084397439e-05,3.38708945238097e-05,-0.00849130646787707,0.00495301363155576,1,0.978000000000065,0.898000000000138,0.0799999999999272,5051.69,79.9999999999272,1,0,0,1,final10,0.927945309761997,64.6589829904836,0.0862119773205664,37800.8612531199,37800.8612531199
2528054,2528054,NaN,23,2.15810903347459,95.2394232381438,2528512,3.77901483800085,2530282,4.45600000000013,92.2708613024061,-56.9876626749904,2528931,960,final,NA,NA,NaN,13.4649910233389,0.138465687664178,0.438972315005691,1,0,2528054,2528748,2528747,2529803,2528512,2528931,2.06139891241758,-1.33604308607957,0.916,0.366,1481.20912318082,1529.40618983256,1.386,2.11,NaN,2529804,NaN,0.956,64830.0552694988,73869.289278865,-0.0345332971059581,-0.057770904604815,-0.00331230255744221,3.7765148660607e-05,6.45905037983864e-05,2.01962636409869e-05,-0.0100956399576421,0.00884298741431921,1,0.965345603271938,0.918695652173872,0.0466499510980665,5056.108,46.6499510980665,1,0,1,1,final10,0.940749037817502,63.7789650459781,0.0495880933413362,64830.0552694988,64830.0552694988
2530282,2530282,NaN,23,3.77901483800085,59.6912815155998,2530908,-0.281556200570449,2533446,6.32799999999952,57.9425521968846,-66.9775024223427,2531266,961,final,NA,NA,NaN,9.48166877370489,0.127878524529148,0.444845899478608,3,0,2530282,2531064,2531063,2531706,2530908,2531266,1.36000887383375,-1.53399964534668,1.252,0.404,1192.23876148737,1174.75070110064,1.562,1.284,NaN,2531707,NaN,3.478,56869.0985395789,55300.5224627058,-0.0187648936334816,-0.0595093740402309,-0.00601139303026569,3.75059692291563e-05,7.45149013957466e-05,3.59785326790783e-05,-0.00980128232612474,0.0049489764695072,1,0.997369696970146,0.909999999999854,0.0873696969702915,5060.564,87.3696969702915,1,0,0,1,final10,0.942920025375569,63.6321197824828,0.0926586503828803,56869.0985395789,56869.0985395789
2533446,2533446,NaN,23,-0.281556200570449,120.646838848027,2534014,12.6059824538234,2536057,5.22199999999975,114.484625721401,-96.7414681908001,2534989,962,final,NA,NA,NaN,11.4898506319423,0.130529981879762,0.466910135378086,2,0,2533446,2534406,2534405,2535398,2534014,2534989,2.2670277907523,-1.80586267955337,1.136,1.166,2259.08733722768,2559.6966364131,1.918,1.984,NaN,2535399,NaN,1.316,106921.15754898,133558.835839174,-0.0299705842928109,-0.0303392116308903,-0.00575885550338468,3.04508743330017e-05,3.9734409377328e-05,2.99501116772907e-05,-0.00508902284101482,0.00870046268406011,1,0.998000000000502,0.863999999999578,0.134000000000924,5066.892,134.000000000924,1,0,0,1,final10,0.910782518937581,65.8774172235864,0.147126231800357,106921.15754898,106921.15754898
2536057,2536057,NaN,23,12.6059824538234,164.971796975384,2536368,6.91260380709271,2538570,5.02600000000075,155.212503844926,-83.8005492136283,2536931,963,final,NA,NA,NaN,11.9379228014308,0.114316743724973,0.331503590457311,1,0,2536057,2536733,2536732,2538060,2536368,2536931,3.00102071480886,-1.51898746752964,0.622,0.396,2296.98854709494,2242.4303663771,1.35,2.654,NaN,2538061,NaN,1.018,116286.074171017,123910.361709971,-0.0758285197550321,-0.0556603809811441,-0.00371386098417222,8.59476868607157e-05,4.97677965475332e-05,2.07416127565862e-05,-0.00911950181598487,0.0136994987655781,1,0.978000000000065,0.927999999999884,0.0500000000001819,5072.114,50.0000000001819,1,0,1,1,final10,0.959342842837698,62.5428129765605,0.05211901081399,116286.074171017,116286.074171017
2538570,2538570,NaN,23,6.91260380709271,95.5718278865832,2539041,8.24395439930239,2541283,5.42599999999948,87.9935487833857,-59.0734527832961,2539540,964,final,NA,NA,NaN,11.0578695171408,0.0950711158533365,0.311084372051424,2,0,2538570,2539344,2539343,2540819,2539041,2539540,1.92284120726209,-1.04676112381253,0.942,0.392,1679.59361171025,1739.15214280614,1.546,2.95,NaN,2540820,NaN,0.926,90152.2320888241,100100.40696554,-0.0317049709717507,-0.0418513873269996,-0.00281036298252738,3.2822724464177e-05,4.26286912111563e-05,1.46591784347358e-05,-0.00730984012413042,0.0067266076291268,1,1.02599999999984,0.931999999999789,0.0940000000000509,5077.14,94.0000000000509,1,0,0,1,final10,0.978411930082052,61.3238638606627,0.096074053381757,90152.2320888241,90152.2320888241
2541283,2541283,NaN,23,8.24395439930239,173.574842367011,2541598,12.8900668696368,2543651,4.73599999999988,163.007831732541,-86.239472264498,2542618,965,final,NA,NA,NaN,12.6689189189192,0.0786499610889208,0.200488702531006,1,0,2541283,2542016,2542015,2543137,2541598,2542618,2.54267977442794,-1.44673900329409,0.63,1.204,1880.85730188844,1958.97818566359,1.464,2.242,NaN,2543138,NaN,1.026,105574.397959512,115566.001069693,-0.063359102991097,-0.0279638709613289,-0.00386311354437612,7.98619855579465e-05,3.56237225526946e-05,1.9435798695222e-05,-0.0040736465553717,0.0127836443232565,1,0.99550877192974,0.926000000000386,0.0695087719293546,5082.566,69.5087719293546,1,0,1,1,final10,0.944232370851622,63.5436804034634,0.0736140531452689,105574.397959512,105574.397959512
2543651,2543651,NaN,23,12.8900668696368,138.372106069296,2543978,7.40082325241804,2546294,5.28600000000006,128.226661008269,-66.4774734014248,2544575,966,final,NA,NA,NaN,11.3507377979567,0.0888771009516746,0.199772089327117,1,0,2543651,2544378,2544377,2545832,2543978,2544575,2.49754014471667,-1.17626133563589,0.654,0.394,2052.53199454067,1927.94074511779,1.452,2.908,NaN,2545833,NaN,0.922,105050.46826255,107854.083521049,-0.0615734077896204,-0.0425706250350292,-0.00339791279310172,6.56030025716054e-05,3.68456953083786e-05,1.53437595839565e-05,-0.00687975702057965,0.0108491011437741,1,0.987999999999374,0.898000000000138,0.089999999999236,5087.302,89.999999999236,1,0,1,1,final10,0.931298790402359,64.4261547618649,0.096639232141977,105050.46826255,105050.46826255
2546294,2546294,NaN,23,7.40082325241804,123.427144984311,2546675,6.21663671829923,2548831,5.07400000000052,116.618414998953,-91.4145500641341,2547750,967,final,NA,NA,NaN,11.8249901458403,0.131025639871551,0.316398849525027,2,0,2546294,2547067,2547066,2548250,2546675,2547750,2.28240905465013,-1.52328682970945,0.762,1.366,1948.68670846264,2052.31043663698,1.544,2.366,NaN,2548251,NaN,1.16,97398.1103454556,117257.396354665,-0.0478262539938717,-0.0253995095561625,-0.00344830021292701,4.45936275159581e-05,2.68769724629204e-05,2.26689898979014e-05,-0.00369978021092442,0.00860866894897239,1,0.982384615384062,0.886000000000422,0.0963846153836401,5092.588,96.3846153836401,1,0,0,1,final10,0.919142286942471,65.2782500080484,0.104863650332381,97398.1103454556,97398.1103454556
2548831,2548831,NaN,23,6.21663671829923,140.532706373523,2549137,-8.90423611901876,2551859,6.05599999999959,141.876506073883,-83.7293031000708,2550288,968,final,NA,NA,NaN,9.90752972258985,0.14040264352655,0.315235648088385,2,0,2548831,2549577,2549576,2550920,2549137,2550288,2.48423304062207,-1.5310507638208,0.612,1.422,1761.53611734648,2339.4913075282,1.49,2.686,NaN,2550921,NaN,1.876,82866.5056079185,124714.732558899,-0.0634640927560933,-0.025162128879638,-0.00276842008240684,7.38314933097246e-05,3.27665292477757e-05,1.98106824477646e-05,-0.00323420568690289,0.011413068522321,1,0.930000000000291,0.886000000000422,0.043999999999869,5097.662,43.999999999869,1,0,0,1,final10,0.908927605346472,66.0118579819442,0.0484086958532817,82866.5056079185,82866.5056079185
2551859,2551859,NaN,23,-8.90423611901876,106.981648609387,2552237,-7.60318032823855,2554222,4.72600000000057,115.235356833015,-121.46601363396,2552903,969,final,NA,NA,NaN,12.6957257723218,0.153351275314735,0.313227753539564,1,0,2551859,2552507,2552506,2553388,2552237,2552903,2.1964940195132,-2.28451587977951,0.756,0.792,1534.855591074,2478.77757053836,1.294,1.762,NaN,2553389,NaN,1.666,73633.6483458821,129013.60949663,-0.0460321418179369,-0.0472591767520654,-0.00482318056764424,5.89355066230413e-05,4.21472243788366e-05,2.62357285594669e-05,-0.00821548080139663,0.011371090841874,NaN,NaN,NaN,NaN,5103.718,NaN,0,0,0,1,final10,0.883596675422667,67.9042844647407,NaN,73633.6483458821,73633.6483458821
2554222,2554222,NaN,23,-7.60318032823855,52.2387108969834,2554641,8.62461155970664,2556199,3.95399999999972,51.7279952812493,-64.6747544576169,2555062,970,final,NA,NA,NaN,15.1745068285291,0.176058294807958,0.361283747585359,1,0,2554222,2554841,2554840,2555631,2554641,2555062,1.17666045939039,-1.20459580724633,0.838,0.442,774.76454525175,1037.72474092985,1.236,1.58,NaN,2555632,NaN,1.134,37696.6878444676,58071.8817732888,-0.0221907849076792,-0.0410135920556049,-0.00355321386765552,2.28220530239816e-05,4.57944807980399e-05,1.85017147868674e-05,-0.00712580104463052,0.00487678729863433,NaN,NaN,NaN,NaN,5108.444,NaN,0,0,0,1,final10,0.946185541977851,63.4125098493679,NaN,37696.6878444676,37696.6878444676
